{"cameraMode":{"drawMode":0,"name":"Shaded","section":"Shading Mode"},"sceneLighting":true,"audioPlay":false,"sceneViewState":{"m_AlwaysRefresh":false,"showFog":true,"showSkybox":true,"showFlares":true,"showImageEffects":true,"showParticleSystems":true,"showVisualEffectGraphs":true,"m_FxEnabled":true},"in2DMode":false,"pivot":{"x":-2.586712598800659,"y":-11.430529594421387,"z":51.53484344482422},"rotation":{"x":-0.11554528772830963,"y":0.01849442347884178,"z":-0.0019654983188956978,"w":-0.9932289123535156},"size":30.925106048583986,"orthographic":false}