{"cameraMode":{"drawMode":0,"name":"Shaded","section":"Shading Mode"},"sceneLighting":true,"audioPlay":false,"sceneViewState":{"m_AlwaysRefresh":false,"showFog":true,"showSkybox":true,"showFlares":true,"showImageEffects":true,"showParticleSystems":true,"showVisualEffectGraphs":true,"m_FxEnabled":true},"in2DMode":false,"pivot":{"x":1.1235697269439698,"y":1.6707700490951539,"z":-7.246881008148193},"rotation":{"x":0.0024962229654192926,"y":0.9685894846916199,"z":-0.009901821613311768,"w":0.24931947886943818},"size":3.7529337406158449,"orthographic":false}