Using pre-set license
Built from '2022.3/staging' branch; Version is '2022.3.10f1 (ff3792e53c62) revision 16725906'; Using compiler version '192829333'; Build Type 'Release'
OS: 'Windows 11  (10.0.22631) 64bit Core' Language: 'ja' Physical Memory: 16124 MB
BatchMode: 1, IsHumanControllingUs: 0, StartBugReporterOnCrash: 0, Is64bit: 1, IsPro: 1

COMMAND LINE ARGUMENTS:
C:\Program Files\Unity\Hub\Editor\2022.3.10f1\Editor\Unity.exe
-adb2
-batchMode
-noUpm
-name
AssetImportWorker0
-projectPath
C:/Users/rui02/unity_project/IVRC/IVRC
-logFile
Logs/AssetImportWorker0.log
-srvPort
50260
Successfully changed project path to: C:/Users/rui02/unity_project/IVRC/IVRC
C:/Users/rui02/unity_project/IVRC/IVRC
[UnityMemory] Configuration Parameters - Can be set up in boot.config
    "memorysetup-bucket-allocator-granularity=16"
    "memorysetup-bucket-allocator-bucket-count=8"
    "memorysetup-bucket-allocator-block-size=33554432"
    "memorysetup-bucket-allocator-block-count=8"
    "memorysetup-main-allocator-block-size=16777216"
    "memorysetup-thread-allocator-block-size=16777216"
    "memorysetup-gfx-main-allocator-block-size=16777216"
    "memorysetup-gfx-thread-allocator-block-size=16777216"
    "memorysetup-cache-allocator-block-size=4194304"
    "memorysetup-typetree-allocator-block-size=2097152"
    "memorysetup-profiler-bucket-allocator-granularity=16"
    "memorysetup-profiler-bucket-allocator-bucket-count=8"
    "memorysetup-profiler-bucket-allocator-block-size=33554432"
    "memorysetup-profiler-bucket-allocator-block-count=8"
    "memorysetup-profiler-allocator-block-size=16777216"
    "memorysetup-profiler-editor-allocator-block-size=1048576"
    "memorysetup-temp-allocator-size-main=16777216"
    "memorysetup-job-temp-allocator-block-size=2097152"
    "memorysetup-job-temp-allocator-block-size-background=1048576"
    "memorysetup-job-temp-allocator-reduction-small-platforms=262144"
    "memorysetup-allocator-temp-initial-block-size-main=262144"
    "memorysetup-allocator-temp-initial-block-size-worker=262144"
    "memorysetup-temp-allocator-size-background-worker=32768"
    "memorysetup-temp-allocator-size-job-worker=262144"
    "memorysetup-temp-allocator-size-preload-manager=33554432"
    "memorysetup-temp-allocator-size-nav-mesh-worker=65536"
    "memorysetup-temp-allocator-size-audio-worker=65536"
    "memorysetup-temp-allocator-size-cloud-worker=32768"
    "memorysetup-temp-allocator-size-gi-baking-worker=262144"
    "memorysetup-temp-allocator-size-gfx=262144"
Player connection [6616] Host "[IP] 192.168.11.222 [Port] 0 [Flags] 2 [Guid] 2308171094 [EditorId] 2308171094 [Version] 1048832 [Id] WindowsEditor(7,YamaguchiRui) [Debug] 1 [PackageName] WindowsEditor [ProjectName] Editor" joined multi-casting on [225.0.0.222:54997]...

Player connection [6616] Host "[IP] 192.168.11.222 [Port] 0 [Flags] 2 [Guid] 2308171094 [EditorId] 2308171094 [Version] 1048832 [Id] WindowsEditor(7,YamaguchiRui) [Debug] 1 [PackageName] WindowsEditor [ProjectName] Editor" joined alternative multi-casting on [225.0.0.222:34997]...

[Physics::Module] Initialized MultithreadedJobDispatcher with 19 workers.
Refreshing native plugins compatible for Editor in 13.94 ms, found 6 plugins.
Preloading 0 native plugins for Editor in 0.00 ms.
Initialize engine version: 2022.3.10f1 (ff3792e53c62)
[Subsystems] Discovering subsystems at path C:/Program Files/Unity/Hub/Editor/2022.3.10f1/Editor/Data/Resources/UnitySubsystems
[Subsystems] Discovering subsystems at path C:/Users/rui02/unity_project/IVRC/IVRC/Assets
GfxDevice: creating device client; threaded=0; jobified=0
Direct3D:
    Version:  Direct3D 11.0 [level 11.1]
    Renderer: NVIDIA GeForce RTX 3060 Laptop GPU (ID=0x2520)
    Vendor:   NVIDIA
    VRAM:     5996 MB
    Driver:   32.0.15.6081
Initialize mono
Mono path[0] = 'C:/Program Files/Unity/Hub/Editor/2022.3.10f1/Editor/Data/Managed'
Mono path[1] = 'C:/Program Files/Unity/Hub/Editor/2022.3.10f1/Editor/Data/MonoBleedingEdge/lib/mono/unityjit-win32'
Mono config path = 'C:/Program Files/Unity/Hub/Editor/2022.3.10f1/Editor/Data/MonoBleedingEdge/etc'
Using monoOptions --debugger-agent=transport=dt_socket,embedding=1,server=y,suspend=n,address=127.0.0.1:56448
Begin MonoManager ReloadAssembly
Registering precompiled unity dll's ...
Register platform support module: C:/Program Files/Unity/Hub/Editor/2022.3.10f1/Editor/Data/PlaybackEngines/WebGLSupport/UnityEditor.WebGL.Extensions.dll
Register platform support module: C:/Program Files/Unity/Hub/Editor/2022.3.10f1/Editor/Data/PlaybackEngines/WindowsStandaloneSupport/UnityEditor.WindowsStandalone.Extensions.dll
Registered in 0.006909 seconds.
- Loaded All Assemblies, in  0.328 seconds
Native extension for WindowsStandalone target not found
Native extension for WebGL target not found
Mono: successfully reloaded assembly
- Finished resetting the current domain, in  0.239 seconds
Domain Reload Profiling: 566ms
	BeginReloadAssembly (99ms)
		ExecutionOrderSort (0ms)
		DisableScriptedObjects (0ms)
		BackupInstance (0ms)
		ReleaseScriptingObjects (0ms)
		CreateAndSetChildDomain (1ms)
	RebuildCommonClasses (34ms)
	RebuildNativeTypeToScriptingClass (10ms)
	initialDomainReloadingComplete (53ms)
	LoadAllAssembliesAndSetupDomain (130ms)
		LoadAssemblies (97ms)
		RebuildTransferFunctionScriptingTraits (0ms)
		AnalyzeDomain (128ms)
			TypeCache.Refresh (126ms)
				TypeCache.ScanAssembly (115ms)
			ScanForSourceGeneratedMonoScriptInfo (0ms)
			ResolveRequiredComponents (0ms)
	FinalizeReload (239ms)
		ReleaseScriptCaches (0ms)
		RebuildScriptCaches (0ms)
		SetupLoadedEditorAssemblies (184ms)
			LogAssemblyErrors (0ms)
			InitializePlatformSupportModulesInManaged (9ms)
			SetLoadedEditorAssemblies (5ms)
			RefreshPlugins (0ms)
			BeforeProcessingInitializeOnLoad (2ms)
			ProcessInitializeOnLoadAttributes (122ms)
			ProcessInitializeOnLoadMethodAttributes (46ms)
			AfterProcessingInitializeOnLoad (0ms)
			EditorAssembliesLoaded (0ms)
		ExecutionOrderSort2 (0ms)
		AwakeInstancesAfterBackupRestoration (0ms)
========================================================================
Worker process is ready to serve import requests
Begin MonoManager ReloadAssembly
Symbol file data-0000018BFA11BEC0 doesn't match image C:\Users\rui02\unity_project\IVRC\IVRC\Library\ScriptAssemblies\UniHumanoid.Editor.dll
Symbol file LoadedFromMemory is not a mono symbol file
Symbol file data-0000018BFA11BEC0 doesn't match image C:\Users\rui02\unity_project\IVRC\IVRC\Library\ScriptAssemblies\Unity.XR.Management.dll
Symbol file LoadedFromMemory is not a mono symbol file
Symbol file data-0000018BFA11BEC0 doesn't match image C:\Users\rui02\unity_project\IVRC\IVRC\Library\ScriptAssemblies\UniHumanoid.Editor.Tests.dll
Symbol file LoadedFromMemory is not a mono symbol file
Symbol file data-0000018BD7F99F90 doesn't match image C:\Users\rui02\unity_project\IVRC\IVRC\Library\ScriptAssemblies\Unity.VisualEffectGraph.Runtime.dll
Symbol file LoadedFromMemory is not a mono symbol file
Symbol file data-0000018BD87B9040 doesn't match image C:\Users\rui02\unity_project\IVRC\IVRC\Library\ScriptAssemblies\Unity.RenderPipelines.Core.Runtime.dll
Symbol file LoadedFromMemory is not a mono symbol file
Symbol file data-0000018BD880D720 doesn't match image C:\Users\rui02\unity_project\IVRC\IVRC\Library\ScriptAssemblies\Unity.Burst.Editor.dll
Symbol file LoadedFromMemory is not a mono symbol file
Symbol file data-0000018BD7F99F90 doesn't match image C:\Users\rui02\unity_project\IVRC\IVRC\Library\ScriptAssemblies\SteamVR.dll
Symbol file LoadedFromMemory is not a mono symbol file
Symbol file data-0000018BFB045C90 doesn't match image C:\Users\rui02\unity_project\IVRC\IVRC\Library\ScriptAssemblies\VRMShaders.GLTF.UniUnlit.Runtime.dll
Symbol file LoadedFromMemory is not a mono symbol file
Symbol file data-0000018BFB045C90 doesn't match image C:\Users\rui02\unity_project\IVRC\IVRC\Library\ScriptAssemblies\SteamVR_Windows_EditorHelper.dll
Symbol file LoadedFromMemory is not a mono symbol file
Symbol file data-0000018BD7F99F90 doesn't match image C:\Users\rui02\unity_project\IVRC\IVRC\Library\ScriptAssemblies\UniGLTF.dll
Symbol file LoadedFromMemory is not a mono symbol file
Symbol file data-0000018BFB045C90 doesn't match image C:\Users\rui02\unity_project\IVRC\IVRC\Library\ScriptAssemblies\Unity.Rider.Editor.dll
Symbol file LoadedFromMemory is not a mono symbol file
Symbol file data-0000018BFB045C90 doesn't match image C:\Users\rui02\unity_project\IVRC\IVRC\Library\ScriptAssemblies\VRMShaders.VRM10.MToon10.Tests.dll
Symbol file LoadedFromMemory is not a mono symbol file
Symbol file data-0000018BFA7D5010 doesn't match image C:\Users\rui02\unity_project\IVRC\IVRC\Library\ScriptAssemblies\Unity.RenderPipelines.Core.Editor.dll
Symbol file LoadedFromMemory is not a mono symbol file
Symbol file data-0000018BD8452FE0 doesn't match image C:\Users\rui02\unity_project\IVRC\IVRC\Library\ScriptAssemblies\Unity.VisualEffectGraph.Editor.dll
Symbol file LoadedFromMemory is not a mono symbol file
Symbol file data-0000018BD83115E0 doesn't match image C:\Users\rui02\unity_project\IVRC\IVRC\Library\ScriptAssemblies\UnityEditor.TestRunner.dll
Symbol file LoadedFromMemory is not a mono symbol file
Symbol file data-0000018BD7F99F90 doesn't match image C:\Users\rui02\unity_project\IVRC\IVRC\Library\ScriptAssemblies\Unity.VisualScripting.Flow.dll
Symbol file LoadedFromMemory is not a mono symbol file
Symbol file data-0000018BFB04B8A0 doesn't match image C:\Users\rui02\unity_project\IVRC\IVRC\Library\ScriptAssemblies\Unity.Mathematics.Editor.dll
Symbol file LoadedFromMemory is not a mono symbol file
Symbol file data-0000018BFB04B8A0 doesn't match image C:\Users\rui02\unity_project\IVRC\IVRC\Library\ScriptAssemblies\Unity.TestTools.CodeCoverage.Editor.OpenCover.Mono.Reflection.dll
Symbol file LoadedFromMemory is not a mono symbol file
Symbol file data-0000018BFB04E8B0 doesn't match image C:\Users\rui02\unity_project\IVRC\IVRC\Library\ScriptAssemblies\VRMShaders.VRM10.MToon10.Editor.dll
Symbol file LoadedFromMemory is not a mono symbol file
Symbol file data-0000018BFB04E8B0 doesn't match image C:\Users\rui02\unity_project\IVRC\IVRC\Library\ScriptAssemblies\UniGLTF.Utils.dll
Symbol file LoadedFromMemory is not a mono symbol file
Symbol file data-0000018BFB04E8B0 doesn't match image C:\Users\rui02\unity_project\IVRC\IVRC\Library\ScriptAssemblies\Unity.RenderPipelines.HighDefinition.Config.Runtime.dll
Symbol file LoadedFromMemory is not a mono symbol file
Symbol file data-0000018BFA197430 doesn't match image C:\Users\rui02\unity_project\IVRC\IVRC\Library\ScriptAssemblies\MToon.Editor.dll
Symbol file LoadedFromMemory is not a mono symbol file
Symbol file data-0000018BFA197430 doesn't match image C:\Users\rui02\unity_project\IVRC\IVRC\Library\ScriptAssemblies\Unity.Performance.Profile-Analyzer.Editor.dll
Symbol file LoadedFromMemory is not a mono symbol file
Symbol file data-0000018BFA1A7440 doesn't match image C:\Users\rui02\unity_project\IVRC\IVRC\Library\ScriptAssemblies\Unity.RenderPipelines.Core.ShaderLibrary.dll
Symbol file LoadedFromMemory is not a mono symbol file
Symbol file data-0000018BD83289F0 doesn't match image C:\Users\rui02\unity_project\IVRC\IVRC\Library\ScriptAssemblies\Unity.XR.Management.Editor.dll
Symbol file LoadedFromMemory is not a mono symbol file
Symbol file data-0000018BD83289F0 doesn't match image C:\Users\rui02\unity_project\IVRC\IVRC\Library\ScriptAssemblies\VRMShaders.VRM.IO.Runtime.dll
Symbol file LoadedFromMemory is not a mono symbol file
Symbol file data-0000018BD83289F0 doesn't match image C:\Users\rui02\unity_project\IVRC\IVRC\Library\ScriptAssemblies\Unity.TestTools.CodeCoverage.Editor.dll
Symbol file LoadedFromMemory is not a mono symbol file
Symbol file data-0000018BFA038420 doesn't match image C:\Users\rui02\unity_project\IVRC\IVRC\Library\ScriptAssemblies\VRM.dll
Symbol file LoadedFromMemory is not a mono symbol file
Symbol file data-0000018BFA836C30 doesn't match image C:\Users\rui02\unity_project\IVRC\IVRC\Library\ScriptAssemblies\VRMShaders.GLTF.UniUnlit.Editor.dll
Symbol file LoadedFromMemory is not a mono symbol file
Symbol file data-0000018BFA836C30 doesn't match image C:\Users\rui02\unity_project\IVRC\IVRC\Library\ScriptAssemblies\PPv2URPConverters.dll
Symbol file LoadedFromMemory is not a mono symbol file
Symbol file data-0000018BFA836C30 doesn't match image C:\Users\rui02\unity_project\IVRC\IVRC\Library\ScriptAssemblies\Unity.XR.OpenVR.dll
Symbol file LoadedFromMemory is not a mono symbol file
Symbol file data-0000018BD83289F0 doesn't match image C:\Users\rui02\unity_project\IVRC\IVRC\Library\ScriptAssemblies\Unity.Settings.Editor.dll
Symbol file LoadedFromMemory is not a mono symbol file
Symbol file data-0000018BFA058430 doesn't match image C:\Users\rui02\unity_project\IVRC\IVRC\Library\ScriptAssemblies\Unity.TextMeshPro.dll
Symbol file LoadedFromMemory is not a mono symbol file
Symbol file data-0000018BFA841040 doesn't match image C:\Users\rui02\unity_project\IVRC\IVRC\Library\ScriptAssemblies\VRMShaders.VRM10.Format.Runtime.dll
Symbol file LoadedFromMemory is not a mono symbol file
Symbol file data-0000018BD7FBB1A0 doesn't match image C:\Users\rui02\unity_project\IVRC\IVRC\Library\ScriptAssemblies\Unity.Burst.CodeGen.dll
Symbol file LoadedFromMemory is not a mono symbol file
Symbol file data-0000018BD7FBB1A0 doesn't match image C:\Users\rui02\unity_project\IVRC\IVRC\Library\ScriptAssemblies\Unity.VSCode.Editor.dll
Symbol file LoadedFromMemory is not a mono symbol file
Symbol file data-0000018BFA487C20 doesn't match image C:\Users\rui02\unity_project\IVRC\IVRC\Library\ScriptAssemblies\UniGLTF.Editor.dll
Symbol file LoadedFromMemory is not a mono symbol file
Symbol file data-0000018BFA487C20 doesn't match image C:\Users\rui02\unity_project\IVRC\IVRC\Library\ScriptAssemblies\Unity.RenderPipelines.Universal.Editor.dll
Symbol file LoadedFromMemory is not a mono symbol file
Symbol file data-0000018BD84B43F0 doesn't match image C:\Users\rui02\unity_project\IVRC\IVRC\Library\ScriptAssemblies\Unity.RenderPipelines.HighDefinition.Editor.dll
Symbol file LoadedFromMemory is not a mono symbol file
Symbol file data-0000018BFA841040 doesn't match image C:\Users\rui02\unity_project\IVRC\IVRC\Library\ScriptAssemblies\VRM.Samples.Editor.Tests.dll
Symbol file LoadedFromMemory is not a mono symbol file
Symbol file data-0000018BFA841040 doesn't match image C:\Users\rui02\unity_project\IVRC\IVRC\Library\ScriptAssemblies\Unity.RenderPipelines.ShaderGraph.ShaderGraphLibrary.dll
Symbol file LoadedFromMemory is not a mono symbol file
Symbol file data-0000018BFA841040 doesn't match image C:\Users\rui02\unity_project\IVRC\IVRC\Library\ScriptAssemblies\Unity.EditorCoroutines.Editor.dll
Symbol file LoadedFromMemory is not a mono symbol file
Symbol file data-0000018BD7FBB1A0 doesn't match image C:\Users\rui02\unity_project\IVRC\IVRC\Library\ScriptAssemblies\FastSpringBone.dll
Symbol file LoadedFromMemory is not a mono symbol file
Symbol file data-0000018BFA487C20 doesn't match image C:\Users\rui02\unity_project\IVRC\IVRC\Library\ScriptAssemblies\Unity.TerrainTools.Editor.dll
Symbol file LoadedFromMemory is not a mono symbol file
Symbol file data-0000018BFA487C20 doesn't match image C:\Users\rui02\unity_project\IVRC\IVRC\Library\ScriptAssemblies\Unity.RenderPipelines.Universal.Runtime.dll
Symbol file LoadedFromMemory is not a mono symbol file
Symbol file data-0000018BD7FBB1A0 doesn't match image C:\Users\rui02\unity_project\IVRC\IVRC\Library\ScriptAssemblies\MToon.dll
Symbol file LoadedFromMemory is not a mono symbol file
Symbol file data-0000018BFA487C20 doesn't match image C:\Users\rui02\unity_project\IVRC\IVRC\Library\ScriptAssemblies\UniHumanoid.dll
Symbol file LoadedFromMemory is not a mono symbol file
Symbol file data-0000018BD84B43F0 doesn't match image C:\Users\rui02\unity_project\IVRC\IVRC\Library\ScriptAssemblies\Unity.Burst.dll
Symbol file LoadedFromMemory is not a mono symbol file
Symbol file data-0000018BD84B43F0 doesn't match image C:\Users\rui02\unity_project\IVRC\IVRC\Library\ScriptAssemblies\UnityEngine.XR.LegacyInputHelpers.dll
Symbol file LoadedFromMemory is not a mono symbol file
Symbol file data-0000018BD84C8400 doesn't match image C:\Users\rui02\unity_project\IVRC\IVRC\Library\ScriptAssemblies\UniGLTF.Tests.dll
Symbol file LoadedFromMemory is not a mono symbol file
Symbol file data-0000018BD84D3610 doesn't match image C:\Users\rui02\unity_project\IVRC\IVRC\Library\ScriptAssemblies\VRMShaders.GLTF.IO.Runtime.dll
Symbol file LoadedFromMemory is not a mono symbol file
Symbol file data-0000018BD84D3610 doesn't match image C:\Users\rui02\unity_project\IVRC\IVRC\Library\ScriptAssemblies\Unity.Timeline.Editor.dll
Symbol file LoadedFromMemory is not a mono symbol file
Symbol file data-0000018BD84D3610 doesn't match image C:\Users\rui02\unity_project\IVRC\IVRC\Library\ScriptAssemblies\Unity.VisualScripting.Shared.Editor.dll
Symbol file LoadedFromMemory is not a mono symbol file
Symbol file data-0000018BD84D3610 doesn't match image C:\Users\rui02\unity_project\IVRC\IVRC\Library\ScriptAssemblies\Unity.TerrainTools.dll
Symbol file LoadedFromMemory is not a mono symbol file
Symbol file data-0000018BD84D3610 doesn't match image C:\Users\rui02\unity_project\IVRC\IVRC\Library\ScriptAssemblies\Unity.PlasticSCM.Editor.dll
Symbol file LoadedFromMemory is not a mono symbol file
Symbol file data-0000018BD84D3610 doesn't match image C:\Users\rui02\unity_project\IVRC\IVRC\Library\ScriptAssemblies\Unity.CollabProxy.Editor.dll
Symbol file LoadedFromMemory is not a mono symbol file
Symbol file data-0000018BD84D3610 doesn't match image C:\Users\rui02\unity_project\IVRC\IVRC\Library\ScriptAssemblies\UnityEditor.SpatialTracking.dll
Symbol file LoadedFromMemory is not a mono symbol file
Symbol file data-0000018BD84F1420 doesn't match image C:\Users\rui02\unity_project\IVRC\IVRC\Library\ScriptAssemblies\UniVRM.Editor.dll
Symbol file LoadedFromMemory is not a mono symbol file
Symbol file data-0000018BFA273020 doesn't match image C:\Users\rui02\unity_project\IVRC\IVRC\Library\ScriptAssemblies\Unity.ShaderGraph.Editor.dll
Symbol file LoadedFromMemory is not a mono symbol file
Symbol file data-0000018BD850A430 doesn't match image C:\Users\rui02\unity_project\IVRC\IVRC\Library\ScriptAssemblies\Unity.VisualStudio.Editor.dll
Symbol file LoadedFromMemory is not a mono symbol file
Symbol file data-0000018BFA273020 doesn't match image C:\Users\rui02\unity_project\IVRC\IVRC\Library\ScriptAssemblies\UnityEditor.UI.dll
Symbol file LoadedFromMemory is not a mono symbol file
Symbol file data-0000018BFA273020 doesn't match image C:\Users\rui02\unity_project\IVRC\IVRC\Library\ScriptAssemblies\Unity.VisualScripting.Core.dll
Symbol file LoadedFromMemory is not a mono symbol file
Symbol file data-0000018BFA2DBDF0 doesn't match image C:\Users\rui02\unity_project\IVRC\IVRC\Library\ScriptAssemblies\SteamVR_Input_Editor.dll
Symbol file LoadedFromMemory is not a mono symbol file
Symbol file data-0000018BD7A098C0 doesn't match image C:\Users\rui02\unity_project\IVRC\IVRC\Library\ScriptAssemblies\Unity.VisualScripting.Core.Editor.dll
Symbol file LoadedFromMemory is not a mono symbol file
Symbol file data-0000018BD8522240 doesn't match image C:\Users\rui02\unity_project\IVRC\IVRC\Library\ScriptAssemblies\UnityEngine.SpatialTracking.dll
Symbol file LoadedFromMemory is not a mono symbol file
Symbol file data-0000018BD7A098C0 doesn't match image C:\Users\rui02\unity_project\IVRC\IVRC\Library\ScriptAssemblies\UnityEngine.UI.dll
Symbol file LoadedFromMemory is not a mono symbol file
Symbol file data-0000018BD8522240 doesn't match image C:\Users\rui02\unity_project\IVRC\IVRC\Library\ScriptAssemblies\VRMShaders.GLTF.IO.Tests.dll
Symbol file LoadedFromMemory is not a mono symbol file
Symbol file data-0000018BD8522240 doesn't match image C:\Users\rui02\unity_project\IVRC\IVRC\Library\ScriptAssemblies\UnityEditor.XR.LegacyInputHelpers.dll
Symbol file LoadedFromMemory is not a mono symbol file
Symbol file data-0000018BD8522240 doesn't match image C:\Users\rui02\unity_project\IVRC\IVRC\Library\ScriptAssemblies\SteamVR_Editor.dll
Symbol file LoadedFromMemory is not a mono symbol file
Symbol file data-0000018BD7A5C6D0 doesn't match image C:\Users\rui02\unity_project\IVRC\IVRC\Library\ScriptAssemblies\Unity.VisualScripting.Flow.Editor.dll
Symbol file LoadedFromMemory is not a mono symbol file
Symbol file data-0000018BD8522240 doesn't match image C:\Users\rui02\unity_project\IVRC\IVRC\Library\ScriptAssemblies\Unity.RenderPipeline.Universal.ShaderLibrary.dll
Symbol file LoadedFromMemory is not a mono symbol file
Symbol file data-0000018BD7D3EE70 doesn't match image C:\Users\rui02\unity_project\IVRC\IVRC\Library\ScriptAssemblies\Unity.Timeline.dll
Symbol file LoadedFromMemory is not a mono symbol file
Symbol file data-0000018BFA2EC810 doesn't match image C:\Users\rui02\unity_project\IVRC\IVRC\Library\ScriptAssemblies\Unity.XR.OpenVR.Editor.dll
Symbol file LoadedFromMemory is not a mono symbol file
Symbol file data-0000018BFA2F1420 doesn't match image C:\Users\rui02\unity_project\IVRC\IVRC\Library\ScriptAssemblies\VRMShaders.VRM10.MToon10.Runtime.dll
Symbol file LoadedFromMemory is not a mono symbol file
Symbol file data-0000018BFA2F5C30 doesn't match image C:\Users\rui02\unity_project\IVRC\IVRC\Library\ScriptAssemblies\Unity.VisualScripting.SettingsProvider.Editor.dll
Symbol file LoadedFromMemory is not a mono symbol file
Symbol file data-0000018BD7D45880 doesn't match image C:\Users\rui02\unity_project\IVRC\IVRC\Library\ScriptAssemblies\Unity.TestTools.CodeCoverage.Editor.OpenCover.Model.dll
Symbol file LoadedFromMemory is not a mono symbol file
Symbol file data-0000018BFA2F5C30 doesn't match image C:\Users\rui02\unity_project\IVRC\IVRC\Library\ScriptAssemblies\VRMShaders.GLTF.IO.Editor.dll
Symbol file LoadedFromMemory is not a mono symbol file
Symbol file data-0000018BD7AA12F0 doesn't match image C:\Users\rui02\unity_project\IVRC\IVRC\Library\ScriptAssemblies\UnityEngine.TestRunner.dll
Symbol file LoadedFromMemory is not a mono symbol file
Symbol file data-0000018BD7D45880 doesn't match image C:\Users\rui02\unity_project\IVRC\IVRC\Library\ScriptAssemblies\Unity.VisualScripting.State.Editor.dll
Symbol file LoadedFromMemory is not a mono symbol file
Symbol file data-0000018BFBB53370 doesn't match image C:\Users\rui02\unity_project\IVRC\IVRC\Library\ScriptAssemblies\Unity.Mathematics.dll
Symbol file LoadedFromMemory is not a mono symbol file
Symbol file data-0000018BFA2F7C40 doesn't match image C:\Users\rui02\unity_project\IVRC\IVRC\Library\ScriptAssemblies\Unity.RenderPipelines.Universal.Shaders.dll
Symbol file LoadedFromMemory is not a mono symbol file
Symbol file data-0000018BFBB8BD80 doesn't match image C:\Users\rui02\unity_project\IVRC\IVRC\Library\ScriptAssemblies\Unity.TextMeshPro.Editor.dll
Symbol file LoadedFromMemory is not a mono symbol file
Symbol file data-0000018BD7B79520 doesn't match image C:\Users\rui02\unity_project\IVRC\IVRC\Library\ScriptAssemblies\Unity.Searcher.Editor.dll
Symbol file LoadedFromMemory is not a mono symbol file
Symbol file data-0000018BFBB8BD80 doesn't match image C:\Users\rui02\unity_project\IVRC\IVRC\Library\ScriptAssemblies\Unity.VisualScripting.State.dll
Symbol file LoadedFromMemory is not a mono symbol file
Symbol file data-0000018BD7D4D890 doesn't match image C:\Users\rui02\unity_project\IVRC\IVRC\Library\ScriptAssemblies\Unity.ShaderGraph.Utilities.dll
Symbol file LoadedFromMemory is not a mono symbol file
Symbol file data-0000018BFBBF0BB0 doesn't match image C:\Users\rui02\unity_project\IVRC\IVRC\Library\ScriptAssemblies\Unity.RenderPipelines.HighDefinition.Runtime.dll
Symbol file LoadedFromMemory is not a mono symbol file
Symbol file data-0000018BFBBF99C0 doesn't match image C:\Users\rui02\unity_project\IVRC\IVRC\Library\ScriptAssemblies\VRM.Tests.dll
Symbol file LoadedFromMemory is not a mono symbol file
- Loaded All Assemblies, in  0.829 seconds
Refreshing native plugins compatible for Editor in 5.43 ms, found 6 plugins.
Native extension for WindowsStandalone target not found
Native extension for WebGL target not found
Package Manager log level set to [2]
[Package Manager] Server::EnsureServerProcessIsRunning -- launch failed, reason: Unity was launched with the -noUpm command-line argument
[Package Manager] UpmClient::Send -- Unable to send message (not connected to UPM process).
[Package Manager] Cannot connect to Unity Package Manager local server
[Package Manager] Server::EnsureServerProcessIsRunning -- launch failed, reason: Unity was launched with the -noUpm command-line argument
[Package Manager] UpmClient::Send -- Unable to send message (not connected to UPM process).
[Package Manager] Cannot connect to Unity Package Manager local server
Mono: successfully reloaded assembly
[Package Manager] Server::EnsureServerProcessIsRunning -- launch failed, reason: Unity was launched with the -noUpm command-line argument
[Package Manager] UpmClient::Send -- Unable to send message (not connected to UPM process).
[Package Manager] Cannot connect to Unity Package Manager local server
[Package Manager] Server::EnsureServerProcessIsRunning -- launch failed, reason: Unity was launched with the -noUpm command-line argument
[Package Manager] UpmClient::Send -- Unable to send message (not connected to UPM process).
[Package Manager] Cannot connect to Unity Package Manager local server
- Finished resetting the current domain, in  0.906 seconds
Domain Reload Profiling: 1732ms
	BeginReloadAssembly (133ms)
		ExecutionOrderSort (0ms)
		DisableScriptedObjects (5ms)
		BackupInstance (0ms)
		ReleaseScriptingObjects (0ms)
		CreateAndSetChildDomain (19ms)
	RebuildCommonClasses (30ms)
	RebuildNativeTypeToScriptingClass (11ms)
	initialDomainReloadingComplete (38ms)
	LoadAllAssembliesAndSetupDomain (613ms)
		LoadAssemblies (372ms)
		RebuildTransferFunctionScriptingTraits (0ms)
		AnalyzeDomain (319ms)
			TypeCache.Refresh (259ms)
				TypeCache.ScanAssembly (239ms)
			ScanForSourceGeneratedMonoScriptInfo (41ms)
			ResolveRequiredComponents (15ms)
	FinalizeReload (906ms)
		ReleaseScriptCaches (0ms)
		RebuildScriptCaches (0ms)
		SetupLoadedEditorAssemblies (677ms)
			LogAssemblyErrors (0ms)
			InitializePlatformSupportModulesInManaged (7ms)
			SetLoadedEditorAssemblies (6ms)
			RefreshPlugins (0ms)
			BeforeProcessingInitializeOnLoad (103ms)
			ProcessInitializeOnLoadAttributes (520ms)
			ProcessInitializeOnLoadMethodAttributes (36ms)
			AfterProcessingInitializeOnLoad (5ms)
			EditorAssembliesLoaded (0ms)
		ExecutionOrderSort2 (0ms)
		AwakeInstancesAfterBackupRestoration (6ms)
Launched and connected shader compiler UnityShaderCompiler.exe after 0.05 seconds
Refreshing native plugins compatible for Editor in 5.99 ms, found 6 plugins.
Preloading 0 native plugins for Editor in 0.00 ms.
Unloading 8121 Unused Serialized files (Serialized files now loaded: 0)
Unloading 263 unused Assets / (14.9 MB). Loaded Objects now: 8494.
Memory consumption went from 356.8 MB to 341.9 MB.
Total: 6.793100 ms (FindLiveObjects: 0.466900 ms CreateObjectMapping: 0.342300 ms MarkObjects: 3.107400 ms  DeleteObjects: 2.875600 ms)

AssetImportParameters requested are different than current active one (requested -> active):
  custom:container-demuxer-ogg: 62fdf1f143b41e24485cea50d1cbac27 -> 
  custom:framework-win-MediaFoundation: 216162199b28c13a410421893ffa2e32 -> 
  custom:container-muxer-webm: aa71ff27fc2769a1b78a27578f13a17b -> 
  custom:video-decoder-webm-vp8: 9c59270c3fd7afecdb556c50c9e8de78 -> 
  custom:SearchIndexIgnoredProperties: e643bd26f0fe6173181afceb89e7c659 -> 
  custom:AudioImporter_EditorPlatform: d09bf68614088b80899f8185d706f6e7 -> 
  custom:audio-decoder-ogg-vorbis: bf7c407c2cedff20999df2af8eb42d56 -> 
  custom:audio-encoder-webm-vorbis: bf7c407c2cedff20999df2af8eb42d56 -> 
  custom:video-codec-MediaFoundation-h265: 746d11721c4dcdbdad8f713fa42b33f4 -> 
  custom:video-decoder-ogg-theora: a1e56fd34408186e4bbccfd4996cb3dc -> 
  custom:CustomObjectIndexerAttribute: a3ef5dd2817f97addfee359851a9dba5 -> 
  custom:container-demuxer-webm: 4f35f7cbe854078d1ac9338744f61a02 -> 
  custom:video-encoder-webm-vp8: eb34c28f22e8b96e1ab97ce403110664 -> 
========================================================================
Received Import Request.
  Time since last request: 337441.331684 seconds.
  path: Assets/Scripts/UI_Display.cs
  artifactKey: Guid(26914a6e98c580140beb2561d4c684d2) Importer(815301076,1909f56bfc062723c751e8b465ee728b)
Start importing Assets/Scripts/UI_Display.cs using Guid(26914a6e98c580140beb2561d4c684d2) Importer(815301076,1909f56bfc062723c751e8b465ee728b)  -> (artifact id: '19db8aa3ce0df1eea25656f7ab204ed4') in 0.002389 seconds
Number of updated asset objects reloaded before import = 0
Number of asset objects unloaded after import = 0
========================================================================
Received Import Request.
  Time since last request: 43.448765 seconds.
  path: Assets/Scripts/UI_Display.cs
  artifactKey: Guid(26914a6e98c580140beb2561d4c684d2) Importer(815301076,1909f56bfc062723c751e8b465ee728b)
Start importing Assets/Scripts/UI_Display.cs using Guid(26914a6e98c580140beb2561d4c684d2) Importer(815301076,1909f56bfc062723c751e8b465ee728b)  -> (artifact id: '3e208f35cdbe8e27a567342ecb065e75') in 0.000738 seconds
Number of updated asset objects reloaded before import = 0
Number of asset objects unloaded after import = 0
========================================================================
Received Prepare
Begin MonoManager ReloadAssembly
Symbol file data-0000018BF9E1D010 doesn't match image C:\Users\rui02\unity_project\IVRC\IVRC\Library\ScriptAssemblies\UniHumanoid.Editor.dll
Symbol file LoadedFromMemory is not a mono symbol file
Symbol file data-0000018BF9E1D010 doesn't match image C:\Users\rui02\unity_project\IVRC\IVRC\Library\ScriptAssemblies\Unity.XR.Management.dll
Symbol file LoadedFromMemory is not a mono symbol file
Symbol file data-0000018BF9E1D010 doesn't match image C:\Users\rui02\unity_project\IVRC\IVRC\Library\ScriptAssemblies\UniHumanoid.Editor.Tests.dll
Symbol file LoadedFromMemory is not a mono symbol file
Symbol file data-0000018BFBA1FBA0 doesn't match image C:\Users\rui02\unity_project\IVRC\IVRC\Library\ScriptAssemblies\Unity.VisualEffectGraph.Runtime.dll
Symbol file LoadedFromMemory is not a mono symbol file
Symbol file data-0000018C05D39ED0 doesn't match image C:\Users\rui02\unity_project\IVRC\IVRC\Library\ScriptAssemblies\Unity.RenderPipelines.Core.Runtime.dll
Symbol file LoadedFromMemory is not a mono symbol file
Symbol file data-0000018BFB0DA010 doesn't match image C:\Users\rui02\unity_project\IVRC\IVRC\Library\ScriptAssemblies\Unity.Burst.Editor.dll
Symbol file LoadedFromMemory is not a mono symbol file
Symbol file data-0000018C0BB66800 doesn't match image C:\Users\rui02\unity_project\IVRC\IVRC\Library\ScriptAssemblies\SteamVR.dll
Symbol file LoadedFromMemory is not a mono symbol file
Symbol file data-0000018BF9E1D010 doesn't match image C:\Users\rui02\unity_project\IVRC\IVRC\Library\ScriptAssemblies\VRMShaders.GLTF.UniUnlit.Runtime.dll
Symbol file LoadedFromMemory is not a mono symbol file
Symbol file data-0000018BF9E1D010 doesn't match image C:\Users\rui02\unity_project\IVRC\IVRC\Library\ScriptAssemblies\SteamVR_Windows_EditorHelper.dll
Symbol file LoadedFromMemory is not a mono symbol file
Symbol file data-0000018C0BB66800 doesn't match image C:\Users\rui02\unity_project\IVRC\IVRC\Library\ScriptAssemblies\UniGLTF.dll
Symbol file LoadedFromMemory is not a mono symbol file
Symbol file data-0000018C05000080 doesn't match image C:\Users\rui02\unity_project\IVRC\IVRC\Library\ScriptAssemblies\Unity.Rider.Editor.dll
Symbol file LoadedFromMemory is not a mono symbol file
Symbol file data-0000018BF9E1D010 doesn't match image C:\Users\rui02\unity_project\IVRC\IVRC\Library\ScriptAssemblies\VRMShaders.VRM10.MToon10.Tests.dll
Symbol file LoadedFromMemory is not a mono symbol file
Symbol file data-0000018C0BB66800 doesn't match image C:\Users\rui02\unity_project\IVRC\IVRC\Library\ScriptAssemblies\Unity.RenderPipelines.Core.Editor.dll
Symbol file LoadedFromMemory is not a mono symbol file
Symbol file data-0000018C03D3D010 doesn't match image C:\Users\rui02\unity_project\IVRC\IVRC\Library\ScriptAssemblies\Unity.VisualEffectGraph.Editor.dll
Symbol file LoadedFromMemory is not a mono symbol file
Symbol file data-0000018C05AFF030 doesn't match image C:\Users\rui02\unity_project\IVRC\IVRC\Library\ScriptAssemblies\UnityEditor.TestRunner.dll
Symbol file LoadedFromMemory is not a mono symbol file
Symbol file data-0000018BF9FF7010 doesn't match image C:\Users\rui02\unity_project\IVRC\IVRC\Library\ScriptAssemblies\Unity.VisualScripting.Flow.dll
Symbol file LoadedFromMemory is not a mono symbol file
Symbol file data-0000018C04590020 doesn't match image C:\Users\rui02\unity_project\IVRC\IVRC\Library\ScriptAssemblies\Unity.Mathematics.Editor.dll
Symbol file LoadedFromMemory is not a mono symbol file
Symbol file data-0000018C04590020 doesn't match image C:\Users\rui02\unity_project\IVRC\IVRC\Library\ScriptAssemblies\Unity.TestTools.CodeCoverage.Editor.OpenCover.Mono.Reflection.dll
Symbol file LoadedFromMemory is not a mono symbol file
Symbol file data-0000018C04590020 doesn't match image C:\Users\rui02\unity_project\IVRC\IVRC\Library\ScriptAssemblies\VRMShaders.VRM10.MToon10.Editor.dll
Symbol file LoadedFromMemory is not a mono symbol file
Symbol file data-0000018C04590020 doesn't match image C:\Users\rui02\unity_project\IVRC\IVRC\Library\ScriptAssemblies\UniGLTF.Utils.dll
Symbol file LoadedFromMemory is not a mono symbol file
Symbol file data-0000018C04590020 doesn't match image C:\Users\rui02\unity_project\IVRC\IVRC\Library\ScriptAssemblies\Unity.RenderPipelines.HighDefinition.Config.Runtime.dll
Symbol file LoadedFromMemory is not a mono symbol file
Symbol file data-0000018C05C70030 doesn't match image C:\Users\rui02\unity_project\IVRC\IVRC\Library\ScriptAssemblies\MToon.Editor.dll
Symbol file LoadedFromMemory is not a mono symbol file
Symbol file data-0000018C06633020 doesn't match image C:\Users\rui02\unity_project\IVRC\IVRC\Library\ScriptAssemblies\Unity.Performance.Profile-Analyzer.Editor.dll
Symbol file LoadedFromMemory is not a mono symbol file
Symbol file data-0000018C05C70030 doesn't match image C:\Users\rui02\unity_project\IVRC\IVRC\Library\ScriptAssemblies\Unity.RenderPipelines.Core.ShaderLibrary.dll
Symbol file LoadedFromMemory is not a mono symbol file
Symbol file data-0000018BD7DDC020 doesn't match image C:\Users\rui02\unity_project\IVRC\IVRC\Library\ScriptAssemblies\Unity.XR.Management.Editor.dll
Symbol file LoadedFromMemory is not a mono symbol file
Symbol file data-0000018C05C70030 doesn't match image C:\Users\rui02\unity_project\IVRC\IVRC\Library\ScriptAssemblies\VRMShaders.VRM.IO.Runtime.dll
Symbol file LoadedFromMemory is not a mono symbol file
Symbol file data-0000018BFBA1FBA0 doesn't match image C:\Users\rui02\unity_project\IVRC\IVRC\Library\ScriptAssemblies\Unity.TestTools.CodeCoverage.Editor.dll
Symbol file LoadedFromMemory is not a mono symbol file
Symbol file data-0000018BFA10D0A0 doesn't match image C:\Users\rui02\unity_project\IVRC\IVRC\Library\ScriptAssemblies\VRM.dll
Symbol file LoadedFromMemory is not a mono symbol file
Symbol file data-0000018C05C70030 doesn't match image C:\Users\rui02\unity_project\IVRC\IVRC\Library\ScriptAssemblies\VRMShaders.GLTF.UniUnlit.Editor.dll
Symbol file LoadedFromMemory is not a mono symbol file
Symbol file data-0000018C05C70030 doesn't match image C:\Users\rui02\unity_project\IVRC\IVRC\Library\ScriptAssemblies\PPv2URPConverters.dll
Symbol file LoadedFromMemory is not a mono symbol file
Symbol file data-0000018BFBA1FBA0 doesn't match image C:\Users\rui02\unity_project\IVRC\IVRC\Library\ScriptAssemblies\Unity.XR.OpenVR.dll
Symbol file LoadedFromMemory is not a mono symbol file
Symbol file data-0000018C05C70030 doesn't match image C:\Users\rui02\unity_project\IVRC\IVRC\Library\ScriptAssemblies\Unity.Settings.Editor.dll
Symbol file LoadedFromMemory is not a mono symbol file
Symbol file data-0000018BFB448020 doesn't match image C:\Users\rui02\unity_project\IVRC\IVRC\Library\ScriptAssemblies\Unity.TextMeshPro.dll
Symbol file LoadedFromMemory is not a mono symbol file
Symbol file data-0000018C05C70030 doesn't match image C:\Users\rui02\unity_project\IVRC\IVRC\Library\ScriptAssemblies\VRMShaders.VRM10.Format.Runtime.dll
Symbol file LoadedFromMemory is not a mono symbol file
Symbol file data-0000018C040F1640 doesn't match image C:\Users\rui02\unity_project\IVRC\IVRC\Library\ScriptAssemblies\Unity.Burst.CodeGen.dll
Symbol file LoadedFromMemory is not a mono symbol file
Symbol file data-0000018C05C70030 doesn't match image C:\Users\rui02\unity_project\IVRC\IVRC\Library\ScriptAssemblies\Unity.VSCode.Editor.dll
Symbol file LoadedFromMemory is not a mono symbol file
Symbol file data-0000018BFA1A7440 doesn't match image C:\Users\rui02\unity_project\IVRC\IVRC\Library\ScriptAssemblies\UniGLTF.Editor.dll
Symbol file LoadedFromMemory is not a mono symbol file
Symbol file data-0000018C059CC440 doesn't match image C:\Users\rui02\unity_project\IVRC\IVRC\Library\ScriptAssemblies\Unity.RenderPipelines.Universal.Editor.dll
Symbol file LoadedFromMemory is not a mono symbol file
Symbol file data-0000018C054DC040 doesn't match image C:\Users\rui02\unity_project\IVRC\IVRC\Library\ScriptAssemblies\Unity.RenderPipelines.HighDefinition.Editor.dll
Symbol file LoadedFromMemory is not a mono symbol file
Symbol file data-0000018C05C70030 doesn't match image C:\Users\rui02\unity_project\IVRC\IVRC\Library\ScriptAssemblies\VRM.Samples.Editor.Tests.dll
Symbol file LoadedFromMemory is not a mono symbol file
Symbol file data-0000018C05C70030 doesn't match image C:\Users\rui02\unity_project\IVRC\IVRC\Library\ScriptAssemblies\Unity.RenderPipelines.ShaderGraph.ShaderGraphLibrary.dll
Symbol file LoadedFromMemory is not a mono symbol file
Symbol file data-0000018C05C70030 doesn't match image C:\Users\rui02\unity_project\IVRC\IVRC\Library\ScriptAssemblies\Unity.EditorCoroutines.Editor.dll
Symbol file LoadedFromMemory is not a mono symbol file
Symbol file data-0000018BFBF180A0 doesn't match image C:\Users\rui02\unity_project\IVRC\IVRC\Library\ScriptAssemblies\FastSpringBone.dll
Symbol file LoadedFromMemory is not a mono symbol file
Symbol file data-0000018C059CC440 doesn't match image C:\Users\rui02\unity_project\IVRC\IVRC\Library\ScriptAssemblies\Unity.TerrainTools.Editor.dll
Symbol file LoadedFromMemory is not a mono symbol file
Symbol file data-0000018BD8140010 doesn't match image C:\Users\rui02\unity_project\IVRC\IVRC\Library\ScriptAssemblies\Unity.RenderPipelines.Universal.Runtime.dll
Symbol file LoadedFromMemory is not a mono symbol file
Symbol file data-0000018BFA0EF030 doesn't match image C:\Users\rui02\unity_project\IVRC\IVRC\Library\ScriptAssemblies\MToon.dll
Symbol file LoadedFromMemory is not a mono symbol file
Symbol file data-0000018BFB048090 doesn't match image C:\Users\rui02\unity_project\IVRC\IVRC\Library\ScriptAssemblies\UniHumanoid.dll
Symbol file LoadedFromMemory is not a mono symbol file
Symbol file data-0000018C059CC440 doesn't match image C:\Users\rui02\unity_project\IVRC\IVRC\Library\ScriptAssemblies\Unity.Burst.dll
Symbol file LoadedFromMemory is not a mono symbol file
Symbol file data-0000018C032D1010 doesn't match image C:\Users\rui02\unity_project\IVRC\IVRC\Library\ScriptAssemblies\UnityEngine.XR.LegacyInputHelpers.dll
Symbol file LoadedFromMemory is not a mono symbol file
Symbol file data-0000018BFB048090 doesn't match image C:\Users\rui02\unity_project\IVRC\IVRC\Library\ScriptAssemblies\UniGLTF.Tests.dll
Symbol file LoadedFromMemory is not a mono symbol file
Symbol file data-0000018C032D1010 doesn't match image C:\Users\rui02\unity_project\IVRC\IVRC\Library\ScriptAssemblies\VRMShaders.GLTF.IO.Runtime.dll
Symbol file LoadedFromMemory is not a mono symbol file
Symbol file data-0000018C05782020 doesn't match image C:\Users\rui02\unity_project\IVRC\IVRC\Library\ScriptAssemblies\Unity.Timeline.Editor.dll
Symbol file LoadedFromMemory is not a mono symbol file
Symbol file data-0000018C03907E20 doesn't match image C:\Users\rui02\unity_project\IVRC\IVRC\Library\ScriptAssemblies\Unity.VisualScripting.Shared.Editor.dll
Symbol file LoadedFromMemory is not a mono symbol file
Symbol file data-0000018C03907E20 doesn't match image C:\Users\rui02\unity_project\IVRC\IVRC\Library\ScriptAssemblies\Unity.TerrainTools.dll
Symbol file LoadedFromMemory is not a mono symbol file
Symbol file data-0000018C059CC440 doesn't match image C:\Users\rui02\unity_project\IVRC\IVRC\Library\ScriptAssemblies\Unity.PlasticSCM.Editor.dll
Symbol file LoadedFromMemory is not a mono symbol file
Symbol file data-0000018C03907E20 doesn't match image C:\Users\rui02\unity_project\IVRC\IVRC\Library\ScriptAssemblies\Unity.CollabProxy.Editor.dll
Symbol file LoadedFromMemory is not a mono symbol file
Symbol file data-0000018C03907E20 doesn't match image C:\Users\rui02\unity_project\IVRC\IVRC\Library\ScriptAssemblies\UnityEditor.SpatialTracking.dll
Symbol file LoadedFromMemory is not a mono symbol file
Symbol file data-0000018BD851B7F0 doesn't match image C:\Users\rui02\unity_project\IVRC\IVRC\Library\ScriptAssemblies\UniVRM.Editor.dll
Symbol file LoadedFromMemory is not a mono symbol file
Symbol file data-0000018BFA5FA010 doesn't match image C:\Users\rui02\unity_project\IVRC\IVRC\Library\ScriptAssemblies\Unity.ShaderGraph.Editor.dll
Symbol file LoadedFromMemory is not a mono symbol file
Symbol file data-0000018BD7DDC020 doesn't match image C:\Users\rui02\unity_project\IVRC\IVRC\Library\ScriptAssemblies\Unity.VisualStudio.Editor.dll
Symbol file LoadedFromMemory is not a mono symbol file
Symbol file data-0000018BD7DDC020 doesn't match image C:\Users\rui02\unity_project\IVRC\IVRC\Library\ScriptAssemblies\UnityEditor.UI.dll
Symbol file LoadedFromMemory is not a mono symbol file
Symbol file data-0000018C04B0D040 doesn't match image C:\Users\rui02\unity_project\IVRC\IVRC\Library\ScriptAssemblies\Unity.VisualScripting.Core.dll
Symbol file LoadedFromMemory is not a mono symbol file
Symbol file data-0000018BD7DDC020 doesn't match image C:\Users\rui02\unity_project\IVRC\IVRC\Library\ScriptAssemblies\SteamVR_Input_Editor.dll
Symbol file LoadedFromMemory is not a mono symbol file
Symbol file data-0000018C03947050 doesn't match image C:\Users\rui02\unity_project\IVRC\IVRC\Library\ScriptAssemblies\Unity.VisualScripting.Core.Editor.dll
Symbol file LoadedFromMemory is not a mono symbol file
Symbol file data-0000018C03907E20 doesn't match image C:\Users\rui02\unity_project\IVRC\IVRC\Library\ScriptAssemblies\UnityEngine.SpatialTracking.dll
Symbol file LoadedFromMemory is not a mono symbol file
Symbol file data-0000018C05174030 doesn't match image C:\Users\rui02\unity_project\IVRC\IVRC\Library\ScriptAssemblies\UnityEngine.UI.dll
Symbol file LoadedFromMemory is not a mono symbol file
Symbol file data-0000018C03907E20 doesn't match image C:\Users\rui02\unity_project\IVRC\IVRC\Library\ScriptAssemblies\VRMShaders.GLTF.IO.Tests.dll
Symbol file LoadedFromMemory is not a mono symbol file
Symbol file data-0000018C05E0E010 doesn't match image C:\Users\rui02\unity_project\IVRC\IVRC\Library\ScriptAssemblies\UnityEditor.XR.LegacyInputHelpers.dll
Symbol file LoadedFromMemory is not a mono symbol file
Symbol file data-0000018C05E0E010 doesn't match image C:\Users\rui02\unity_project\IVRC\IVRC\Library\ScriptAssemblies\SteamVR_Editor.dll
Symbol file LoadedFromMemory is not a mono symbol file
Symbol file data-0000018C05174030 doesn't match image C:\Users\rui02\unity_project\IVRC\IVRC\Library\ScriptAssemblies\Unity.VisualScripting.Flow.Editor.dll
Symbol file LoadedFromMemory is not a mono symbol file
Symbol file data-0000018C03907E20 doesn't match image C:\Users\rui02\unity_project\IVRC\IVRC\Library\ScriptAssemblies\Unity.RenderPipeline.Universal.ShaderLibrary.dll
Symbol file LoadedFromMemory is not a mono symbol file
Symbol file data-0000018BFA10D0A0 doesn't match image C:\Users\rui02\unity_project\IVRC\IVRC\Library\ScriptAssemblies\Unity.Timeline.dll
Symbol file LoadedFromMemory is not a mono symbol file
Symbol file data-0000018C03907E20 doesn't match image C:\Users\rui02\unity_project\IVRC\IVRC\Library\ScriptAssemblies\Unity.XR.OpenVR.Editor.dll
Symbol file LoadedFromMemory is not a mono symbol file
Symbol file data-0000018C05E0E010 doesn't match image C:\Users\rui02\unity_project\IVRC\IVRC\Library\ScriptAssemblies\VRMShaders.VRM10.MToon10.Runtime.dll
Symbol file LoadedFromMemory is not a mono symbol file
Symbol file data-0000018C0655DE30 doesn't match image C:\Users\rui02\unity_project\IVRC\IVRC\Library\ScriptAssemblies\Unity.VisualScripting.SettingsProvider.Editor.dll
Symbol file LoadedFromMemory is not a mono symbol file
Symbol file data-0000018BD85E0C20 doesn't match image C:\Users\rui02\unity_project\IVRC\IVRC\Library\ScriptAssemblies\Unity.TestTools.CodeCoverage.Editor.OpenCover.Model.dll
Symbol file LoadedFromMemory is not a mono symbol file
Symbol file data-0000018BD85E0C20 doesn't match image C:\Users\rui02\unity_project\IVRC\IVRC\Library\ScriptAssemblies\VRMShaders.GLTF.IO.Editor.dll
Symbol file LoadedFromMemory is not a mono symbol file
Symbol file data-0000018BFA1A7440 doesn't match image C:\Users\rui02\unity_project\IVRC\IVRC\Library\ScriptAssemblies\UnityEngine.TestRunner.dll
Symbol file LoadedFromMemory is not a mono symbol file
Symbol file data-0000018BD7DDC020 doesn't match image C:\Users\rui02\unity_project\IVRC\IVRC\Library\ScriptAssemblies\Unity.VisualScripting.State.Editor.dll
Symbol file LoadedFromMemory is not a mono symbol file
Symbol file data-0000018C03C13010 doesn't match image C:\Users\rui02\unity_project\IVRC\IVRC\Library\ScriptAssemblies\Unity.Mathematics.dll
Symbol file LoadedFromMemory is not a mono symbol file
Symbol file data-0000018BFA2B0820 doesn't match image C:\Users\rui02\unity_project\IVRC\IVRC\Library\ScriptAssemblies\Unity.RenderPipelines.Universal.Shaders.dll
Symbol file LoadedFromMemory is not a mono symbol file
Symbol file data-0000018C0358FA70 doesn't match image C:\Users\rui02\unity_project\IVRC\IVRC\Library\ScriptAssemblies\Unity.TextMeshPro.Editor.dll
Symbol file LoadedFromMemory is not a mono symbol file
Symbol file data-0000018BD85E0C20 doesn't match image C:\Users\rui02\unity_project\IVRC\IVRC\Library\ScriptAssemblies\Unity.Searcher.Editor.dll
Symbol file LoadedFromMemory is not a mono symbol file
Symbol file data-0000018C04B45A50 doesn't match image C:\Users\rui02\unity_project\IVRC\IVRC\Library\ScriptAssemblies\Unity.VisualScripting.State.dll
Symbol file LoadedFromMemory is not a mono symbol file
Symbol file data-0000018BFA2B0820 doesn't match image C:\Users\rui02\unity_project\IVRC\IVRC\Library\ScriptAssemblies\Unity.ShaderGraph.Utilities.dll
Symbol file LoadedFromMemory is not a mono symbol file
Symbol file data-0000018C03DED040 doesn't match image C:\Users\rui02\unity_project\IVRC\IVRC\Library\ScriptAssemblies\Unity.RenderPipelines.HighDefinition.Runtime.dll
Symbol file LoadedFromMemory is not a mono symbol file
Symbol file data-0000018C040F1640 doesn't match image C:\Users\rui02\unity_project\IVRC\IVRC\Library\ScriptAssemblies\VRM.Tests.dll
Symbol file LoadedFromMemory is not a mono symbol file
- Loaded All Assemblies, in  0.543 seconds
Refreshing native plugins compatible for Editor in 6.36 ms, found 6 plugins.
Native extension for WindowsStandalone target not found
Native extension for WebGL target not found
[Package Manager] Server::EnsureServerProcessIsRunning -- launch failed, reason: Unity was launched with the -noUpm command-line argument
[Package Manager] UpmClient::Send -- Unable to send message (not connected to UPM process).
[Package Manager] Cannot connect to Unity Package Manager local server
[Package Manager] Server::EnsureServerProcessIsRunning -- launch failed, reason: Unity was launched with the -noUpm command-line argument
[Package Manager] UpmClient::Send -- Unable to send message (not connected to UPM process).
[Package Manager] Cannot connect to Unity Package Manager local server
Mono: successfully reloaded assembly
[Package Manager] Server::EnsureServerProcessIsRunning -- launch failed, reason: Unity was launched with the -noUpm command-line argument
[Package Manager] UpmClient::Send -- Unable to send message (not connected to UPM process).
[Package Manager] Cannot connect to Unity Package Manager local server
- Finished resetting the current domain, in  1.166 seconds
Domain Reload Profiling: 1706ms
	BeginReloadAssembly (152ms)
		ExecutionOrderSort (0ms)
		DisableScriptedObjects (3ms)
		BackupInstance (0ms)
		ReleaseScriptingObjects (0ms)
		CreateAndSetChildDomain (40ms)
	RebuildCommonClasses (30ms)
	RebuildNativeTypeToScriptingClass (11ms)
	initialDomainReloadingComplete (28ms)
	LoadAllAssembliesAndSetupDomain (318ms)
		LoadAssemblies (314ms)
		RebuildTransferFunctionScriptingTraits (0ms)
		AnalyzeDomain (81ms)
			TypeCache.Refresh (13ms)
				TypeCache.ScanAssembly (1ms)
			ScanForSourceGeneratedMonoScriptInfo (47ms)
			ResolveRequiredComponents (19ms)
	FinalizeReload (1167ms)
		ReleaseScriptCaches (0ms)
		RebuildScriptCaches (0ms)
		SetupLoadedEditorAssemblies (492ms)
			LogAssemblyErrors (0ms)
			InitializePlatformSupportModulesInManaged (6ms)
			SetLoadedEditorAssemblies (4ms)
			RefreshPlugins (0ms)
			BeforeProcessingInitializeOnLoad (83ms)
			ProcessInitializeOnLoadAttributes (372ms)
			ProcessInitializeOnLoadMethodAttributes (23ms)
			AfterProcessingInitializeOnLoad (5ms)
			EditorAssembliesLoaded (0ms)
		ExecutionOrderSort2 (0ms)
		AwakeInstancesAfterBackupRestoration (6ms)
Refreshing native plugins compatible for Editor in 4.67 ms, found 6 plugins.
Preloading 0 native plugins for Editor in 0.00 ms.
Unloading 7866 Unused Serialized files (Serialized files now loaded: 0)
Unloading 200 unused Assets / (14.8 MB). Loaded Objects now: 8510.
Memory consumption went from 299.1 MB to 284.3 MB.
Total: 5.501300 ms (FindLiveObjects: 0.420100 ms CreateObjectMapping: 0.320200 ms MarkObjects: 2.541600 ms  DeleteObjects: 2.218700 ms)

Prepare: number of updated asset objects reloaded= 0
AssetImportParameters requested are different than current active one (requested -> active):
  custom:container-demuxer-ogg: 62fdf1f143b41e24485cea50d1cbac27 -> 
  custom:framework-win-MediaFoundation: 216162199b28c13a410421893ffa2e32 -> 
  custom:container-muxer-webm: aa71ff27fc2769a1b78a27578f13a17b -> 
  custom:video-decoder-webm-vp8: 9c59270c3fd7afecdb556c50c9e8de78 -> 
  custom:SearchIndexIgnoredProperties: e643bd26f0fe6173181afceb89e7c659 -> 
  custom:AudioImporter_EditorPlatform: d09bf68614088b80899f8185d706f6e7 -> 
  custom:audio-decoder-ogg-vorbis: bf7c407c2cedff20999df2af8eb42d56 -> 
  custom:audio-encoder-webm-vorbis: bf7c407c2cedff20999df2af8eb42d56 -> 
  custom:video-codec-MediaFoundation-h265: 746d11721c4dcdbdad8f713fa42b33f4 -> 
  custom:video-decoder-ogg-theora: a1e56fd34408186e4bbccfd4996cb3dc -> 
  custom:CustomObjectIndexerAttribute: a3ef5dd2817f97addfee359851a9dba5 -> 
  custom:container-demuxer-webm: 4f35f7cbe854078d1ac9338744f61a02 -> 
  custom:video-encoder-webm-vp8: eb34c28f22e8b96e1ab97ce403110664 -> 
========================================================================
Received Prepare
Begin MonoManager ReloadAssembly
Symbol file data-0000018BD825E010 doesn't match image C:\Users\rui02\unity_project\IVRC\IVRC\Library\ScriptAssemblies\UniHumanoid.Editor.dll
Symbol file LoadedFromMemory is not a mono symbol file
Symbol file data-0000018BFB932010 doesn't match image C:\Users\rui02\unity_project\IVRC\IVRC\Library\ScriptAssemblies\Unity.XR.Management.dll
Symbol file LoadedFromMemory is not a mono symbol file
Symbol file data-0000018C03E60450 doesn't match image C:\Users\rui02\unity_project\IVRC\IVRC\Library\ScriptAssemblies\UniHumanoid.Editor.Tests.dll
Symbol file LoadedFromMemory is not a mono symbol file
Symbol file data-0000018BFBA1FBA0 doesn't match image C:\Users\rui02\unity_project\IVRC\IVRC\Library\ScriptAssemblies\Unity.VisualEffectGraph.Runtime.dll
Symbol file LoadedFromMemory is not a mono symbol file
Symbol file data-0000018C042A8010 doesn't match image C:\Users\rui02\unity_project\IVRC\IVRC\Library\ScriptAssemblies\Unity.RenderPipelines.Core.Runtime.dll
Symbol file LoadedFromMemory is not a mono symbol file
Symbol file data-0000018C05AFF030 doesn't match image C:\Users\rui02\unity_project\IVRC\IVRC\Library\ScriptAssemblies\Unity.Burst.Editor.dll
Symbol file LoadedFromMemory is not a mono symbol file
Symbol file data-0000018BD81E1030 doesn't match image C:\Users\rui02\unity_project\IVRC\IVRC\Library\ScriptAssemblies\SteamVR.dll
Symbol file LoadedFromMemory is not a mono symbol file
Symbol file data-0000018C03E60450 doesn't match image C:\Users\rui02\unity_project\IVRC\IVRC\Library\ScriptAssemblies\VRMShaders.GLTF.UniUnlit.Runtime.dll
Symbol file LoadedFromMemory is not a mono symbol file
Symbol file data-0000018C03E60450 doesn't match image C:\Users\rui02\unity_project\IVRC\IVRC\Library\ScriptAssemblies\SteamVR_Windows_EditorHelper.dll
Symbol file LoadedFromMemory is not a mono symbol file
Symbol file data-0000018BD81E1030 doesn't match image C:\Users\rui02\unity_project\IVRC\IVRC\Library\ScriptAssemblies\UniGLTF.dll
Symbol file LoadedFromMemory is not a mono symbol file
Symbol file data-0000018BFBA14010 doesn't match image C:\Users\rui02\unity_project\IVRC\IVRC\Library\ScriptAssemblies\Unity.Rider.Editor.dll
Symbol file LoadedFromMemory is not a mono symbol file
Symbol file data-0000018C03E60450 doesn't match image C:\Users\rui02\unity_project\IVRC\IVRC\Library\ScriptAssemblies\VRMShaders.VRM10.MToon10.Tests.dll
Symbol file LoadedFromMemory is not a mono symbol file
Symbol file data-0000018BD81E1030 doesn't match image C:\Users\rui02\unity_project\IVRC\IVRC\Library\ScriptAssemblies\Unity.RenderPipelines.Core.Editor.dll
Symbol file LoadedFromMemory is not a mono symbol file
Symbol file data-0000018C03D3D010 doesn't match image C:\Users\rui02\unity_project\IVRC\IVRC\Library\ScriptAssemblies\Unity.VisualEffectGraph.Editor.dll
Symbol file LoadedFromMemory is not a mono symbol file
Symbol file data-0000018BFB2CF010 doesn't match image C:\Users\rui02\unity_project\IVRC\IVRC\Library\ScriptAssemblies\UnityEditor.TestRunner.dll
Symbol file LoadedFromMemory is not a mono symbol file
Symbol file data-0000018C042A8010 doesn't match image C:\Users\rui02\unity_project\IVRC\IVRC\Library\ScriptAssemblies\Unity.VisualScripting.Flow.dll
Symbol file LoadedFromMemory is not a mono symbol file
Symbol file data-0000018BFB932010 doesn't match image C:\Users\rui02\unity_project\IVRC\IVRC\Library\ScriptAssemblies\Unity.Mathematics.Editor.dll
Symbol file LoadedFromMemory is not a mono symbol file
Symbol file data-0000018BFB932010 doesn't match image C:\Users\rui02\unity_project\IVRC\IVRC\Library\ScriptAssemblies\Unity.TestTools.CodeCoverage.Editor.OpenCover.Mono.Reflection.dll
Symbol file LoadedFromMemory is not a mono symbol file
Symbol file data-0000018BFB932010 doesn't match image C:\Users\rui02\unity_project\IVRC\IVRC\Library\ScriptAssemblies\VRMShaders.VRM10.MToon10.Editor.dll
Symbol file LoadedFromMemory is not a mono symbol file
Symbol file data-0000018C03E60450 doesn't match image C:\Users\rui02\unity_project\IVRC\IVRC\Library\ScriptAssemblies\UniGLTF.Utils.dll
Symbol file LoadedFromMemory is not a mono symbol file
Symbol file data-0000018C03E60450 doesn't match image C:\Users\rui02\unity_project\IVRC\IVRC\Library\ScriptAssemblies\Unity.RenderPipelines.HighDefinition.Config.Runtime.dll
Symbol file LoadedFromMemory is not a mono symbol file
Symbol file data-0000018BFB932010 doesn't match image C:\Users\rui02\unity_project\IVRC\IVRC\Library\ScriptAssemblies\MToon.Editor.dll
Symbol file LoadedFromMemory is not a mono symbol file
Symbol file data-0000018C03C99020 doesn't match image C:\Users\rui02\unity_project\IVRC\IVRC\Library\ScriptAssemblies\Unity.Performance.Profile-Analyzer.Editor.dll
Symbol file LoadedFromMemory is not a mono symbol file
Symbol file data-0000018BFB932010 doesn't match image C:\Users\rui02\unity_project\IVRC\IVRC\Library\ScriptAssemblies\Unity.RenderPipelines.Core.ShaderLibrary.dll
Symbol file LoadedFromMemory is not a mono symbol file
Symbol file data-0000018BD8079020 doesn't match image C:\Users\rui02\unity_project\IVRC\IVRC\Library\ScriptAssemblies\Unity.XR.Management.Editor.dll
Symbol file LoadedFromMemory is not a mono symbol file
Symbol file data-0000018BFB932010 doesn't match image C:\Users\rui02\unity_project\IVRC\IVRC\Library\ScriptAssemblies\VRMShaders.VRM.IO.Runtime.dll
Symbol file LoadedFromMemory is not a mono symbol file
Symbol file data-0000018BFBA1FBA0 doesn't match image C:\Users\rui02\unity_project\IVRC\IVRC\Library\ScriptAssemblies\Unity.TestTools.CodeCoverage.Editor.dll
Symbol file LoadedFromMemory is not a mono symbol file
Symbol file data-0000018BFA10D0A0 doesn't match image C:\Users\rui02\unity_project\IVRC\IVRC\Library\ScriptAssemblies\VRM.dll
Symbol file LoadedFromMemory is not a mono symbol file
Symbol file data-0000018BFB932010 doesn't match image C:\Users\rui02\unity_project\IVRC\IVRC\Library\ScriptAssemblies\VRMShaders.GLTF.UniUnlit.Editor.dll
Symbol file LoadedFromMemory is not a mono symbol file
Symbol file data-0000018BFB932010 doesn't match image C:\Users\rui02\unity_project\IVRC\IVRC\Library\ScriptAssemblies\PPv2URPConverters.dll
Symbol file LoadedFromMemory is not a mono symbol file
Symbol file data-0000018BFBA1FBA0 doesn't match image C:\Users\rui02\unity_project\IVRC\IVRC\Library\ScriptAssemblies\Unity.XR.OpenVR.dll
Symbol file LoadedFromMemory is not a mono symbol file
Symbol file data-0000018BD7D3E010 doesn't match image C:\Users\rui02\unity_project\IVRC\IVRC\Library\ScriptAssemblies\Unity.Settings.Editor.dll
Symbol file LoadedFromMemory is not a mono symbol file
Symbol file data-0000018C03577260 doesn't match image C:\Users\rui02\unity_project\IVRC\IVRC\Library\ScriptAssemblies\Unity.TextMeshPro.dll
Symbol file LoadedFromMemory is not a mono symbol file
Symbol file data-0000018BFB932010 doesn't match image C:\Users\rui02\unity_project\IVRC\IVRC\Library\ScriptAssemblies\VRMShaders.VRM10.Format.Runtime.dll
Symbol file LoadedFromMemory is not a mono symbol file
Symbol file data-0000018BFBA14010 doesn't match image C:\Users\rui02\unity_project\IVRC\IVRC\Library\ScriptAssemblies\Unity.Burst.CodeGen.dll
Symbol file LoadedFromMemory is not a mono symbol file
Symbol file data-0000018C0497F030 doesn't match image C:\Users\rui02\unity_project\IVRC\IVRC\Library\ScriptAssemblies\Unity.VSCode.Editor.dll
Symbol file LoadedFromMemory is not a mono symbol file
Symbol file data-0000018C0BEAA020 doesn't match image C:\Users\rui02\unity_project\IVRC\IVRC\Library\ScriptAssemblies\UniGLTF.Editor.dll
Symbol file LoadedFromMemory is not a mono symbol file
Symbol file data-0000018C04998020 doesn't match image C:\Users\rui02\unity_project\IVRC\IVRC\Library\ScriptAssemblies\Unity.RenderPipelines.Universal.Editor.dll
Symbol file LoadedFromMemory is not a mono symbol file
Symbol file data-0000018C4FCFAB80 doesn't match image C:\Users\rui02\unity_project\IVRC\IVRC\Library\ScriptAssemblies\Unity.RenderPipelines.HighDefinition.Editor.dll
Symbol file LoadedFromMemory is not a mono symbol file
Symbol file data-0000018BFB932010 doesn't match image C:\Users\rui02\unity_project\IVRC\IVRC\Library\ScriptAssemblies\VRM.Samples.Editor.Tests.dll
Symbol file LoadedFromMemory is not a mono symbol file
Symbol file data-0000018BFB932010 doesn't match image C:\Users\rui02\unity_project\IVRC\IVRC\Library\ScriptAssemblies\Unity.RenderPipelines.ShaderGraph.ShaderGraphLibrary.dll
Symbol file LoadedFromMemory is not a mono symbol file
Symbol file data-0000018BFB932010 doesn't match image C:\Users\rui02\unity_project\IVRC\IVRC\Library\ScriptAssemblies\Unity.EditorCoroutines.Editor.dll
Symbol file LoadedFromMemory is not a mono symbol file
Symbol file data-0000018C0497F030 doesn't match image C:\Users\rui02\unity_project\IVRC\IVRC\Library\ScriptAssemblies\FastSpringBone.dll
Symbol file LoadedFromMemory is not a mono symbol file
Symbol file data-0000018C04998020 doesn't match image C:\Users\rui02\unity_project\IVRC\IVRC\Library\ScriptAssemblies\Unity.TerrainTools.Editor.dll
Symbol file LoadedFromMemory is not a mono symbol file
Symbol file data-0000018BD8140010 doesn't match image C:\Users\rui02\unity_project\IVRC\IVRC\Library\ScriptAssemblies\Unity.RenderPipelines.Universal.Runtime.dll
Symbol file LoadedFromMemory is not a mono symbol file
Symbol file data-0000018C05B79840 doesn't match image C:\Users\rui02\unity_project\IVRC\IVRC\Library\ScriptAssemblies\MToon.dll
Symbol file LoadedFromMemory is not a mono symbol file
Symbol file data-0000018BFB048090 doesn't match image C:\Users\rui02\unity_project\IVRC\IVRC\Library\ScriptAssemblies\UniHumanoid.dll
Symbol file LoadedFromMemory is not a mono symbol file
Symbol file data-0000018C04998020 doesn't match image C:\Users\rui02\unity_project\IVRC\IVRC\Library\ScriptAssemblies\Unity.Burst.dll
Symbol file LoadedFromMemory is not a mono symbol file
Symbol file data-0000018C0497F030 doesn't match image C:\Users\rui02\unity_project\IVRC\IVRC\Library\ScriptAssemblies\UnityEngine.XR.LegacyInputHelpers.dll
Symbol file LoadedFromMemory is not a mono symbol file
Symbol file data-0000018BFB048090 doesn't match image C:\Users\rui02\unity_project\IVRC\IVRC\Library\ScriptAssemblies\UniGLTF.Tests.dll
Symbol file LoadedFromMemory is not a mono symbol file
Symbol file data-0000018BD85E0C20 doesn't match image C:\Users\rui02\unity_project\IVRC\IVRC\Library\ScriptAssemblies\VRMShaders.GLTF.IO.Runtime.dll
Symbol file LoadedFromMemory is not a mono symbol file
Symbol file data-0000018C05782020 doesn't match image C:\Users\rui02\unity_project\IVRC\IVRC\Library\ScriptAssemblies\Unity.Timeline.Editor.dll
Symbol file LoadedFromMemory is not a mono symbol file
Symbol file data-0000018C05B79840 doesn't match image C:\Users\rui02\unity_project\IVRC\IVRC\Library\ScriptAssemblies\Unity.VisualScripting.Shared.Editor.dll
Symbol file LoadedFromMemory is not a mono symbol file
Symbol file data-0000018C05B79840 doesn't match image C:\Users\rui02\unity_project\IVRC\IVRC\Library\ScriptAssemblies\Unity.TerrainTools.dll
Symbol file LoadedFromMemory is not a mono symbol file
Symbol file data-0000018BD7F60570 doesn't match image C:\Users\rui02\unity_project\IVRC\IVRC\Library\ScriptAssemblies\Unity.PlasticSCM.Editor.dll
Symbol file LoadedFromMemory is not a mono symbol file
Symbol file data-0000018C05B79840 doesn't match image C:\Users\rui02\unity_project\IVRC\IVRC\Library\ScriptAssemblies\Unity.CollabProxy.Editor.dll
Symbol file LoadedFromMemory is not a mono symbol file
Symbol file data-0000018C05B79840 doesn't match image C:\Users\rui02\unity_project\IVRC\IVRC\Library\ScriptAssemblies\UnityEditor.SpatialTracking.dll
Symbol file LoadedFromMemory is not a mono symbol file
Symbol file data-0000018C037B3070 doesn't match image C:\Users\rui02\unity_project\IVRC\IVRC\Library\ScriptAssemblies\UniVRM.Editor.dll
Symbol file LoadedFromMemory is not a mono symbol file
Symbol file data-0000018C0527C020 doesn't match image C:\Users\rui02\unity_project\IVRC\IVRC\Library\ScriptAssemblies\Unity.ShaderGraph.Editor.dll
Symbol file LoadedFromMemory is not a mono symbol file
Symbol file data-0000018BFBF8DBC0 doesn't match image C:\Users\rui02\unity_project\IVRC\IVRC\Library\ScriptAssemblies\Unity.VisualStudio.Editor.dll
Symbol file LoadedFromMemory is not a mono symbol file
Symbol file data-0000018BFBF8DBC0 doesn't match image C:\Users\rui02\unity_project\IVRC\IVRC\Library\ScriptAssemblies\UnityEditor.UI.dll
Symbol file LoadedFromMemory is not a mono symbol file
Symbol file data-0000018C05314040 doesn't match image C:\Users\rui02\unity_project\IVRC\IVRC\Library\ScriptAssemblies\Unity.VisualScripting.Core.dll
Symbol file LoadedFromMemory is not a mono symbol file
Symbol file data-0000018BFBF8DBC0 doesn't match image C:\Users\rui02\unity_project\IVRC\IVRC\Library\ScriptAssemblies\SteamVR_Input_Editor.dll
Symbol file LoadedFromMemory is not a mono symbol file
Symbol file data-0000018C03F51020 doesn't match image C:\Users\rui02\unity_project\IVRC\IVRC\Library\ScriptAssemblies\Unity.VisualScripting.Core.Editor.dll
Symbol file LoadedFromMemory is not a mono symbol file
Symbol file data-0000018C05B79840 doesn't match image C:\Users\rui02\unity_project\IVRC\IVRC\Library\ScriptAssemblies\UnityEngine.SpatialTracking.dll
Symbol file LoadedFromMemory is not a mono symbol file
Symbol file data-0000018C03B8B020 doesn't match image C:\Users\rui02\unity_project\IVRC\IVRC\Library\ScriptAssemblies\UnityEngine.UI.dll
Symbol file LoadedFromMemory is not a mono symbol file
Symbol file data-0000018C05B79840 doesn't match image C:\Users\rui02\unity_project\IVRC\IVRC\Library\ScriptAssemblies\VRMShaders.GLTF.IO.Tests.dll
Symbol file LoadedFromMemory is not a mono symbol file
Symbol file data-0000018C05B79840 doesn't match image C:\Users\rui02\unity_project\IVRC\IVRC\Library\ScriptAssemblies\UnityEditor.XR.LegacyInputHelpers.dll
Symbol file LoadedFromMemory is not a mono symbol file
Symbol file data-0000018C0497F030 doesn't match image C:\Users\rui02\unity_project\IVRC\IVRC\Library\ScriptAssemblies\SteamVR_Editor.dll
Symbol file LoadedFromMemory is not a mono symbol file
Symbol file data-0000018C059A4020 doesn't match image C:\Users\rui02\unity_project\IVRC\IVRC\Library\ScriptAssemblies\Unity.VisualScripting.Flow.Editor.dll
Symbol file LoadedFromMemory is not a mono symbol file
Symbol file data-0000018C05B79840 doesn't match image C:\Users\rui02\unity_project\IVRC\IVRC\Library\ScriptAssemblies\Unity.RenderPipeline.Universal.ShaderLibrary.dll
Symbol file LoadedFromMemory is not a mono symbol file
Symbol file data-0000018C4FB2FBD0 doesn't match image C:\Users\rui02\unity_project\IVRC\IVRC\Library\ScriptAssemblies\Unity.Timeline.dll
Symbol file LoadedFromMemory is not a mono symbol file
Symbol file data-0000018C0497F030 doesn't match image C:\Users\rui02\unity_project\IVRC\IVRC\Library\ScriptAssemblies\Unity.XR.OpenVR.Editor.dll
Symbol file LoadedFromMemory is not a mono symbol file
Symbol file data-0000018BD7D3E010 doesn't match image C:\Users\rui02\unity_project\IVRC\IVRC\Library\ScriptAssemblies\VRMShaders.VRM10.MToon10.Runtime.dll
Symbol file LoadedFromMemory is not a mono symbol file
Symbol file data-0000018C0655CE30 doesn't match image C:\Users\rui02\unity_project\IVRC\IVRC\Library\ScriptAssemblies\Unity.VisualScripting.SettingsProvider.Editor.dll
Symbol file LoadedFromMemory is not a mono symbol file
Symbol file data-0000018BD7EF7440 doesn't match image C:\Users\rui02\unity_project\IVRC\IVRC\Library\ScriptAssemblies\Unity.TestTools.CodeCoverage.Editor.OpenCover.Model.dll
Symbol file LoadedFromMemory is not a mono symbol file
Symbol file data-0000018BD7EF7440 doesn't match image C:\Users\rui02\unity_project\IVRC\IVRC\Library\ScriptAssemblies\VRMShaders.GLTF.IO.Editor.dll
Symbol file LoadedFromMemory is not a mono symbol file
Symbol file data-0000018C042D2620 doesn't match image C:\Users\rui02\unity_project\IVRC\IVRC\Library\ScriptAssemblies\UnityEngine.TestRunner.dll
Symbol file LoadedFromMemory is not a mono symbol file
Symbol file data-0000018BFBF8DBC0 doesn't match image C:\Users\rui02\unity_project\IVRC\IVRC\Library\ScriptAssemblies\Unity.VisualScripting.State.Editor.dll
Symbol file LoadedFromMemory is not a mono symbol file
Symbol file data-0000018C0451D010 doesn't match image C:\Users\rui02\unity_project\IVRC\IVRC\Library\ScriptAssemblies\Unity.Mathematics.dll
Symbol file LoadedFromMemory is not a mono symbol file
Symbol file data-0000018C059BC830 doesn't match image C:\Users\rui02\unity_project\IVRC\IVRC\Library\ScriptAssemblies\Unity.RenderPipelines.Universal.Shaders.dll
Symbol file LoadedFromMemory is not a mono symbol file
Symbol file data-0000018C4FB2FBD0 doesn't match image C:\Users\rui02\unity_project\IVRC\IVRC\Library\ScriptAssemblies\Unity.TextMeshPro.Editor.dll
Symbol file LoadedFromMemory is not a mono symbol file
Symbol file data-0000018BD7EF7440 doesn't match image C:\Users\rui02\unity_project\IVRC\IVRC\Library\ScriptAssemblies\Unity.Searcher.Editor.dll
Symbol file LoadedFromMemory is not a mono symbol file
Symbol file data-0000018C049D0A30 doesn't match image C:\Users\rui02\unity_project\IVRC\IVRC\Library\ScriptAssemblies\Unity.VisualScripting.State.dll
Symbol file LoadedFromMemory is not a mono symbol file
Symbol file data-0000018C059BC830 doesn't match image C:\Users\rui02\unity_project\IVRC\IVRC\Library\ScriptAssemblies\Unity.ShaderGraph.Utilities.dll
Symbol file LoadedFromMemory is not a mono symbol file
Symbol file data-0000018BD78BDCA0 doesn't match image C:\Users\rui02\unity_project\IVRC\IVRC\Library\ScriptAssemblies\Unity.RenderPipelines.HighDefinition.Runtime.dll
Symbol file LoadedFromMemory is not a mono symbol file
Symbol file data-0000018C059BC830 doesn't match image C:\Users\rui02\unity_project\IVRC\IVRC\Library\ScriptAssemblies\VRM.Tests.dll
Symbol file LoadedFromMemory is not a mono symbol file
- Loaded All Assemblies, in  0.549 seconds
Refreshing native plugins compatible for Editor in 6.31 ms, found 6 plugins.
Native extension for WindowsStandalone target not found
Native extension for WebGL target not found
[Package Manager] Server::EnsureServerProcessIsRunning -- launch failed, reason: Unity was launched with the -noUpm command-line argument
[Package Manager] UpmClient::Send -- Unable to send message (not connected to UPM process).
[Package Manager] Cannot connect to Unity Package Manager local server
[Package Manager] Server::EnsureServerProcessIsRunning -- launch failed, reason: Unity was launched with the -noUpm command-line argument
[Package Manager] UpmClient::Send -- Unable to send message (not connected to UPM process).
[Package Manager] Cannot connect to Unity Package Manager local server
Mono: successfully reloaded assembly
[Package Manager] Server::EnsureServerProcessIsRunning -- launch failed, reason: Unity was launched with the -noUpm command-line argument
[Package Manager] UpmClient::Send -- Unable to send message (not connected to UPM process).
[Package Manager] Cannot connect to Unity Package Manager local server
- Finished resetting the current domain, in  1.171 seconds
Domain Reload Profiling: 1717ms
	BeginReloadAssembly (148ms)
		ExecutionOrderSort (0ms)
		DisableScriptedObjects (4ms)
		BackupInstance (0ms)
		ReleaseScriptingObjects (0ms)
		CreateAndSetChildDomain (38ms)
	RebuildCommonClasses (29ms)
	RebuildNativeTypeToScriptingClass (11ms)
	initialDomainReloadingComplete (27ms)
	LoadAllAssembliesAndSetupDomain (331ms)
		LoadAssemblies (324ms)
		RebuildTransferFunctionScriptingTraits (0ms)
		AnalyzeDomain (83ms)
			TypeCache.Refresh (13ms)
				TypeCache.ScanAssembly (1ms)
			ScanForSourceGeneratedMonoScriptInfo (48ms)
			ResolveRequiredComponents (20ms)
	FinalizeReload (1171ms)
		ReleaseScriptCaches (0ms)
		RebuildScriptCaches (0ms)
		SetupLoadedEditorAssemblies (495ms)
			LogAssemblyErrors (0ms)
			InitializePlatformSupportModulesInManaged (6ms)
			SetLoadedEditorAssemblies (3ms)
			RefreshPlugins (0ms)
			BeforeProcessingInitializeOnLoad (83ms)
			ProcessInitializeOnLoadAttributes (377ms)
			ProcessInitializeOnLoadMethodAttributes (22ms)
			AfterProcessingInitializeOnLoad (4ms)
			EditorAssembliesLoaded (0ms)
		ExecutionOrderSort2 (0ms)
		AwakeInstancesAfterBackupRestoration (5ms)
Refreshing native plugins compatible for Editor in 4.96 ms, found 6 plugins.
Preloading 0 native plugins for Editor in 0.00 ms.
Unloading 7867 Unused Serialized files (Serialized files now loaded: 0)
Unloading 200 unused Assets / (14.8 MB). Loaded Objects now: 8526.
Memory consumption went from 299.4 MB to 284.6 MB.
Total: 6.164700 ms (FindLiveObjects: 0.486100 ms CreateObjectMapping: 0.301300 ms MarkObjects: 2.579200 ms  DeleteObjects: 2.797100 ms)

Prepare: number of updated asset objects reloaded= 0
AssetImportParameters requested are different than current active one (requested -> active):
  custom:container-demuxer-ogg: 62fdf1f143b41e24485cea50d1cbac27 -> 
  custom:framework-win-MediaFoundation: 216162199b28c13a410421893ffa2e32 -> 
  custom:container-muxer-webm: aa71ff27fc2769a1b78a27578f13a17b -> 
  custom:video-decoder-webm-vp8: 9c59270c3fd7afecdb556c50c9e8de78 -> 
  custom:SearchIndexIgnoredProperties: e643bd26f0fe6173181afceb89e7c659 -> 
  custom:AudioImporter_EditorPlatform: d09bf68614088b80899f8185d706f6e7 -> 
  custom:audio-decoder-ogg-vorbis: bf7c407c2cedff20999df2af8eb42d56 -> 
  custom:audio-encoder-webm-vorbis: bf7c407c2cedff20999df2af8eb42d56 -> 
  custom:video-codec-MediaFoundation-h265: 746d11721c4dcdbdad8f713fa42b33f4 -> 
  custom:video-decoder-ogg-theora: a1e56fd34408186e4bbccfd4996cb3dc -> 
  custom:CustomObjectIndexerAttribute: a3ef5dd2817f97addfee359851a9dba5 -> 
  custom:container-demuxer-webm: 4f35f7cbe854078d1ac9338744f61a02 -> 
  custom:video-encoder-webm-vp8: eb34c28f22e8b96e1ab97ce403110664 -> 
========================================================================
Received Import Request.
  Time since last request: 105.105727 seconds.
  path: Assets/Scripts/SliderController.cs
  artifactKey: Guid(9c7f5ae36d7d56b469b28634a5c0c071) Importer(815301076,1909f56bfc062723c751e8b465ee728b)
Start importing Assets/Scripts/SliderController.cs using Guid(9c7f5ae36d7d56b469b28634a5c0c071) Importer(815301076,1909f56bfc062723c751e8b465ee728b)  -> (artifact id: 'a8b0b914711acb6db642eb24c97f8333') in 0.001392 seconds
Number of updated asset objects reloaded before import = 0
Number of asset objects unloaded after import = 0
========================================================================
Received Prepare
Begin MonoManager ReloadAssembly
Symbol file data-0000018C03AA5010 doesn't match image C:\Users\rui02\unity_project\IVRC\IVRC\Library\ScriptAssemblies\UniHumanoid.Editor.dll
Symbol file LoadedFromMemory is not a mono symbol file
Symbol file data-0000018C08B47A20 doesn't match image C:\Users\rui02\unity_project\IVRC\IVRC\Library\ScriptAssemblies\Unity.XR.Management.dll
Symbol file LoadedFromMemory is not a mono symbol file
Symbol file data-0000018BFBE4C020 doesn't match image C:\Users\rui02\unity_project\IVRC\IVRC\Library\ScriptAssemblies\UniHumanoid.Editor.Tests.dll
Symbol file LoadedFromMemory is not a mono symbol file
Symbol file data-0000018C0C162010 doesn't match image C:\Users\rui02\unity_project\IVRC\IVRC\Library\ScriptAssemblies\Unity.VisualEffectGraph.Runtime.dll
Symbol file LoadedFromMemory is not a mono symbol file
Symbol file data-0000018BF9D99010 doesn't match image C:\Users\rui02\unity_project\IVRC\IVRC\Library\ScriptAssemblies\Unity.RenderPipelines.Core.Runtime.dll
Symbol file LoadedFromMemory is not a mono symbol file
Symbol file data-0000018C0847FEA0 doesn't match image C:\Users\rui02\unity_project\IVRC\IVRC\Library\ScriptAssemblies\Unity.Burst.Editor.dll
Symbol file LoadedFromMemory is not a mono symbol file
Symbol file data-0000018C08382030 doesn't match image C:\Users\rui02\unity_project\IVRC\IVRC\Library\ScriptAssemblies\SteamVR.dll
Symbol file LoadedFromMemory is not a mono symbol file
Symbol file data-0000018C4D7BC4D0 doesn't match image C:\Users\rui02\unity_project\IVRC\IVRC\Library\ScriptAssemblies\VRMShaders.GLTF.UniUnlit.Runtime.dll
Symbol file LoadedFromMemory is not a mono symbol file
Symbol file data-0000018C53E89870 doesn't match image C:\Users\rui02\unity_project\IVRC\IVRC\Library\ScriptAssemblies\SteamVR_Windows_EditorHelper.dll
Symbol file LoadedFromMemory is not a mono symbol file
Symbol file data-0000018C09FB3570 doesn't match image C:\Users\rui02\unity_project\IVRC\IVRC\Library\ScriptAssemblies\UniGLTF.dll
Symbol file LoadedFromMemory is not a mono symbol file
Symbol file data-0000018C08475020 doesn't match image C:\Users\rui02\unity_project\IVRC\IVRC\Library\ScriptAssemblies\Unity.Rider.Editor.dll
Symbol file LoadedFromMemory is not a mono symbol file
Symbol file data-0000018C06A1CD60 doesn't match image C:\Users\rui02\unity_project\IVRC\IVRC\Library\ScriptAssemblies\VRMShaders.VRM10.MToon10.Tests.dll
Symbol file LoadedFromMemory is not a mono symbol file
Symbol file data-0000018BF9D99010 doesn't match image C:\Users\rui02\unity_project\IVRC\IVRC\Library\ScriptAssemblies\Unity.RenderPipelines.Core.Editor.dll
Symbol file LoadedFromMemory is not a mono symbol file
Symbol file data-0000018C0A015020 doesn't match image C:\Users\rui02\unity_project\IVRC\IVRC\Library\ScriptAssemblies\Unity.VisualEffectGraph.Editor.dll
Symbol file LoadedFromMemory is not a mono symbol file
Symbol file data-0000018C05AFF030 doesn't match image C:\Users\rui02\unity_project\IVRC\IVRC\Library\ScriptAssemblies\UnityEditor.TestRunner.dll
Symbol file LoadedFromMemory is not a mono symbol file
Symbol file data-0000018BFBF693B0 doesn't match image C:\Users\rui02\unity_project\IVRC\IVRC\Library\ScriptAssemblies\Unity.VisualScripting.Flow.dll
Symbol file LoadedFromMemory is not a mono symbol file
Symbol file data-0000018C4F36D080 doesn't match image C:\Users\rui02\unity_project\IVRC\IVRC\Library\ScriptAssemblies\Unity.Mathematics.Editor.dll
Symbol file LoadedFromMemory is not a mono symbol file
Symbol file data-0000018C4DA1A030 doesn't match image C:\Users\rui02\unity_project\IVRC\IVRC\Library\ScriptAssemblies\Unity.TestTools.CodeCoverage.Editor.OpenCover.Mono.Reflection.dll
Symbol file LoadedFromMemory is not a mono symbol file
Symbol file data-0000018C53E89870 doesn't match image C:\Users\rui02\unity_project\IVRC\IVRC\Library\ScriptAssemblies\VRMShaders.VRM10.MToon10.Editor.dll
Symbol file LoadedFromMemory is not a mono symbol file
Symbol file data-0000018C53E89870 doesn't match image C:\Users\rui02\unity_project\IVRC\IVRC\Library\ScriptAssemblies\UniGLTF.Utils.dll
Symbol file LoadedFromMemory is not a mono symbol file
Symbol file data-0000018C4D7BC4D0 doesn't match image C:\Users\rui02\unity_project\IVRC\IVRC\Library\ScriptAssemblies\Unity.RenderPipelines.HighDefinition.Config.Runtime.dll
Symbol file LoadedFromMemory is not a mono symbol file
Symbol file data-0000018C53E89870 doesn't match image C:\Users\rui02\unity_project\IVRC\IVRC\Library\ScriptAssemblies\MToon.Editor.dll
Symbol file LoadedFromMemory is not a mono symbol file
Symbol file data-0000018C059A4020 doesn't match image C:\Users\rui02\unity_project\IVRC\IVRC\Library\ScriptAssemblies\Unity.Performance.Profile-Analyzer.Editor.dll
Symbol file LoadedFromMemory is not a mono symbol file
Symbol file data-0000018C06A1CD60 doesn't match image C:\Users\rui02\unity_project\IVRC\IVRC\Library\ScriptAssemblies\Unity.RenderPipelines.Core.ShaderLibrary.dll
Symbol file LoadedFromMemory is not a mono symbol file
Symbol file data-0000018BD7DDC020 doesn't match image C:\Users\rui02\unity_project\IVRC\IVRC\Library\ScriptAssemblies\Unity.XR.Management.Editor.dll
Symbol file LoadedFromMemory is not a mono symbol file
Symbol file data-0000018C4D7BC4D0 doesn't match image C:\Users\rui02\unity_project\IVRC\IVRC\Library\ScriptAssemblies\VRMShaders.VRM.IO.Runtime.dll
Symbol file LoadedFromMemory is not a mono symbol file
Symbol file data-0000018C06F0B3C0 doesn't match image C:\Users\rui02\unity_project\IVRC\IVRC\Library\ScriptAssemblies\Unity.TestTools.CodeCoverage.Editor.dll
Symbol file LoadedFromMemory is not a mono symbol file
Symbol file data-0000018C09491360 doesn't match image C:\Users\rui02\unity_project\IVRC\IVRC\Library\ScriptAssemblies\VRM.dll
Symbol file LoadedFromMemory is not a mono symbol file
Symbol file data-0000018C53E89870 doesn't match image C:\Users\rui02\unity_project\IVRC\IVRC\Library\ScriptAssemblies\VRMShaders.GLTF.UniUnlit.Editor.dll
Symbol file LoadedFromMemory is not a mono symbol file
Symbol file data-0000018C53E89870 doesn't match image C:\Users\rui02\unity_project\IVRC\IVRC\Library\ScriptAssemblies\PPv2URPConverters.dll
Symbol file LoadedFromMemory is not a mono symbol file
Symbol file data-0000018BFBB1B020 doesn't match image C:\Users\rui02\unity_project\IVRC\IVRC\Library\ScriptAssemblies\Unity.XR.OpenVR.dll
Symbol file LoadedFromMemory is not a mono symbol file
Symbol file data-0000018C09135050 doesn't match image C:\Users\rui02\unity_project\IVRC\IVRC\Library\ScriptAssemblies\Unity.Settings.Editor.dll
Symbol file LoadedFromMemory is not a mono symbol file
Symbol file data-0000018BF9CF9040 doesn't match image C:\Users\rui02\unity_project\IVRC\IVRC\Library\ScriptAssemblies\Unity.TextMeshPro.dll
Symbol file LoadedFromMemory is not a mono symbol file
Symbol file data-0000018C03570E50 doesn't match image C:\Users\rui02\unity_project\IVRC\IVRC\Library\ScriptAssemblies\VRMShaders.VRM10.Format.Runtime.dll
Symbol file LoadedFromMemory is not a mono symbol file
Symbol file data-0000018C084A0640 doesn't match image C:\Users\rui02\unity_project\IVRC\IVRC\Library\ScriptAssemblies\Unity.Burst.CodeGen.dll
Symbol file LoadedFromMemory is not a mono symbol file
Symbol file data-0000018C06D367D0 doesn't match image C:\Users\rui02\unity_project\IVRC\IVRC\Library\ScriptAssemblies\Unity.VSCode.Editor.dll
Symbol file LoadedFromMemory is not a mono symbol file
Symbol file data-0000018C4D58F130 doesn't match image C:\Users\rui02\unity_project\IVRC\IVRC\Library\ScriptAssemblies\UniGLTF.Editor.dll
Symbol file LoadedFromMemory is not a mono symbol file
Symbol file data-0000018BF9D99010 doesn't match image C:\Users\rui02\unity_project\IVRC\IVRC\Library\ScriptAssemblies\Unity.RenderPipelines.Universal.Editor.dll
Symbol file LoadedFromMemory is not a mono symbol file
Symbol file data-0000018C4E4A6E60 doesn't match image C:\Users\rui02\unity_project\IVRC\IVRC\Library\ScriptAssemblies\Unity.RenderPipelines.HighDefinition.Editor.dll
Symbol file LoadedFromMemory is not a mono symbol file
Symbol file data-0000018C53E89870 doesn't match image C:\Users\rui02\unity_project\IVRC\IVRC\Library\ScriptAssemblies\VRM.Samples.Editor.Tests.dll
Symbol file LoadedFromMemory is not a mono symbol file
Symbol file data-0000018C06A1CD60 doesn't match image C:\Users\rui02\unity_project\IVRC\IVRC\Library\ScriptAssemblies\Unity.RenderPipelines.ShaderGraph.ShaderGraphLibrary.dll
Symbol file LoadedFromMemory is not a mono symbol file
Symbol file data-0000018C53E89870 doesn't match image C:\Users\rui02\unity_project\IVRC\IVRC\Library\ScriptAssemblies\Unity.EditorCoroutines.Editor.dll
Symbol file LoadedFromMemory is not a mono symbol file
Symbol file data-0000018C06D367D0 doesn't match image C:\Users\rui02\unity_project\IVRC\IVRC\Library\ScriptAssemblies\FastSpringBone.dll
Symbol file LoadedFromMemory is not a mono symbol file
Symbol file data-0000018BFBF693B0 doesn't match image C:\Users\rui02\unity_project\IVRC\IVRC\Library\ScriptAssemblies\Unity.TerrainTools.Editor.dll
Symbol file LoadedFromMemory is not a mono symbol file
Symbol file data-0000018C4EAAC080 doesn't match image C:\Users\rui02\unity_project\IVRC\IVRC\Library\ScriptAssemblies\Unity.RenderPipelines.Universal.Runtime.dll
Symbol file LoadedFromMemory is not a mono symbol file
Symbol file data-0000018C0B028010 doesn't match image C:\Users\rui02\unity_project\IVRC\IVRC\Library\ScriptAssemblies\MToon.dll
Symbol file LoadedFromMemory is not a mono symbol file
Symbol file data-0000018C0A0E9790 doesn't match image C:\Users\rui02\unity_project\IVRC\IVRC\Library\ScriptAssemblies\UniHumanoid.dll
Symbol file LoadedFromMemory is not a mono symbol file
Symbol file data-0000018BFBF693B0 doesn't match image C:\Users\rui02\unity_project\IVRC\IVRC\Library\ScriptAssemblies\Unity.Burst.dll
Symbol file LoadedFromMemory is not a mono symbol file
Symbol file data-0000018C05538030 doesn't match image C:\Users\rui02\unity_project\IVRC\IVRC\Library\ScriptAssemblies\UnityEngine.XR.LegacyInputHelpers.dll
Symbol file LoadedFromMemory is not a mono symbol file
Symbol file data-0000018C4E19D2F0 doesn't match image C:\Users\rui02\unity_project\IVRC\IVRC\Library\ScriptAssemblies\UniGLTF.Tests.dll
Symbol file LoadedFromMemory is not a mono symbol file
Symbol file data-0000018BFB32B2B0 doesn't match image C:\Users\rui02\unity_project\IVRC\IVRC\Library\ScriptAssemblies\VRMShaders.GLTF.IO.Runtime.dll
Symbol file LoadedFromMemory is not a mono symbol file
Symbol file data-0000018C05782020 doesn't match image C:\Users\rui02\unity_project\IVRC\IVRC\Library\ScriptAssemblies\Unity.Timeline.Editor.dll
Symbol file LoadedFromMemory is not a mono symbol file
Symbol file data-0000018C0B028010 doesn't match image C:\Users\rui02\unity_project\IVRC\IVRC\Library\ScriptAssemblies\Unity.VisualScripting.Shared.Editor.dll
Symbol file LoadedFromMemory is not a mono symbol file
Symbol file data-0000018C06A1CD60 doesn't match image C:\Users\rui02\unity_project\IVRC\IVRC\Library\ScriptAssemblies\Unity.TerrainTools.dll
Symbol file LoadedFromMemory is not a mono symbol file
Symbol file data-0000018C4F81E2F0 doesn't match image C:\Users\rui02\unity_project\IVRC\IVRC\Library\ScriptAssemblies\Unity.PlasticSCM.Editor.dll
Symbol file LoadedFromMemory is not a mono symbol file
Symbol file data-0000018C082E4B70 doesn't match image C:\Users\rui02\unity_project\IVRC\IVRC\Library\ScriptAssemblies\Unity.CollabProxy.Editor.dll
Symbol file LoadedFromMemory is not a mono symbol file
Symbol file data-0000018C082E4B70 doesn't match image C:\Users\rui02\unity_project\IVRC\IVRC\Library\ScriptAssemblies\UnityEditor.SpatialTracking.dll
Symbol file LoadedFromMemory is not a mono symbol file
Symbol file data-0000018C06D54650 doesn't match image C:\Users\rui02\unity_project\IVRC\IVRC\Library\ScriptAssemblies\UniVRM.Editor.dll
Symbol file LoadedFromMemory is not a mono symbol file
Symbol file data-0000018C098D2020 doesn't match image C:\Users\rui02\unity_project\IVRC\IVRC\Library\ScriptAssemblies\Unity.ShaderGraph.Editor.dll
Symbol file LoadedFromMemory is not a mono symbol file
Symbol file data-0000018C0AE03B80 doesn't match image C:\Users\rui02\unity_project\IVRC\IVRC\Library\ScriptAssemblies\Unity.VisualStudio.Editor.dll
Symbol file LoadedFromMemory is not a mono symbol file
Symbol file data-0000018C0AE03B80 doesn't match image C:\Users\rui02\unity_project\IVRC\IVRC\Library\ScriptAssemblies\UnityEditor.UI.dll
Symbol file LoadedFromMemory is not a mono symbol file
Symbol file data-0000018C054DC040 doesn't match image C:\Users\rui02\unity_project\IVRC\IVRC\Library\ScriptAssemblies\Unity.VisualScripting.Core.dll
Symbol file LoadedFromMemory is not a mono symbol file
Symbol file data-0000018C0AE03B80 doesn't match image C:\Users\rui02\unity_project\IVRC\IVRC\Library\ScriptAssemblies\SteamVR_Input_Editor.dll
Symbol file LoadedFromMemory is not a mono symbol file
Symbol file data-0000018C0A0F57C0 doesn't match image C:\Users\rui02\unity_project\IVRC\IVRC\Library\ScriptAssemblies\Unity.VisualScripting.Core.Editor.dll
Symbol file LoadedFromMemory is not a mono symbol file
Symbol file data-0000018C082E4B70 doesn't match image C:\Users\rui02\unity_project\IVRC\IVRC\Library\ScriptAssemblies\UnityEngine.SpatialTracking.dll
Symbol file LoadedFromMemory is not a mono symbol file
Symbol file data-0000018C069E3930 doesn't match image C:\Users\rui02\unity_project\IVRC\IVRC\Library\ScriptAssemblies\UnityEngine.UI.dll
Symbol file LoadedFromMemory is not a mono symbol file
Symbol file data-0000018C082E4B70 doesn't match image C:\Users\rui02\unity_project\IVRC\IVRC\Library\ScriptAssemblies\VRMShaders.GLTF.IO.Tests.dll
Symbol file LoadedFromMemory is not a mono symbol file
Symbol file data-0000018C08B47A20 doesn't match image C:\Users\rui02\unity_project\IVRC\IVRC\Library\ScriptAssemblies\UnityEditor.XR.LegacyInputHelpers.dll
Symbol file LoadedFromMemory is not a mono symbol file
Symbol file data-0000018C06D367D0 doesn't match image C:\Users\rui02\unity_project\IVRC\IVRC\Library\ScriptAssemblies\SteamVR_Editor.dll
Symbol file LoadedFromMemory is not a mono symbol file
Symbol file data-0000018C09F85540 doesn't match image C:\Users\rui02\unity_project\IVRC\IVRC\Library\ScriptAssemblies\Unity.VisualScripting.Flow.Editor.dll
Symbol file LoadedFromMemory is not a mono symbol file
Symbol file data-0000018C4D7BC4D0 doesn't match image C:\Users\rui02\unity_project\IVRC\IVRC\Library\ScriptAssemblies\Unity.RenderPipeline.Universal.ShaderLibrary.dll
Symbol file LoadedFromMemory is not a mono symbol file
Symbol file data-0000018C4CF732A0 doesn't match image C:\Users\rui02\unity_project\IVRC\IVRC\Library\ScriptAssemblies\Unity.Timeline.dll
Symbol file LoadedFromMemory is not a mono symbol file
Symbol file data-0000018C091C8020 doesn't match image C:\Users\rui02\unity_project\IVRC\IVRC\Library\ScriptAssemblies\Unity.XR.OpenVR.Editor.dll
Symbol file LoadedFromMemory is not a mono symbol file
Symbol file data-0000018C06A72840 doesn't match image C:\Users\rui02\unity_project\IVRC\IVRC\Library\ScriptAssemblies\VRMShaders.VRM10.MToon10.Runtime.dll
Symbol file LoadedFromMemory is not a mono symbol file
Symbol file data-0000018C4F36D080 doesn't match image C:\Users\rui02\unity_project\IVRC\IVRC\Library\ScriptAssemblies\Unity.VisualScripting.SettingsProvider.Editor.dll
Symbol file LoadedFromMemory is not a mono symbol file
Symbol file data-0000018C0B2DEA00 doesn't match image C:\Users\rui02\unity_project\IVRC\IVRC\Library\ScriptAssemblies\Unity.TestTools.CodeCoverage.Editor.OpenCover.Model.dll
Symbol file LoadedFromMemory is not a mono symbol file
Symbol file data-0000018BD7D7C010 doesn't match image C:\Users\rui02\unity_project\IVRC\IVRC\Library\ScriptAssemblies\VRMShaders.GLTF.IO.Editor.dll
Symbol file LoadedFromMemory is not a mono symbol file
Symbol file data-0000018C091CF890 doesn't match image C:\Users\rui02\unity_project\IVRC\IVRC\Library\ScriptAssemblies\UnityEngine.TestRunner.dll
Symbol file LoadedFromMemory is not a mono symbol file
Symbol file data-0000018C0AE03B80 doesn't match image C:\Users\rui02\unity_project\IVRC\IVRC\Library\ScriptAssemblies\Unity.VisualScripting.State.Editor.dll
Symbol file LoadedFromMemory is not a mono symbol file
Symbol file data-0000018C0A4BA870 doesn't match image C:\Users\rui02\unity_project\IVRC\IVRC\Library\ScriptAssemblies\Unity.Mathematics.dll
Symbol file LoadedFromMemory is not a mono symbol file
Symbol file data-0000018C06A1CD60 doesn't match image C:\Users\rui02\unity_project\IVRC\IVRC\Library\ScriptAssemblies\Unity.RenderPipelines.Universal.Shaders.dll
Symbol file LoadedFromMemory is not a mono symbol file
Symbol file data-0000018C09DC8A10 doesn't match image C:\Users\rui02\unity_project\IVRC\IVRC\Library\ScriptAssemblies\Unity.TextMeshPro.Editor.dll
Symbol file LoadedFromMemory is not a mono symbol file
Symbol file data-0000018C09A06050 doesn't match image C:\Users\rui02\unity_project\IVRC\IVRC\Library\ScriptAssemblies\Unity.Searcher.Editor.dll
Symbol file LoadedFromMemory is not a mono symbol file
Symbol file data-0000018C0B2DEA00 doesn't match image C:\Users\rui02\unity_project\IVRC\IVRC\Library\ScriptAssemblies\Unity.VisualScripting.State.dll
Symbol file LoadedFromMemory is not a mono symbol file
Symbol file data-0000018BD7D7C010 doesn't match image C:\Users\rui02\unity_project\IVRC\IVRC\Library\ScriptAssemblies\Unity.ShaderGraph.Utilities.dll
Symbol file LoadedFromMemory is not a mono symbol file
Symbol file data-0000018C4E6CF600 doesn't match image C:\Users\rui02\unity_project\IVRC\IVRC\Library\ScriptAssemblies\Unity.RenderPipelines.HighDefinition.Runtime.dll
Symbol file LoadedFromMemory is not a mono symbol file
Symbol file data-0000018C0B2DEA00 doesn't match image C:\Users\rui02\unity_project\IVRC\IVRC\Library\ScriptAssemblies\VRM.Tests.dll
Symbol file LoadedFromMemory is not a mono symbol file
- Loaded All Assemblies, in  0.473 seconds
Refreshing native plugins compatible for Editor in 5.54 ms, found 6 plugins.
Native extension for WindowsStandalone target not found
Native extension for WebGL target not found
[Package Manager] Server::EnsureServerProcessIsRunning -- launch failed, reason: Unity was launched with the -noUpm command-line argument
[Package Manager] UpmClient::Send -- Unable to send message (not connected to UPM process).
[Package Manager] Cannot connect to Unity Package Manager local server
[Package Manager] Server::EnsureServerProcessIsRunning -- launch failed, reason: Unity was launched with the -noUpm command-line argument
[Package Manager] UpmClient::Send -- Unable to send message (not connected to UPM process).
[Package Manager] Cannot connect to Unity Package Manager local server
Mono: successfully reloaded assembly
[Package Manager] Server::EnsureServerProcessIsRunning -- launch failed, reason: Unity was launched with the -noUpm command-line argument
[Package Manager] UpmClient::Send -- Unable to send message (not connected to UPM process).
[Package Manager] Cannot connect to Unity Package Manager local server
- Finished resetting the current domain, in  1.202 seconds
Domain Reload Profiling: 1672ms
	BeginReloadAssembly (141ms)
		ExecutionOrderSort (0ms)
		DisableScriptedObjects (3ms)
		BackupInstance (0ms)
		ReleaseScriptingObjects (0ms)
		CreateAndSetChildDomain (40ms)
	RebuildCommonClasses (33ms)
	RebuildNativeTypeToScriptingClass (11ms)
	initialDomainReloadingComplete (23ms)
	LoadAllAssembliesAndSetupDomain (262ms)
		LoadAssemblies (305ms)
		RebuildTransferFunctionScriptingTraits (0ms)
		AnalyzeDomain (26ms)
			TypeCache.Refresh (8ms)
				TypeCache.ScanAssembly (0ms)
			ScanForSourceGeneratedMonoScriptInfo (0ms)
			ResolveRequiredComponents (16ms)
	FinalizeReload (1203ms)
		ReleaseScriptCaches (0ms)
		RebuildScriptCaches (0ms)
		SetupLoadedEditorAssemblies (500ms)
			LogAssemblyErrors (0ms)
			InitializePlatformSupportModulesInManaged (5ms)
			SetLoadedEditorAssemblies (3ms)
			RefreshPlugins (0ms)
			BeforeProcessingInitializeOnLoad (79ms)
			ProcessInitializeOnLoadAttributes (385ms)
			ProcessInitializeOnLoadMethodAttributes (23ms)
			AfterProcessingInitializeOnLoad (4ms)
			EditorAssembliesLoaded (0ms)
		ExecutionOrderSort2 (0ms)
		AwakeInstancesAfterBackupRestoration (5ms)
Refreshing native plugins compatible for Editor in 6.18 ms, found 6 plugins.
Preloading 0 native plugins for Editor in 0.00 ms.
Unloading 7866 Unused Serialized files (Serialized files now loaded: 0)
Unloading 200 unused Assets / (14.8 MB). Loaded Objects now: 8542.
Memory consumption went from 299.2 MB to 284.3 MB.
Total: 5.480600 ms (FindLiveObjects: 0.537600 ms CreateObjectMapping: 0.272300 ms MarkObjects: 2.487900 ms  DeleteObjects: 2.182000 ms)

Prepare: number of updated asset objects reloaded= 0
AssetImportParameters requested are different than current active one (requested -> active):
  custom:container-demuxer-ogg: 62fdf1f143b41e24485cea50d1cbac27 -> 
  custom:framework-win-MediaFoundation: 216162199b28c13a410421893ffa2e32 -> 
  custom:container-muxer-webm: aa71ff27fc2769a1b78a27578f13a17b -> 
  custom:video-decoder-webm-vp8: 9c59270c3fd7afecdb556c50c9e8de78 -> 
  custom:SearchIndexIgnoredProperties: e643bd26f0fe6173181afceb89e7c659 -> 
  custom:AudioImporter_EditorPlatform: d09bf68614088b80899f8185d706f6e7 -> 
  custom:audio-decoder-ogg-vorbis: bf7c407c2cedff20999df2af8eb42d56 -> 
  custom:audio-encoder-webm-vorbis: bf7c407c2cedff20999df2af8eb42d56 -> 
  custom:video-codec-MediaFoundation-h265: 746d11721c4dcdbdad8f713fa42b33f4 -> 
  custom:video-decoder-ogg-theora: a1e56fd34408186e4bbccfd4996cb3dc -> 
  custom:CustomObjectIndexerAttribute: a3ef5dd2817f97addfee359851a9dba5 -> 
  custom:container-demuxer-webm: 4f35f7cbe854078d1ac9338744f61a02 -> 
  custom:video-encoder-webm-vp8: eb34c28f22e8b96e1ab97ce403110664 -> 
========================================================================
Received Prepare
Begin MonoManager ReloadAssembly
Symbol file data-0000018C03AA5010 doesn't match image C:\Users\rui02\unity_project\IVRC\IVRC\Library\ScriptAssemblies\UniHumanoid.Editor.dll
Symbol file LoadedFromMemory is not a mono symbol file
Symbol file data-0000018C05EDC030 doesn't match image C:\Users\rui02\unity_project\IVRC\IVRC\Library\ScriptAssemblies\Unity.XR.Management.dll
Symbol file LoadedFromMemory is not a mono symbol file
Symbol file data-0000018C082E4B70 doesn't match image C:\Users\rui02\unity_project\IVRC\IVRC\Library\ScriptAssemblies\UniHumanoid.Editor.Tests.dll
Symbol file LoadedFromMemory is not a mono symbol file
Symbol file data-0000018C0AFCA290 doesn't match image C:\Users\rui02\unity_project\IVRC\IVRC\Library\ScriptAssemblies\Unity.VisualEffectGraph.Runtime.dll
Symbol file LoadedFromMemory is not a mono symbol file
Symbol file data-0000018C06E93010 doesn't match image C:\Users\rui02\unity_project\IVRC\IVRC\Library\ScriptAssemblies\Unity.RenderPipelines.Core.Runtime.dll
Symbol file LoadedFromMemory is not a mono symbol file
Symbol file data-0000018C0B4EA030 doesn't match image C:\Users\rui02\unity_project\IVRC\IVRC\Library\ScriptAssemblies\Unity.Burst.Editor.dll
Symbol file LoadedFromMemory is not a mono symbol file
Symbol file data-0000018BD81E1030 doesn't match image C:\Users\rui02\unity_project\IVRC\IVRC\Library\ScriptAssemblies\SteamVR.dll
Symbol file LoadedFromMemory is not a mono symbol file
Symbol file data-0000018C4D7BC4D0 doesn't match image C:\Users\rui02\unity_project\IVRC\IVRC\Library\ScriptAssemblies\VRMShaders.GLTF.UniUnlit.Runtime.dll
Symbol file LoadedFromMemory is not a mono symbol file
Symbol file data-0000018BD7D7C010 doesn't match image C:\Users\rui02\unity_project\IVRC\IVRC\Library\ScriptAssemblies\SteamVR_Windows_EditorHelper.dll
Symbol file LoadedFromMemory is not a mono symbol file
Symbol file data-0000018BF9B46010 doesn't match image C:\Users\rui02\unity_project\IVRC\IVRC\Library\ScriptAssemblies\UniGLTF.dll
Symbol file LoadedFromMemory is not a mono symbol file
Symbol file data-0000018C08475020 doesn't match image C:\Users\rui02\unity_project\IVRC\IVRC\Library\ScriptAssemblies\Unity.Rider.Editor.dll
Symbol file LoadedFromMemory is not a mono symbol file
Symbol file data-0000018C4D7BC4D0 doesn't match image C:\Users\rui02\unity_project\IVRC\IVRC\Library\ScriptAssemblies\VRMShaders.VRM10.MToon10.Tests.dll
Symbol file LoadedFromMemory is not a mono symbol file
Symbol file data-0000018BF9D99010 doesn't match image C:\Users\rui02\unity_project\IVRC\IVRC\Library\ScriptAssemblies\Unity.RenderPipelines.Core.Editor.dll
Symbol file LoadedFromMemory is not a mono symbol file
Symbol file data-0000018C041E1040 doesn't match image C:\Users\rui02\unity_project\IVRC\IVRC\Library\ScriptAssemblies\Unity.VisualEffectGraph.Editor.dll
Symbol file LoadedFromMemory is not a mono symbol file
Symbol file data-0000018C0881B850 doesn't match image C:\Users\rui02\unity_project\IVRC\IVRC\Library\ScriptAssemblies\UnityEditor.TestRunner.dll
Symbol file LoadedFromMemory is not a mono symbol file
Symbol file data-0000018C4D7023F0 doesn't match image C:\Users\rui02\unity_project\IVRC\IVRC\Library\ScriptAssemblies\Unity.VisualScripting.Flow.dll
Symbol file LoadedFromMemory is not a mono symbol file
Symbol file data-0000018C05EDC030 doesn't match image C:\Users\rui02\unity_project\IVRC\IVRC\Library\ScriptAssemblies\Unity.Mathematics.Editor.dll
Symbol file LoadedFromMemory is not a mono symbol file
Symbol file data-0000018C05EDC030 doesn't match image C:\Users\rui02\unity_project\IVRC\IVRC\Library\ScriptAssemblies\Unity.TestTools.CodeCoverage.Editor.OpenCover.Mono.Reflection.dll
Symbol file LoadedFromMemory is not a mono symbol file
Symbol file data-0000018C082E4B70 doesn't match image C:\Users\rui02\unity_project\IVRC\IVRC\Library\ScriptAssemblies\VRMShaders.VRM10.MToon10.Editor.dll
Symbol file LoadedFromMemory is not a mono symbol file
Symbol file data-0000018C082E4B70 doesn't match image C:\Users\rui02\unity_project\IVRC\IVRC\Library\ScriptAssemblies\UniGLTF.Utils.dll
Symbol file LoadedFromMemory is not a mono symbol file
Symbol file data-0000018C4D7BC4D0 doesn't match image C:\Users\rui02\unity_project\IVRC\IVRC\Library\ScriptAssemblies\Unity.RenderPipelines.HighDefinition.Config.Runtime.dll
Symbol file LoadedFromMemory is not a mono symbol file
Symbol file data-0000018C53E89870 doesn't match image C:\Users\rui02\unity_project\IVRC\IVRC\Library\ScriptAssemblies\MToon.Editor.dll
Symbol file LoadedFromMemory is not a mono symbol file
Symbol file data-0000018C059A4020 doesn't match image C:\Users\rui02\unity_project\IVRC\IVRC\Library\ScriptAssemblies\Unity.Performance.Profile-Analyzer.Editor.dll
Symbol file LoadedFromMemory is not a mono symbol file
Symbol file data-0000018BD7D7C010 doesn't match image C:\Users\rui02\unity_project\IVRC\IVRC\Library\ScriptAssemblies\Unity.RenderPipelines.Core.ShaderLibrary.dll
Symbol file LoadedFromMemory is not a mono symbol file
Symbol file data-0000018BD8079020 doesn't match image C:\Users\rui02\unity_project\IVRC\IVRC\Library\ScriptAssemblies\Unity.XR.Management.Editor.dll
Symbol file LoadedFromMemory is not a mono symbol file
Symbol file data-0000018BD7D7C010 doesn't match image C:\Users\rui02\unity_project\IVRC\IVRC\Library\ScriptAssemblies\VRMShaders.VRM.IO.Runtime.dll
Symbol file LoadedFromMemory is not a mono symbol file
Symbol file data-0000018C06F0B3C0 doesn't match image C:\Users\rui02\unity_project\IVRC\IVRC\Library\ScriptAssemblies\Unity.TestTools.CodeCoverage.Editor.dll
Symbol file LoadedFromMemory is not a mono symbol file
Symbol file data-0000018C09491360 doesn't match image C:\Users\rui02\unity_project\IVRC\IVRC\Library\ScriptAssemblies\VRM.dll
Symbol file LoadedFromMemory is not a mono symbol file
Symbol file data-0000018C082E4B70 doesn't match image C:\Users\rui02\unity_project\IVRC\IVRC\Library\ScriptAssemblies\VRMShaders.GLTF.UniUnlit.Editor.dll
Symbol file LoadedFromMemory is not a mono symbol file
Symbol file data-0000018C082E4B70 doesn't match image C:\Users\rui02\unity_project\IVRC\IVRC\Library\ScriptAssemblies\PPv2URPConverters.dll
Symbol file LoadedFromMemory is not a mono symbol file
Symbol file data-0000018C0AFCA290 doesn't match image C:\Users\rui02\unity_project\IVRC\IVRC\Library\ScriptAssemblies\Unity.XR.OpenVR.dll
Symbol file LoadedFromMemory is not a mono symbol file
Symbol file data-0000018BFB319400 doesn't match image C:\Users\rui02\unity_project\IVRC\IVRC\Library\ScriptAssemblies\Unity.Settings.Editor.dll
Symbol file LoadedFromMemory is not a mono symbol file
Symbol file data-0000018BFBF693B0 doesn't match image C:\Users\rui02\unity_project\IVRC\IVRC\Library\ScriptAssemblies\Unity.TextMeshPro.dll
Symbol file LoadedFromMemory is not a mono symbol file
Symbol file data-0000018BD7D7C010 doesn't match image C:\Users\rui02\unity_project\IVRC\IVRC\Library\ScriptAssemblies\VRMShaders.VRM10.Format.Runtime.dll
Symbol file LoadedFromMemory is not a mono symbol file
Symbol file data-0000018C08751510 doesn't match image C:\Users\rui02\unity_project\IVRC\IVRC\Library\ScriptAssemblies\Unity.Burst.CodeGen.dll
Symbol file LoadedFromMemory is not a mono symbol file
Symbol file data-0000018C06D367D0 doesn't match image C:\Users\rui02\unity_project\IVRC\IVRC\Library\ScriptAssemblies\Unity.VSCode.Editor.dll
Symbol file LoadedFromMemory is not a mono symbol file
Symbol file data-0000018C09ED1710 doesn't match image C:\Users\rui02\unity_project\IVRC\IVRC\Library\ScriptAssemblies\UniGLTF.Editor.dll
Symbol file LoadedFromMemory is not a mono symbol file
Symbol file data-0000018C06E93010 doesn't match image C:\Users\rui02\unity_project\IVRC\IVRC\Library\ScriptAssemblies\Unity.RenderPipelines.Universal.Editor.dll
Symbol file LoadedFromMemory is not a mono symbol file
Symbol file data-0000018C0A2D6010 doesn't match image C:\Users\rui02\unity_project\IVRC\IVRC\Library\ScriptAssemblies\Unity.RenderPipelines.HighDefinition.Editor.dll
Symbol file LoadedFromMemory is not a mono symbol file
Symbol file data-0000018C082E4B70 doesn't match image C:\Users\rui02\unity_project\IVRC\IVRC\Library\ScriptAssemblies\VRM.Samples.Editor.Tests.dll
Symbol file LoadedFromMemory is not a mono symbol file
Symbol file data-0000018BD7D7C010 doesn't match image C:\Users\rui02\unity_project\IVRC\IVRC\Library\ScriptAssemblies\Unity.RenderPipelines.ShaderGraph.ShaderGraphLibrary.dll
Symbol file LoadedFromMemory is not a mono symbol file
Symbol file data-0000018C082E4B70 doesn't match image C:\Users\rui02\unity_project\IVRC\IVRC\Library\ScriptAssemblies\Unity.EditorCoroutines.Editor.dll
Symbol file LoadedFromMemory is not a mono symbol file
Symbol file data-0000018C06D367D0 doesn't match image C:\Users\rui02\unity_project\IVRC\IVRC\Library\ScriptAssemblies\FastSpringBone.dll
Symbol file LoadedFromMemory is not a mono symbol file
Symbol file data-0000018BFBF693B0 doesn't match image C:\Users\rui02\unity_project\IVRC\IVRC\Library\ScriptAssemblies\Unity.TerrainTools.Editor.dll
Symbol file LoadedFromMemory is not a mono symbol file
Symbol file data-0000018BD8140010 doesn't match image C:\Users\rui02\unity_project\IVRC\IVRC\Library\ScriptAssemblies\Unity.RenderPipelines.Universal.Runtime.dll
Symbol file LoadedFromMemory is not a mono symbol file
Symbol file data-0000018C05EDC030 doesn't match image C:\Users\rui02\unity_project\IVRC\IVRC\Library\ScriptAssemblies\MToon.dll
Symbol file LoadedFromMemory is not a mono symbol file
Symbol file data-0000018C0A0E9790 doesn't match image C:\Users\rui02\unity_project\IVRC\IVRC\Library\ScriptAssemblies\UniHumanoid.dll
Symbol file LoadedFromMemory is not a mono symbol file
Symbol file data-0000018BFBF693B0 doesn't match image C:\Users\rui02\unity_project\IVRC\IVRC\Library\ScriptAssemblies\Unity.Burst.dll
Symbol file LoadedFromMemory is not a mono symbol file
Symbol file data-0000018C0846B040 doesn't match image C:\Users\rui02\unity_project\IVRC\IVRC\Library\ScriptAssemblies\UnityEngine.XR.LegacyInputHelpers.dll
Symbol file LoadedFromMemory is not a mono symbol file
Symbol file data-0000018C0A0E9790 doesn't match image C:\Users\rui02\unity_project\IVRC\IVRC\Library\ScriptAssemblies\UniGLTF.Tests.dll
Symbol file LoadedFromMemory is not a mono symbol file
Symbol file data-0000018C4FA88010 doesn't match image C:\Users\rui02\unity_project\IVRC\IVRC\Library\ScriptAssemblies\VRMShaders.GLTF.IO.Runtime.dll
Symbol file LoadedFromMemory is not a mono symbol file
Symbol file data-0000018C05782020 doesn't match image C:\Users\rui02\unity_project\IVRC\IVRC\Library\ScriptAssemblies\Unity.Timeline.Editor.dll
Symbol file LoadedFromMemory is not a mono symbol file
Symbol file data-0000018C05EDC030 doesn't match image C:\Users\rui02\unity_project\IVRC\IVRC\Library\ScriptAssemblies\Unity.VisualScripting.Shared.Editor.dll
Symbol file LoadedFromMemory is not a mono symbol file
Symbol file data-0000018BD7D7C010 doesn't match image C:\Users\rui02\unity_project\IVRC\IVRC\Library\ScriptAssemblies\Unity.TerrainTools.dll
Symbol file LoadedFromMemory is not a mono symbol file
Symbol file data-0000018C08669450 doesn't match image C:\Users\rui02\unity_project\IVRC\IVRC\Library\ScriptAssemblies\Unity.PlasticSCM.Editor.dll
Symbol file LoadedFromMemory is not a mono symbol file
Symbol file data-0000018C53E89870 doesn't match image C:\Users\rui02\unity_project\IVRC\IVRC\Library\ScriptAssemblies\Unity.CollabProxy.Editor.dll
Symbol file LoadedFromMemory is not a mono symbol file
Symbol file data-0000018C53E89870 doesn't match image C:\Users\rui02\unity_project\IVRC\IVRC\Library\ScriptAssemblies\UnityEditor.SpatialTracking.dll
Symbol file LoadedFromMemory is not a mono symbol file
Symbol file data-0000018C09D3B040 doesn't match image C:\Users\rui02\unity_project\IVRC\IVRC\Library\ScriptAssemblies\UniVRM.Editor.dll
Symbol file LoadedFromMemory is not a mono symbol file
Symbol file data-0000018C0B99EA10 doesn't match image C:\Users\rui02\unity_project\IVRC\IVRC\Library\ScriptAssemblies\Unity.ShaderGraph.Editor.dll
Symbol file LoadedFromMemory is not a mono symbol file
Symbol file data-0000018BFBB1B020 doesn't match image C:\Users\rui02\unity_project\IVRC\IVRC\Library\ScriptAssemblies\Unity.VisualStudio.Editor.dll
Symbol file LoadedFromMemory is not a mono symbol file
Symbol file data-0000018BFBEB6030 doesn't match image C:\Users\rui02\unity_project\IVRC\IVRC\Library\ScriptAssemblies\UnityEditor.UI.dll
Symbol file LoadedFromMemory is not a mono symbol file
Symbol file data-0000018C085AC060 doesn't match image C:\Users\rui02\unity_project\IVRC\IVRC\Library\ScriptAssemblies\Unity.VisualScripting.Core.dll
Symbol file LoadedFromMemory is not a mono symbol file
Symbol file data-0000018BFBB1B020 doesn't match image C:\Users\rui02\unity_project\IVRC\IVRC\Library\ScriptAssemblies\SteamVR_Input_Editor.dll
Symbol file LoadedFromMemory is not a mono symbol file
Symbol file data-0000018C0A2D6010 doesn't match image C:\Users\rui02\unity_project\IVRC\IVRC\Library\ScriptAssemblies\Unity.VisualScripting.Core.Editor.dll
Symbol file LoadedFromMemory is not a mono symbol file
Symbol file data-0000018C53E89870 doesn't match image C:\Users\rui02\unity_project\IVRC\IVRC\Library\ScriptAssemblies\UnityEngine.SpatialTracking.dll
Symbol file LoadedFromMemory is not a mono symbol file
Symbol file data-0000018C03B8B020 doesn't match image C:\Users\rui02\unity_project\IVRC\IVRC\Library\ScriptAssemblies\UnityEngine.UI.dll
Symbol file LoadedFromMemory is not a mono symbol file
Symbol file data-0000018C53E89870 doesn't match image C:\Users\rui02\unity_project\IVRC\IVRC\Library\ScriptAssemblies\VRMShaders.GLTF.IO.Tests.dll
Symbol file LoadedFromMemory is not a mono symbol file
Symbol file data-0000018C05EDC030 doesn't match image C:\Users\rui02\unity_project\IVRC\IVRC\Library\ScriptAssemblies\UnityEditor.XR.LegacyInputHelpers.dll
Symbol file LoadedFromMemory is not a mono symbol file
Symbol file data-0000018C03905010 doesn't match image C:\Users\rui02\unity_project\IVRC\IVRC\Library\ScriptAssemblies\SteamVR_Editor.dll
Symbol file LoadedFromMemory is not a mono symbol file
Symbol file data-0000018C0BA8C3A0 doesn't match image C:\Users\rui02\unity_project\IVRC\IVRC\Library\ScriptAssemblies\Unity.VisualScripting.Flow.Editor.dll
Symbol file LoadedFromMemory is not a mono symbol file
Symbol file data-0000018C53E89870 doesn't match image C:\Users\rui02\unity_project\IVRC\IVRC\Library\ScriptAssemblies\Unity.RenderPipeline.Universal.ShaderLibrary.dll
Symbol file LoadedFromMemory is not a mono symbol file
Symbol file data-0000018C0861BEB0 doesn't match image C:\Users\rui02\unity_project\IVRC\IVRC\Library\ScriptAssemblies\Unity.Timeline.dll
Symbol file LoadedFromMemory is not a mono symbol file
Symbol file data-0000018C05EDC030 doesn't match image C:\Users\rui02\unity_project\IVRC\IVRC\Library\ScriptAssemblies\Unity.XR.OpenVR.Editor.dll
Symbol file LoadedFromMemory is not a mono symbol file
Symbol file data-0000018C06A72840 doesn't match image C:\Users\rui02\unity_project\IVRC\IVRC\Library\ScriptAssemblies\VRMShaders.VRM10.MToon10.Runtime.dll
Symbol file LoadedFromMemory is not a mono symbol file
Symbol file data-0000018C08B47A20 doesn't match image C:\Users\rui02\unity_project\IVRC\IVRC\Library\ScriptAssemblies\Unity.VisualScripting.SettingsProvider.Editor.dll
Symbol file LoadedFromMemory is not a mono symbol file
Symbol file data-0000018C03905010 doesn't match image C:\Users\rui02\unity_project\IVRC\IVRC\Library\ScriptAssemblies\Unity.TestTools.CodeCoverage.Editor.OpenCover.Model.dll
Symbol file LoadedFromMemory is not a mono symbol file
Symbol file data-0000018C08B47A20 doesn't match image C:\Users\rui02\unity_project\IVRC\IVRC\Library\ScriptAssemblies\VRMShaders.GLTF.IO.Editor.dll
Symbol file LoadedFromMemory is not a mono symbol file
Symbol file data-0000018C0B081FD0 doesn't match image C:\Users\rui02\unity_project\IVRC\IVRC\Library\ScriptAssemblies\UnityEngine.TestRunner.dll
Symbol file LoadedFromMemory is not a mono symbol file
Symbol file data-0000018BFBB1B020 doesn't match image C:\Users\rui02\unity_project\IVRC\IVRC\Library\ScriptAssemblies\Unity.VisualScripting.State.Editor.dll
Symbol file LoadedFromMemory is not a mono symbol file
Symbol file data-0000018C03C13010 doesn't match image C:\Users\rui02\unity_project\IVRC\IVRC\Library\ScriptAssemblies\Unity.Mathematics.dll
Symbol file LoadedFromMemory is not a mono symbol file
Symbol file data-0000018C08B47A20 doesn't match image C:\Users\rui02\unity_project\IVRC\IVRC\Library\ScriptAssemblies\Unity.RenderPipelines.Universal.Shaders.dll
Symbol file LoadedFromMemory is not a mono symbol file
Symbol file data-0000018C0861BEB0 doesn't match image C:\Users\rui02\unity_project\IVRC\IVRC\Library\ScriptAssemblies\Unity.TextMeshPro.Editor.dll
Symbol file LoadedFromMemory is not a mono symbol file
Symbol file data-0000018C4FA88010 doesn't match image C:\Users\rui02\unity_project\IVRC\IVRC\Library\ScriptAssemblies\Unity.Searcher.Editor.dll
Symbol file LoadedFromMemory is not a mono symbol file
Symbol file data-0000018C4EB2C150 doesn't match image C:\Users\rui02\unity_project\IVRC\IVRC\Library\ScriptAssemblies\Unity.VisualScripting.State.dll
Symbol file LoadedFromMemory is not a mono symbol file
Symbol file data-0000018C08B47A20 doesn't match image C:\Users\rui02\unity_project\IVRC\IVRC\Library\ScriptAssemblies\Unity.ShaderGraph.Utilities.dll
Symbol file LoadedFromMemory is not a mono symbol file
Symbol file data-0000018C0A7DC830 doesn't match image C:\Users\rui02\unity_project\IVRC\IVRC\Library\ScriptAssemblies\Unity.RenderPipelines.HighDefinition.Runtime.dll
Symbol file LoadedFromMemory is not a mono symbol file
Symbol file data-0000018C03905010 doesn't match image C:\Users\rui02\unity_project\IVRC\IVRC\Library\ScriptAssemblies\VRM.Tests.dll
Symbol file LoadedFromMemory is not a mono symbol file
- Loaded All Assemblies, in  0.553 seconds
Refreshing native plugins compatible for Editor in 8.98 ms, found 6 plugins.
Native extension for WindowsStandalone target not found
Native extension for WebGL target not found
[Package Manager] Server::EnsureServerProcessIsRunning -- launch failed, reason: Unity was launched with the -noUpm command-line argument
[Package Manager] UpmClient::Send -- Unable to send message (not connected to UPM process).
[Package Manager] Cannot connect to Unity Package Manager local server
[Package Manager] Server::EnsureServerProcessIsRunning -- launch failed, reason: Unity was launched with the -noUpm command-line argument
[Package Manager] UpmClient::Send -- Unable to send message (not connected to UPM process).
[Package Manager] Cannot connect to Unity Package Manager local server
Mono: successfully reloaded assembly
[Package Manager] Server::EnsureServerProcessIsRunning -- launch failed, reason: Unity was launched with the -noUpm command-line argument
[Package Manager] UpmClient::Send -- Unable to send message (not connected to UPM process).
[Package Manager] Cannot connect to Unity Package Manager local server
- Finished resetting the current domain, in  1.210 seconds
Domain Reload Profiling: 1760ms
	BeginReloadAssembly (157ms)
		ExecutionOrderSort (0ms)
		DisableScriptedObjects (5ms)
		BackupInstance (0ms)
		ReleaseScriptingObjects (0ms)
		CreateAndSetChildDomain (41ms)
	RebuildCommonClasses (33ms)
	RebuildNativeTypeToScriptingClass (10ms)
	initialDomainReloadingComplete (26ms)
	LoadAllAssembliesAndSetupDomain (324ms)
		LoadAssemblies (320ms)
		RebuildTransferFunctionScriptingTraits (0ms)
		AnalyzeDomain (81ms)
			TypeCache.Refresh (15ms)
				TypeCache.ScanAssembly (1ms)
			ScanForSourceGeneratedMonoScriptInfo (43ms)
			ResolveRequiredComponents (22ms)
	FinalizeReload (1210ms)
		ReleaseScriptCaches (0ms)
		RebuildScriptCaches (0ms)
		SetupLoadedEditorAssemblies (515ms)
			LogAssemblyErrors (0ms)
			InitializePlatformSupportModulesInManaged (6ms)
			SetLoadedEditorAssemblies (5ms)
			RefreshPlugins (0ms)
			BeforeProcessingInitializeOnLoad (87ms)
			ProcessInitializeOnLoadAttributes (390ms)
			ProcessInitializeOnLoadMethodAttributes (22ms)
			AfterProcessingInitializeOnLoad (4ms)
			EditorAssembliesLoaded (0ms)
		ExecutionOrderSort2 (0ms)
		AwakeInstancesAfterBackupRestoration (5ms)
Refreshing native plugins compatible for Editor in 5.00 ms, found 6 plugins.
Preloading 0 native plugins for Editor in 0.00 ms.
Unloading 7867 Unused Serialized files (Serialized files now loaded: 0)
Unloading 200 unused Assets / (14.8 MB). Loaded Objects now: 8558.
Memory consumption went from 299.3 MB to 284.4 MB.
Total: 7.790500 ms (FindLiveObjects: 0.796200 ms CreateObjectMapping: 0.384000 ms MarkObjects: 3.285000 ms  DeleteObjects: 3.324000 ms)

Prepare: number of updated asset objects reloaded= 0
AssetImportParameters requested are different than current active one (requested -> active):
  custom:container-demuxer-ogg: 62fdf1f143b41e24485cea50d1cbac27 -> 
  custom:framework-win-MediaFoundation: 216162199b28c13a410421893ffa2e32 -> 
  custom:container-muxer-webm: aa71ff27fc2769a1b78a27578f13a17b -> 
  custom:video-decoder-webm-vp8: 9c59270c3fd7afecdb556c50c9e8de78 -> 
  custom:SearchIndexIgnoredProperties: e643bd26f0fe6173181afceb89e7c659 -> 
  custom:AudioImporter_EditorPlatform: d09bf68614088b80899f8185d706f6e7 -> 
  custom:audio-decoder-ogg-vorbis: bf7c407c2cedff20999df2af8eb42d56 -> 
  custom:audio-encoder-webm-vorbis: bf7c407c2cedff20999df2af8eb42d56 -> 
  custom:video-codec-MediaFoundation-h265: 746d11721c4dcdbdad8f713fa42b33f4 -> 
  custom:video-decoder-ogg-theora: a1e56fd34408186e4bbccfd4996cb3dc -> 
  custom:CustomObjectIndexerAttribute: a3ef5dd2817f97addfee359851a9dba5 -> 
  custom:container-demuxer-webm: 4f35f7cbe854078d1ac9338744f61a02 -> 
  custom:video-encoder-webm-vp8: eb34c28f22e8b96e1ab97ce403110664 -> 
========================================================================
Received Prepare
Begin MonoManager ReloadAssembly
Symbol file data-0000018C063A4030 doesn't match image C:\Users\rui02\unity_project\IVRC\IVRC\Library\ScriptAssemblies\UniHumanoid.Editor.dll
Symbol file LoadedFromMemory is not a mono symbol file
Symbol file data-0000018C05EDC030 doesn't match image C:\Users\rui02\unity_project\IVRC\IVRC\Library\ScriptAssemblies\Unity.XR.Management.dll
Symbol file LoadedFromMemory is not a mono symbol file
Symbol file data-0000018C4F2B3F30 doesn't match image C:\Users\rui02\unity_project\IVRC\IVRC\Library\ScriptAssemblies\UniHumanoid.Editor.Tests.dll
Symbol file LoadedFromMemory is not a mono symbol file
Symbol file data-0000018BFBB1B020 doesn't match image C:\Users\rui02\unity_project\IVRC\IVRC\Library\ScriptAssemblies\Unity.VisualEffectGraph.Runtime.dll
Symbol file LoadedFromMemory is not a mono symbol file
Symbol file data-0000018BF9D99010 doesn't match image C:\Users\rui02\unity_project\IVRC\IVRC\Library\ScriptAssemblies\Unity.RenderPipelines.Core.Runtime.dll
Symbol file LoadedFromMemory is not a mono symbol file
Symbol file data-0000018C087F9940 doesn't match image C:\Users\rui02\unity_project\IVRC\IVRC\Library\ScriptAssemblies\Unity.Burst.Editor.dll
Symbol file LoadedFromMemory is not a mono symbol file
Symbol file data-0000018BD85AD020 doesn't match image C:\Users\rui02\unity_project\IVRC\IVRC\Library\ScriptAssemblies\SteamVR.dll
Symbol file LoadedFromMemory is not a mono symbol file
Symbol file data-0000018BD7D7C010 doesn't match image C:\Users\rui02\unity_project\IVRC\IVRC\Library\ScriptAssemblies\VRMShaders.GLTF.UniUnlit.Runtime.dll
Symbol file LoadedFromMemory is not a mono symbol file
Symbol file data-0000018BD7D7C010 doesn't match image C:\Users\rui02\unity_project\IVRC\IVRC\Library\ScriptAssemblies\SteamVR_Windows_EditorHelper.dll
Symbol file LoadedFromMemory is not a mono symbol file
Symbol file data-0000018C4F998020 doesn't match image C:\Users\rui02\unity_project\IVRC\IVRC\Library\ScriptAssemblies\UniGLTF.dll
Symbol file LoadedFromMemory is not a mono symbol file
Symbol file data-0000018C524CC2F0 doesn't match image C:\Users\rui02\unity_project\IVRC\IVRC\Library\ScriptAssemblies\Unity.Rider.Editor.dll
Symbol file LoadedFromMemory is not a mono symbol file
Symbol file data-0000018BD7D7C010 doesn't match image C:\Users\rui02\unity_project\IVRC\IVRC\Library\ScriptAssemblies\VRMShaders.VRM10.MToon10.Tests.dll
Symbol file LoadedFromMemory is not a mono symbol file
Symbol file data-0000018BF9D99010 doesn't match image C:\Users\rui02\unity_project\IVRC\IVRC\Library\ScriptAssemblies\Unity.RenderPipelines.Core.Editor.dll
Symbol file LoadedFromMemory is not a mono symbol file
Symbol file data-0000018C0B446020 doesn't match image C:\Users\rui02\unity_project\IVRC\IVRC\Library\ScriptAssemblies\Unity.VisualEffectGraph.Editor.dll
Symbol file LoadedFromMemory is not a mono symbol file
Symbol file data-0000018BB47E5B90 doesn't match image C:\Users\rui02\unity_project\IVRC\IVRC\Library\ScriptAssemblies\UnityEditor.TestRunner.dll
Symbol file LoadedFromMemory is not a mono symbol file
Symbol file data-0000018C03781040 doesn't match image C:\Users\rui02\unity_project\IVRC\IVRC\Library\ScriptAssemblies\Unity.VisualScripting.Flow.dll
Symbol file LoadedFromMemory is not a mono symbol file
Symbol file data-0000018C0A20A010 doesn't match image C:\Users\rui02\unity_project\IVRC\IVRC\Library\ScriptAssemblies\Unity.Mathematics.Editor.dll
Symbol file LoadedFromMemory is not a mono symbol file
Symbol file data-0000018C0A20A010 doesn't match image C:\Users\rui02\unity_project\IVRC\IVRC\Library\ScriptAssemblies\Unity.TestTools.CodeCoverage.Editor.OpenCover.Mono.Reflection.dll
Symbol file LoadedFromMemory is not a mono symbol file
Symbol file data-0000018C55506010 doesn't match image C:\Users\rui02\unity_project\IVRC\IVRC\Library\ScriptAssemblies\VRMShaders.VRM10.MToon10.Editor.dll
Symbol file LoadedFromMemory is not a mono symbol file
Symbol file data-0000018C08F54850 doesn't match image C:\Users\rui02\unity_project\IVRC\IVRC\Library\ScriptAssemblies\UniGLTF.Utils.dll
Symbol file LoadedFromMemory is not a mono symbol file
Symbol file data-0000018BD7D7C010 doesn't match image C:\Users\rui02\unity_project\IVRC\IVRC\Library\ScriptAssemblies\Unity.RenderPipelines.HighDefinition.Config.Runtime.dll
Symbol file LoadedFromMemory is not a mono symbol file
Symbol file data-0000018C55506010 doesn't match image C:\Users\rui02\unity_project\IVRC\IVRC\Library\ScriptAssemblies\MToon.Editor.dll
Symbol file LoadedFromMemory is not a mono symbol file
Symbol file data-0000018C09FEC5B0 doesn't match image C:\Users\rui02\unity_project\IVRC\IVRC\Library\ScriptAssemblies\Unity.Performance.Profile-Analyzer.Editor.dll
Symbol file LoadedFromMemory is not a mono symbol file
Symbol file data-0000018C4F2B3F30 doesn't match image C:\Users\rui02\unity_project\IVRC\IVRC\Library\ScriptAssemblies\Unity.RenderPipelines.Core.ShaderLibrary.dll
Symbol file LoadedFromMemory is not a mono symbol file
Symbol file data-0000018C03FB3050 doesn't match image C:\Users\rui02\unity_project\IVRC\IVRC\Library\ScriptAssemblies\Unity.XR.Management.Editor.dll
Symbol file LoadedFromMemory is not a mono symbol file
Symbol file data-0000018C4F2B3F30 doesn't match image C:\Users\rui02\unity_project\IVRC\IVRC\Library\ScriptAssemblies\VRMShaders.VRM.IO.Runtime.dll
Symbol file LoadedFromMemory is not a mono symbol file
Symbol file data-0000018C08470FD0 doesn't match image C:\Users\rui02\unity_project\IVRC\IVRC\Library\ScriptAssemblies\Unity.TestTools.CodeCoverage.Editor.dll
Symbol file LoadedFromMemory is not a mono symbol file
Symbol file data-0000018C0A3898F0 doesn't match image C:\Users\rui02\unity_project\IVRC\IVRC\Library\ScriptAssemblies\VRM.dll
Symbol file LoadedFromMemory is not a mono symbol file
Symbol file data-0000018C55506010 doesn't match image C:\Users\rui02\unity_project\IVRC\IVRC\Library\ScriptAssemblies\VRMShaders.GLTF.UniUnlit.Editor.dll
Symbol file LoadedFromMemory is not a mono symbol file
Symbol file data-0000018C55506010 doesn't match image C:\Users\rui02\unity_project\IVRC\IVRC\Library\ScriptAssemblies\PPv2URPConverters.dll
Symbol file LoadedFromMemory is not a mono symbol file
Symbol file data-0000018BFBB1B020 doesn't match image C:\Users\rui02\unity_project\IVRC\IVRC\Library\ScriptAssemblies\Unity.XR.OpenVR.dll
Symbol file LoadedFromMemory is not a mono symbol file
Symbol file data-0000018C09135050 doesn't match image C:\Users\rui02\unity_project\IVRC\IVRC\Library\ScriptAssemblies\Unity.Settings.Editor.dll
Symbol file LoadedFromMemory is not a mono symbol file
Symbol file data-0000018C4F7D2030 doesn't match image C:\Users\rui02\unity_project\IVRC\IVRC\Library\ScriptAssemblies\Unity.TextMeshPro.dll
Symbol file LoadedFromMemory is not a mono symbol file
Symbol file data-0000018C4F2B3F30 doesn't match image C:\Users\rui02\unity_project\IVRC\IVRC\Library\ScriptAssemblies\VRMShaders.VRM10.Format.Runtime.dll
Symbol file LoadedFromMemory is not a mono symbol file
Symbol file data-0000018C09DB3020 doesn't match image C:\Users\rui02\unity_project\IVRC\IVRC\Library\ScriptAssemblies\Unity.Burst.CodeGen.dll
Symbol file LoadedFromMemory is not a mono symbol file
Symbol file data-0000018BD7D29010 doesn't match image C:\Users\rui02\unity_project\IVRC\IVRC\Library\ScriptAssemblies\Unity.VSCode.Editor.dll
Symbol file LoadedFromMemory is not a mono symbol file
Symbol file data-0000018C51271F40 doesn't match image C:\Users\rui02\unity_project\IVRC\IVRC\Library\ScriptAssemblies\UniGLTF.Editor.dll
Symbol file LoadedFromMemory is not a mono symbol file
Symbol file data-0000018BF9D99010 doesn't match image C:\Users\rui02\unity_project\IVRC\IVRC\Library\ScriptAssemblies\Unity.RenderPipelines.Universal.Editor.dll
Symbol file LoadedFromMemory is not a mono symbol file
Symbol file data-0000018C534F9140 doesn't match image C:\Users\rui02\unity_project\IVRC\IVRC\Library\ScriptAssemblies\Unity.RenderPipelines.HighDefinition.Editor.dll
Symbol file LoadedFromMemory is not a mono symbol file
Symbol file data-0000018C55506010 doesn't match image C:\Users\rui02\unity_project\IVRC\IVRC\Library\ScriptAssemblies\VRM.Samples.Editor.Tests.dll
Symbol file LoadedFromMemory is not a mono symbol file
Symbol file data-0000018C4F2B3F30 doesn't match image C:\Users\rui02\unity_project\IVRC\IVRC\Library\ScriptAssemblies\Unity.RenderPipelines.ShaderGraph.ShaderGraphLibrary.dll
Symbol file LoadedFromMemory is not a mono symbol file
Symbol file data-0000018C55506010 doesn't match image C:\Users\rui02\unity_project\IVRC\IVRC\Library\ScriptAssemblies\Unity.EditorCoroutines.Editor.dll
Symbol file LoadedFromMemory is not a mono symbol file
Symbol file data-0000018BD7D29010 doesn't match image C:\Users\rui02\unity_project\IVRC\IVRC\Library\ScriptAssemblies\FastSpringBone.dll
Symbol file LoadedFromMemory is not a mono symbol file
Symbol file data-0000018C4F7D2030 doesn't match image C:\Users\rui02\unity_project\IVRC\IVRC\Library\ScriptAssemblies\Unity.TerrainTools.Editor.dll
Symbol file LoadedFromMemory is not a mono symbol file
Symbol file data-0000018BD8140010 doesn't match image C:\Users\rui02\unity_project\IVRC\IVRC\Library\ScriptAssemblies\Unity.RenderPipelines.Universal.Runtime.dll
Symbol file LoadedFromMemory is not a mono symbol file
Symbol file data-0000018C0B028010 doesn't match image C:\Users\rui02\unity_project\IVRC\IVRC\Library\ScriptAssemblies\MToon.dll
Symbol file LoadedFromMemory is not a mono symbol file
Symbol file data-0000018C0A0E9790 doesn't match image C:\Users\rui02\unity_project\IVRC\IVRC\Library\ScriptAssemblies\UniHumanoid.dll
Symbol file LoadedFromMemory is not a mono symbol file
Symbol file data-0000018C4F7D2030 doesn't match image C:\Users\rui02\unity_project\IVRC\IVRC\Library\ScriptAssemblies\Unity.Burst.dll
Symbol file LoadedFromMemory is not a mono symbol file
Symbol file data-0000018C063A4030 doesn't match image C:\Users\rui02\unity_project\IVRC\IVRC\Library\ScriptAssemblies\UnityEngine.XR.LegacyInputHelpers.dll
Symbol file LoadedFromMemory is not a mono symbol file
Symbol file data-0000018C0A0E9790 doesn't match image C:\Users\rui02\unity_project\IVRC\IVRC\Library\ScriptAssemblies\UniGLTF.Tests.dll
Symbol file LoadedFromMemory is not a mono symbol file
Symbol file data-0000018C51EF6020 doesn't match image C:\Users\rui02\unity_project\IVRC\IVRC\Library\ScriptAssemblies\VRMShaders.GLTF.IO.Runtime.dll
Symbol file LoadedFromMemory is not a mono symbol file
Symbol file data-0000018C05782020 doesn't match image C:\Users\rui02\unity_project\IVRC\IVRC\Library\ScriptAssemblies\Unity.Timeline.Editor.dll
Symbol file LoadedFromMemory is not a mono symbol file
Symbol file data-0000018C0B028010 doesn't match image C:\Users\rui02\unity_project\IVRC\IVRC\Library\ScriptAssemblies\Unity.VisualScripting.Shared.Editor.dll
Symbol file LoadedFromMemory is not a mono symbol file
Symbol file data-0000018C044FD220 doesn't match image C:\Users\rui02\unity_project\IVRC\IVRC\Library\ScriptAssemblies\Unity.TerrainTools.dll
Symbol file LoadedFromMemory is not a mono symbol file
Symbol file data-0000018C53230080 doesn't match image C:\Users\rui02\unity_project\IVRC\IVRC\Library\ScriptAssemblies\Unity.PlasticSCM.Editor.dll
Symbol file LoadedFromMemory is not a mono symbol file
Symbol file data-0000018C4F2B3F30 doesn't match image C:\Users\rui02\unity_project\IVRC\IVRC\Library\ScriptAssemblies\Unity.CollabProxy.Editor.dll
Symbol file LoadedFromMemory is not a mono symbol file
Symbol file data-0000018C08F54850 doesn't match image C:\Users\rui02\unity_project\IVRC\IVRC\Library\ScriptAssemblies\UnityEditor.SpatialTracking.dll
Symbol file LoadedFromMemory is not a mono symbol file
Symbol file data-0000018C09D3B040 doesn't match image C:\Users\rui02\unity_project\IVRC\IVRC\Library\ScriptAssemblies\UniVRM.Editor.dll
Symbol file LoadedFromMemory is not a mono symbol file
Symbol file data-0000018C03359EC0 doesn't match image C:\Users\rui02\unity_project\IVRC\IVRC\Library\ScriptAssemblies\Unity.ShaderGraph.Editor.dll
Symbol file LoadedFromMemory is not a mono symbol file
Symbol file data-0000018C03FB3050 doesn't match image C:\Users\rui02\unity_project\IVRC\IVRC\Library\ScriptAssemblies\Unity.VisualStudio.Editor.dll
Symbol file LoadedFromMemory is not a mono symbol file
Symbol file data-0000018C0AE03B80 doesn't match image C:\Users\rui02\unity_project\IVRC\IVRC\Library\ScriptAssemblies\UnityEditor.UI.dll
Symbol file LoadedFromMemory is not a mono symbol file
Symbol file data-0000018C4C864030 doesn't match image C:\Users\rui02\unity_project\IVRC\IVRC\Library\ScriptAssemblies\Unity.VisualScripting.Core.dll
Symbol file LoadedFromMemory is not a mono symbol file
Symbol file data-0000018C03FB3050 doesn't match image C:\Users\rui02\unity_project\IVRC\IVRC\Library\ScriptAssemblies\SteamVR_Input_Editor.dll
Symbol file LoadedFromMemory is not a mono symbol file
Symbol file data-0000018C53679150 doesn't match image C:\Users\rui02\unity_project\IVRC\IVRC\Library\ScriptAssemblies\Unity.VisualScripting.Core.Editor.dll
Symbol file LoadedFromMemory is not a mono symbol file
Symbol file data-0000018C082E4B70 doesn't match image C:\Users\rui02\unity_project\IVRC\IVRC\Library\ScriptAssemblies\UnityEngine.SpatialTracking.dll
Symbol file LoadedFromMemory is not a mono symbol file
Symbol file data-0000018C069E3930 doesn't match image C:\Users\rui02\unity_project\IVRC\IVRC\Library\ScriptAssemblies\UnityEngine.UI.dll
Symbol file LoadedFromMemory is not a mono symbol file
Symbol file data-0000018C082E4B70 doesn't match image C:\Users\rui02\unity_project\IVRC\IVRC\Library\ScriptAssemblies\VRMShaders.GLTF.IO.Tests.dll
Symbol file LoadedFromMemory is not a mono symbol file
Symbol file data-0000018C05EDC030 doesn't match image C:\Users\rui02\unity_project\IVRC\IVRC\Library\ScriptAssemblies\UnityEditor.XR.LegacyInputHelpers.dll
Symbol file LoadedFromMemory is not a mono symbol file
Symbol file data-0000018C51F01610 doesn't match image C:\Users\rui02\unity_project\IVRC\IVRC\Library\ScriptAssemblies\SteamVR_Editor.dll
Symbol file LoadedFromMemory is not a mono symbol file
Symbol file data-0000018C06546020 doesn't match image C:\Users\rui02\unity_project\IVRC\IVRC\Library\ScriptAssemblies\Unity.VisualScripting.Flow.Editor.dll
Symbol file LoadedFromMemory is not a mono symbol file
Symbol file data-0000018C4F2B3F30 doesn't match image C:\Users\rui02\unity_project\IVRC\IVRC\Library\ScriptAssemblies\Unity.RenderPipeline.Universal.ShaderLibrary.dll
Symbol file LoadedFromMemory is not a mono symbol file
Symbol file data-0000018C0873C820 doesn't match image C:\Users\rui02\unity_project\IVRC\IVRC\Library\ScriptAssemblies\Unity.Timeline.dll
Symbol file LoadedFromMemory is not a mono symbol file
Symbol file data-0000018C091C8020 doesn't match image C:\Users\rui02\unity_project\IVRC\IVRC\Library\ScriptAssemblies\Unity.XR.OpenVR.Editor.dll
Symbol file LoadedFromMemory is not a mono symbol file
Symbol file data-0000018BFB932010 doesn't match image C:\Users\rui02\unity_project\IVRC\IVRC\Library\ScriptAssemblies\VRMShaders.VRM10.MToon10.Runtime.dll
Symbol file LoadedFromMemory is not a mono symbol file
Symbol file data-0000018C0A20A010 doesn't match image C:\Users\rui02\unity_project\IVRC\IVRC\Library\ScriptAssemblies\Unity.VisualScripting.SettingsProvider.Editor.dll
Symbol file LoadedFromMemory is not a mono symbol file
Symbol file data-0000018C51F01610 doesn't match image C:\Users\rui02\unity_project\IVRC\IVRC\Library\ScriptAssemblies\Unity.TestTools.CodeCoverage.Editor.OpenCover.Model.dll
Symbol file LoadedFromMemory is not a mono symbol file
Symbol file data-0000018C03465020 doesn't match image C:\Users\rui02\unity_project\IVRC\IVRC\Library\ScriptAssemblies\VRMShaders.GLTF.IO.Editor.dll
Symbol file LoadedFromMemory is not a mono symbol file
Symbol file data-0000018C4D1F3850 doesn't match image C:\Users\rui02\unity_project\IVRC\IVRC\Library\ScriptAssemblies\UnityEngine.TestRunner.dll
Symbol file LoadedFromMemory is not a mono symbol file
Symbol file data-0000018C03FB3050 doesn't match image C:\Users\rui02\unity_project\IVRC\IVRC\Library\ScriptAssemblies\Unity.VisualScripting.State.Editor.dll
Symbol file LoadedFromMemory is not a mono symbol file
Symbol file data-0000018C06B6A4A0 doesn't match image C:\Users\rui02\unity_project\IVRC\IVRC\Library\ScriptAssemblies\Unity.Mathematics.dll
Symbol file LoadedFromMemory is not a mono symbol file
Symbol file data-0000018C044FD220 doesn't match image C:\Users\rui02\unity_project\IVRC\IVRC\Library\ScriptAssemblies\Unity.RenderPipelines.Universal.Shaders.dll
Symbol file LoadedFromMemory is not a mono symbol file
Symbol file data-0000018C09DC8A10 doesn't match image C:\Users\rui02\unity_project\IVRC\IVRC\Library\ScriptAssemblies\Unity.TextMeshPro.Editor.dll
Symbol file LoadedFromMemory is not a mono symbol file
Symbol file data-0000018BFBF440D0 doesn't match image C:\Users\rui02\unity_project\IVRC\IVRC\Library\ScriptAssemblies\Unity.Searcher.Editor.dll
Symbol file LoadedFromMemory is not a mono symbol file
Symbol file data-0000018C51F0A8F0 doesn't match image C:\Users\rui02\unity_project\IVRC\IVRC\Library\ScriptAssemblies\Unity.VisualScripting.State.dll
Symbol file LoadedFromMemory is not a mono symbol file
Symbol file data-0000018C08F54850 doesn't match image C:\Users\rui02\unity_project\IVRC\IVRC\Library\ScriptAssemblies\Unity.ShaderGraph.Utilities.dll
Symbol file LoadedFromMemory is not a mono symbol file
Symbol file data-0000018C5290B050 doesn't match image C:\Users\rui02\unity_project\IVRC\IVRC\Library\ScriptAssemblies\Unity.RenderPipelines.HighDefinition.Runtime.dll
Symbol file LoadedFromMemory is not a mono symbol file
Symbol file data-0000018C08E8E030 doesn't match image C:\Users\rui02\unity_project\IVRC\IVRC\Library\ScriptAssemblies\VRM.Tests.dll
Symbol file LoadedFromMemory is not a mono symbol file
- Loaded All Assemblies, in  0.495 seconds
Refreshing native plugins compatible for Editor in 5.12 ms, found 6 plugins.
Native extension for WindowsStandalone target not found
Native extension for WebGL target not found
[Package Manager] Server::EnsureServerProcessIsRunning -- launch failed, reason: Unity was launched with the -noUpm command-line argument
[Package Manager] UpmClient::Send -- Unable to send message (not connected to UPM process).
[Package Manager] Cannot connect to Unity Package Manager local server
[Package Manager] Server::EnsureServerProcessIsRunning -- launch failed, reason: Unity was launched with the -noUpm command-line argument
[Package Manager] UpmClient::Send -- Unable to send message (not connected to UPM process).
[Package Manager] Cannot connect to Unity Package Manager local server
Mono: successfully reloaded assembly
[Package Manager] Server::EnsureServerProcessIsRunning -- launch failed, reason: Unity was launched with the -noUpm command-line argument
[Package Manager] UpmClient::Send -- Unable to send message (not connected to UPM process).
[Package Manager] Cannot connect to Unity Package Manager local server
- Finished resetting the current domain, in  1.226 seconds
Domain Reload Profiling: 1718ms
	BeginReloadAssembly (141ms)
		ExecutionOrderSort (0ms)
		DisableScriptedObjects (3ms)
		BackupInstance (0ms)
		ReleaseScriptingObjects (0ms)
		CreateAndSetChildDomain (39ms)
	RebuildCommonClasses (31ms)
	RebuildNativeTypeToScriptingClass (12ms)
	initialDomainReloadingComplete (25ms)
	LoadAllAssembliesAndSetupDomain (283ms)
		LoadAssemblies (325ms)
		RebuildTransferFunctionScriptingTraits (0ms)
		AnalyzeDomain (28ms)
			TypeCache.Refresh (8ms)
				TypeCache.ScanAssembly (0ms)
			ScanForSourceGeneratedMonoScriptInfo (0ms)
			ResolveRequiredComponents (17ms)
	FinalizeReload (1226ms)
		ReleaseScriptCaches (0ms)
		RebuildScriptCaches (0ms)
		SetupLoadedEditorAssemblies (511ms)
			LogAssemblyErrors (0ms)
			InitializePlatformSupportModulesInManaged (5ms)
			SetLoadedEditorAssemblies (3ms)
			RefreshPlugins (0ms)
			BeforeProcessingInitializeOnLoad (86ms)
			ProcessInitializeOnLoadAttributes (385ms)
			ProcessInitializeOnLoadMethodAttributes (24ms)
			AfterProcessingInitializeOnLoad (6ms)
			EditorAssembliesLoaded (0ms)
		ExecutionOrderSort2 (0ms)
		AwakeInstancesAfterBackupRestoration (6ms)
Refreshing native plugins compatible for Editor in 4.48 ms, found 6 plugins.
Preloading 0 native plugins for Editor in 0.00 ms.
Unloading 7867 Unused Serialized files (Serialized files now loaded: 0)
Unloading 200 unused Assets / (14.8 MB). Loaded Objects now: 8574.
Memory consumption went from 299.2 MB to 284.3 MB.
Total: 5.485700 ms (FindLiveObjects: 0.454000 ms CreateObjectMapping: 0.306600 ms MarkObjects: 2.630900 ms  DeleteObjects: 2.093500 ms)

Prepare: number of updated asset objects reloaded= 0
AssetImportParameters requested are different than current active one (requested -> active):
  custom:container-demuxer-ogg: 62fdf1f143b41e24485cea50d1cbac27 -> 
  custom:framework-win-MediaFoundation: 216162199b28c13a410421893ffa2e32 -> 
  custom:container-muxer-webm: aa71ff27fc2769a1b78a27578f13a17b -> 
  custom:video-decoder-webm-vp8: 9c59270c3fd7afecdb556c50c9e8de78 -> 
  custom:SearchIndexIgnoredProperties: e643bd26f0fe6173181afceb89e7c659 -> 
  custom:AudioImporter_EditorPlatform: d09bf68614088b80899f8185d706f6e7 -> 
  custom:audio-decoder-ogg-vorbis: bf7c407c2cedff20999df2af8eb42d56 -> 
  custom:audio-encoder-webm-vorbis: bf7c407c2cedff20999df2af8eb42d56 -> 
  custom:video-codec-MediaFoundation-h265: 746d11721c4dcdbdad8f713fa42b33f4 -> 
  custom:video-decoder-ogg-theora: a1e56fd34408186e4bbccfd4996cb3dc -> 
  custom:CustomObjectIndexerAttribute: a3ef5dd2817f97addfee359851a9dba5 -> 
  custom:container-demuxer-webm: 4f35f7cbe854078d1ac9338744f61a02 -> 
  custom:video-encoder-webm-vp8: eb34c28f22e8b96e1ab97ce403110664 -> 
========================================================================
Received Prepare
Begin MonoManager ReloadAssembly
Symbol file data-0000018C4F7F7E20 doesn't match image C:\Users\rui02\unity_project\IVRC\IVRC\Library\ScriptAssemblies\UniHumanoid.Editor.dll
Symbol file LoadedFromMemory is not a mono symbol file
Symbol file data-0000018C06239020 doesn't match image C:\Users\rui02\unity_project\IVRC\IVRC\Library\ScriptAssemblies\Unity.XR.Management.dll
Symbol file LoadedFromMemory is not a mono symbol file
Symbol file data-0000018C4F2B3F30 doesn't match image C:\Users\rui02\unity_project\IVRC\IVRC\Library\ScriptAssemblies\UniHumanoid.Editor.Tests.dll
Symbol file LoadedFromMemory is not a mono symbol file
Symbol file data-0000018C0B62EA80 doesn't match image C:\Users\rui02\unity_project\IVRC\IVRC\Library\ScriptAssemblies\Unity.VisualEffectGraph.Runtime.dll
Symbol file LoadedFromMemory is not a mono symbol file
Symbol file data-0000018C4D5654A0 doesn't match image C:\Users\rui02\unity_project\IVRC\IVRC\Library\ScriptAssemblies\Unity.RenderPipelines.Core.Runtime.dll
Symbol file LoadedFromMemory is not a mono symbol file
Symbol file data-0000018C087F9940 doesn't match image C:\Users\rui02\unity_project\IVRC\IVRC\Library\ScriptAssemblies\Unity.Burst.Editor.dll
Symbol file LoadedFromMemory is not a mono symbol file
Symbol file data-0000018BD85AD020 doesn't match image C:\Users\rui02\unity_project\IVRC\IVRC\Library\ScriptAssemblies\SteamVR.dll
Symbol file LoadedFromMemory is not a mono symbol file
Symbol file data-0000018C4F2B3F30 doesn't match image C:\Users\rui02\unity_project\IVRC\IVRC\Library\ScriptAssemblies\VRMShaders.GLTF.UniUnlit.Runtime.dll
Symbol file LoadedFromMemory is not a mono symbol file
Symbol file data-0000018C4F2B3F30 doesn't match image C:\Users\rui02\unity_project\IVRC\IVRC\Library\ScriptAssemblies\SteamVR_Windows_EditorHelper.dll
Symbol file LoadedFromMemory is not a mono symbol file
Symbol file data-0000018C094C7360 doesn't match image C:\Users\rui02\unity_project\IVRC\IVRC\Library\ScriptAssemblies\UniGLTF.dll
Symbol file LoadedFromMemory is not a mono symbol file
Symbol file data-0000018C06FE0180 doesn't match image C:\Users\rui02\unity_project\IVRC\IVRC\Library\ScriptAssemblies\Unity.Rider.Editor.dll
Symbol file LoadedFromMemory is not a mono symbol file
Symbol file data-0000018C4F2B3F30 doesn't match image C:\Users\rui02\unity_project\IVRC\IVRC\Library\ScriptAssemblies\VRMShaders.VRM10.MToon10.Tests.dll
Symbol file LoadedFromMemory is not a mono symbol file
Symbol file data-0000018BF9D99010 doesn't match image C:\Users\rui02\unity_project\IVRC\IVRC\Library\ScriptAssemblies\Unity.RenderPipelines.Core.Editor.dll
Symbol file LoadedFromMemory is not a mono symbol file
Symbol file data-0000018C4F5E8010 doesn't match image C:\Users\rui02\unity_project\IVRC\IVRC\Library\ScriptAssemblies\Unity.VisualEffectGraph.Editor.dll
Symbol file LoadedFromMemory is not a mono symbol file
Symbol file data-0000018C0881B850 doesn't match image C:\Users\rui02\unity_project\IVRC\IVRC\Library\ScriptAssemblies\UnityEditor.TestRunner.dll
Symbol file LoadedFromMemory is not a mono symbol file
Symbol file data-0000018BF9B46010 doesn't match image C:\Users\rui02\unity_project\IVRC\IVRC\Library\ScriptAssemblies\Unity.VisualScripting.Flow.dll
Symbol file LoadedFromMemory is not a mono symbol file
Symbol file data-0000018C4E1D7820 doesn't match image C:\Users\rui02\unity_project\IVRC\IVRC\Library\ScriptAssemblies\Unity.Mathematics.Editor.dll
Symbol file LoadedFromMemory is not a mono symbol file
Symbol file data-0000018C4E1D7820 doesn't match image C:\Users\rui02\unity_project\IVRC\IVRC\Library\ScriptAssemblies\Unity.TestTools.CodeCoverage.Editor.OpenCover.Mono.Reflection.dll
Symbol file LoadedFromMemory is not a mono symbol file
Symbol file data-0000018C0BDBD040 doesn't match image C:\Users\rui02\unity_project\IVRC\IVRC\Library\ScriptAssemblies\VRMShaders.VRM10.MToon10.Editor.dll
Symbol file LoadedFromMemory is not a mono symbol file
Symbol file data-0000018C08F54850 doesn't match image C:\Users\rui02\unity_project\IVRC\IVRC\Library\ScriptAssemblies\UniGLTF.Utils.dll
Symbol file LoadedFromMemory is not a mono symbol file
Symbol file data-0000018C4F2B3F30 doesn't match image C:\Users\rui02\unity_project\IVRC\IVRC\Library\ScriptAssemblies\Unity.RenderPipelines.HighDefinition.Config.Runtime.dll
Symbol file LoadedFromMemory is not a mono symbol file
Symbol file data-0000018C0BDBD040 doesn't match image C:\Users\rui02\unity_project\IVRC\IVRC\Library\ScriptAssemblies\MToon.Editor.dll
Symbol file LoadedFromMemory is not a mono symbol file
Symbol file data-0000018C09FEC5B0 doesn't match image C:\Users\rui02\unity_project\IVRC\IVRC\Library\ScriptAssemblies\Unity.Performance.Profile-Analyzer.Editor.dll
Symbol file LoadedFromMemory is not a mono symbol file
Symbol file data-0000018C4F2B3F30 doesn't match image C:\Users\rui02\unity_project\IVRC\IVRC\Library\ScriptAssemblies\Unity.RenderPipelines.Core.ShaderLibrary.dll
Symbol file LoadedFromMemory is not a mono symbol file
Symbol file data-0000018BD8079020 doesn't match image C:\Users\rui02\unity_project\IVRC\IVRC\Library\ScriptAssemblies\Unity.XR.Management.Editor.dll
Symbol file LoadedFromMemory is not a mono symbol file
Symbol file data-0000018C4F2B3F30 doesn't match image C:\Users\rui02\unity_project\IVRC\IVRC\Library\ScriptAssemblies\VRMShaders.VRM.IO.Runtime.dll
Symbol file LoadedFromMemory is not a mono symbol file
Symbol file data-0000018BFA837030 doesn't match image C:\Users\rui02\unity_project\IVRC\IVRC\Library\ScriptAssemblies\Unity.TestTools.CodeCoverage.Editor.dll
Symbol file LoadedFromMemory is not a mono symbol file
Symbol file data-0000018C0A3898F0 doesn't match image C:\Users\rui02\unity_project\IVRC\IVRC\Library\ScriptAssemblies\VRM.dll
Symbol file LoadedFromMemory is not a mono symbol file
Symbol file data-0000018C0BDBD040 doesn't match image C:\Users\rui02\unity_project\IVRC\IVRC\Library\ScriptAssemblies\VRMShaders.GLTF.UniUnlit.Editor.dll
Symbol file LoadedFromMemory is not a mono symbol file
Symbol file data-0000018C0BDBD040 doesn't match image C:\Users\rui02\unity_project\IVRC\IVRC\Library\ScriptAssemblies\PPv2URPConverters.dll
Symbol file LoadedFromMemory is not a mono symbol file
Symbol file data-0000018C0B62EA80 doesn't match image C:\Users\rui02\unity_project\IVRC\IVRC\Library\ScriptAssemblies\Unity.XR.OpenVR.dll
Symbol file LoadedFromMemory is not a mono symbol file
Symbol file data-0000018C09135050 doesn't match image C:\Users\rui02\unity_project\IVRC\IVRC\Library\ScriptAssemblies\Unity.Settings.Editor.dll
Symbol file LoadedFromMemory is not a mono symbol file
Symbol file data-0000018C03781040 doesn't match image C:\Users\rui02\unity_project\IVRC\IVRC\Library\ScriptAssemblies\Unity.TextMeshPro.dll
Symbol file LoadedFromMemory is not a mono symbol file
Symbol file data-0000018C4F2B3F30 doesn't match image C:\Users\rui02\unity_project\IVRC\IVRC\Library\ScriptAssemblies\VRMShaders.VRM10.Format.Runtime.dll
Symbol file LoadedFromMemory is not a mono symbol file
Symbol file data-0000018C09DB3020 doesn't match image C:\Users\rui02\unity_project\IVRC\IVRC\Library\ScriptAssemblies\Unity.Burst.CodeGen.dll
Symbol file LoadedFromMemory is not a mono symbol file
Symbol file data-0000018BD7D29010 doesn't match image C:\Users\rui02\unity_project\IVRC\IVRC\Library\ScriptAssemblies\Unity.VSCode.Editor.dll
Symbol file LoadedFromMemory is not a mono symbol file
Symbol file data-0000018C53661340 doesn't match image C:\Users\rui02\unity_project\IVRC\IVRC\Library\ScriptAssemblies\UniGLTF.Editor.dll
Symbol file LoadedFromMemory is not a mono symbol file
Symbol file data-0000018C0939A020 doesn't match image C:\Users\rui02\unity_project\IVRC\IVRC\Library\ScriptAssemblies\Unity.RenderPipelines.Universal.Editor.dll
Symbol file LoadedFromMemory is not a mono symbol file
Symbol file data-0000018C4E6CF600 doesn't match image C:\Users\rui02\unity_project\IVRC\IVRC\Library\ScriptAssemblies\Unity.RenderPipelines.HighDefinition.Editor.dll
Symbol file LoadedFromMemory is not a mono symbol file
Symbol file data-0000018C0BDBD040 doesn't match image C:\Users\rui02\unity_project\IVRC\IVRC\Library\ScriptAssemblies\VRM.Samples.Editor.Tests.dll
Symbol file LoadedFromMemory is not a mono symbol file
Symbol file data-0000018C4F2B3F30 doesn't match image C:\Users\rui02\unity_project\IVRC\IVRC\Library\ScriptAssemblies\Unity.RenderPipelines.ShaderGraph.ShaderGraphLibrary.dll
Symbol file LoadedFromMemory is not a mono symbol file
Symbol file data-0000018C0BDBD040 doesn't match image C:\Users\rui02\unity_project\IVRC\IVRC\Library\ScriptAssemblies\Unity.EditorCoroutines.Editor.dll
Symbol file LoadedFromMemory is not a mono symbol file
Symbol file data-0000018BD7D29010 doesn't match image C:\Users\rui02\unity_project\IVRC\IVRC\Library\ScriptAssemblies\FastSpringBone.dll
Symbol file LoadedFromMemory is not a mono symbol file
Symbol file data-0000018C03781040 doesn't match image C:\Users\rui02\unity_project\IVRC\IVRC\Library\ScriptAssemblies\Unity.TerrainTools.Editor.dll
Symbol file LoadedFromMemory is not a mono symbol file
Symbol file data-0000018BD8140010 doesn't match image C:\Users\rui02\unity_project\IVRC\IVRC\Library\ScriptAssemblies\Unity.RenderPipelines.Universal.Runtime.dll
Symbol file LoadedFromMemory is not a mono symbol file
Symbol file data-0000018C0B028010 doesn't match image C:\Users\rui02\unity_project\IVRC\IVRC\Library\ScriptAssemblies\MToon.dll
Symbol file LoadedFromMemory is not a mono symbol file
Symbol file data-0000018C0A0E9790 doesn't match image C:\Users\rui02\unity_project\IVRC\IVRC\Library\ScriptAssemblies\UniHumanoid.dll
Symbol file LoadedFromMemory is not a mono symbol file
Symbol file data-0000018C03781040 doesn't match image C:\Users\rui02\unity_project\IVRC\IVRC\Library\ScriptAssemblies\Unity.Burst.dll
Symbol file LoadedFromMemory is not a mono symbol file
Symbol file data-0000018C03BC6B10 doesn't match image C:\Users\rui02\unity_project\IVRC\IVRC\Library\ScriptAssemblies\UnityEngine.XR.LegacyInputHelpers.dll
Symbol file LoadedFromMemory is not a mono symbol file
Symbol file data-0000018C0A0E9790 doesn't match image C:\Users\rui02\unity_project\IVRC\IVRC\Library\ScriptAssemblies\UniGLTF.Tests.dll
Symbol file LoadedFromMemory is not a mono symbol file
Symbol file data-0000018C54F8DC90 doesn't match image C:\Users\rui02\unity_project\IVRC\IVRC\Library\ScriptAssemblies\VRMShaders.GLTF.IO.Runtime.dll
Symbol file LoadedFromMemory is not a mono symbol file
Symbol file data-0000018C05782020 doesn't match image C:\Users\rui02\unity_project\IVRC\IVRC\Library\ScriptAssemblies\Unity.Timeline.Editor.dll
Symbol file LoadedFromMemory is not a mono symbol file
Symbol file data-0000018C0B028010 doesn't match image C:\Users\rui02\unity_project\IVRC\IVRC\Library\ScriptAssemblies\Unity.VisualScripting.Shared.Editor.dll
Symbol file LoadedFromMemory is not a mono symbol file
Symbol file data-0000018C044FD220 doesn't match image C:\Users\rui02\unity_project\IVRC\IVRC\Library\ScriptAssemblies\Unity.TerrainTools.dll
Symbol file LoadedFromMemory is not a mono symbol file
Symbol file data-0000018C555E35B0 doesn't match image C:\Users\rui02\unity_project\IVRC\IVRC\Library\ScriptAssemblies\Unity.PlasticSCM.Editor.dll
Symbol file LoadedFromMemory is not a mono symbol file
Symbol file data-0000018C4F2B3F30 doesn't match image C:\Users\rui02\unity_project\IVRC\IVRC\Library\ScriptAssemblies\Unity.CollabProxy.Editor.dll
Symbol file LoadedFromMemory is not a mono symbol file
Symbol file data-0000018C08F54850 doesn't match image C:\Users\rui02\unity_project\IVRC\IVRC\Library\ScriptAssemblies\UnityEditor.SpatialTracking.dll
Symbol file LoadedFromMemory is not a mono symbol file
Symbol file data-0000018C0B62EA80 doesn't match image C:\Users\rui02\unity_project\IVRC\IVRC\Library\ScriptAssemblies\UniVRM.Editor.dll
Symbol file LoadedFromMemory is not a mono symbol file
Symbol file data-0000018C52FF6B80 doesn't match image C:\Users\rui02\unity_project\IVRC\IVRC\Library\ScriptAssemblies\Unity.ShaderGraph.Editor.dll
Symbol file LoadedFromMemory is not a mono symbol file
Symbol file data-0000018C0AFCA290 doesn't match image C:\Users\rui02\unity_project\IVRC\IVRC\Library\ScriptAssemblies\Unity.VisualStudio.Editor.dll
Symbol file LoadedFromMemory is not a mono symbol file
Symbol file data-0000018C0AFCA290 doesn't match image C:\Users\rui02\unity_project\IVRC\IVRC\Library\ScriptAssemblies\UnityEditor.UI.dll
Symbol file LoadedFromMemory is not a mono symbol file
Symbol file data-0000018C52700030 doesn't match image C:\Users\rui02\unity_project\IVRC\IVRC\Library\ScriptAssemblies\Unity.VisualScripting.Core.dll
Symbol file LoadedFromMemory is not a mono symbol file
Symbol file data-0000018C0AFCA290 doesn't match image C:\Users\rui02\unity_project\IVRC\IVRC\Library\ScriptAssemblies\SteamVR_Input_Editor.dll
Symbol file LoadedFromMemory is not a mono symbol file
Symbol file data-0000018C53679150 doesn't match image C:\Users\rui02\unity_project\IVRC\IVRC\Library\ScriptAssemblies\Unity.VisualScripting.Core.Editor.dll
Symbol file LoadedFromMemory is not a mono symbol file
Symbol file data-0000018C55506010 doesn't match image C:\Users\rui02\unity_project\IVRC\IVRC\Library\ScriptAssemblies\UnityEngine.SpatialTracking.dll
Symbol file LoadedFromMemory is not a mono symbol file
Symbol file data-0000018C068C6C30 doesn't match image C:\Users\rui02\unity_project\IVRC\IVRC\Library\ScriptAssemblies\UnityEngine.UI.dll
Symbol file LoadedFromMemory is not a mono symbol file
Symbol file data-0000018C55506010 doesn't match image C:\Users\rui02\unity_project\IVRC\IVRC\Library\ScriptAssemblies\VRMShaders.GLTF.IO.Tests.dll
Symbol file LoadedFromMemory is not a mono symbol file
Symbol file data-0000018C06239020 doesn't match image C:\Users\rui02\unity_project\IVRC\IVRC\Library\ScriptAssemblies\UnityEditor.XR.LegacyInputHelpers.dll
Symbol file LoadedFromMemory is not a mono symbol file
Symbol file data-0000018C51F01610 doesn't match image C:\Users\rui02\unity_project\IVRC\IVRC\Library\ScriptAssemblies\SteamVR_Editor.dll
Symbol file LoadedFromMemory is not a mono symbol file
Symbol file data-0000018C4FB35320 doesn't match image C:\Users\rui02\unity_project\IVRC\IVRC\Library\ScriptAssemblies\Unity.VisualScripting.Flow.Editor.dll
Symbol file LoadedFromMemory is not a mono symbol file
Symbol file data-0000018C4F2B3F30 doesn't match image C:\Users\rui02\unity_project\IVRC\IVRC\Library\ScriptAssemblies\Unity.RenderPipeline.Universal.ShaderLibrary.dll
Symbol file LoadedFromMemory is not a mono symbol file
Symbol file data-0000018C53EEB010 doesn't match image C:\Users\rui02\unity_project\IVRC\IVRC\Library\ScriptAssemblies\Unity.Timeline.dll
Symbol file LoadedFromMemory is not a mono symbol file
Symbol file data-0000018C4E1D7820 doesn't match image C:\Users\rui02\unity_project\IVRC\IVRC\Library\ScriptAssemblies\Unity.XR.OpenVR.Editor.dll
Symbol file LoadedFromMemory is not a mono symbol file
Symbol file data-0000018C03BC6B10 doesn't match image C:\Users\rui02\unity_project\IVRC\IVRC\Library\ScriptAssemblies\VRMShaders.VRM10.MToon10.Runtime.dll
Symbol file LoadedFromMemory is not a mono symbol file
Symbol file data-0000018C4E1D7820 doesn't match image C:\Users\rui02\unity_project\IVRC\IVRC\Library\ScriptAssemblies\Unity.VisualScripting.SettingsProvider.Editor.dll
Symbol file LoadedFromMemory is not a mono symbol file
Symbol file data-0000018C51F01610 doesn't match image C:\Users\rui02\unity_project\IVRC\IVRC\Library\ScriptAssemblies\Unity.TestTools.CodeCoverage.Editor.OpenCover.Model.dll
Symbol file LoadedFromMemory is not a mono symbol file
Symbol file data-0000018C4E1D7820 doesn't match image C:\Users\rui02\unity_project\IVRC\IVRC\Library\ScriptAssemblies\VRMShaders.GLTF.IO.Editor.dll
Symbol file LoadedFromMemory is not a mono symbol file
Symbol file data-0000018C4D203860 doesn't match image C:\Users\rui02\unity_project\IVRC\IVRC\Library\ScriptAssemblies\UnityEngine.TestRunner.dll
Symbol file LoadedFromMemory is not a mono symbol file
Symbol file data-0000018C0AFCA290 doesn't match image C:\Users\rui02\unity_project\IVRC\IVRC\Library\ScriptAssemblies\Unity.VisualScripting.State.Editor.dll
Symbol file LoadedFromMemory is not a mono symbol file
Symbol file data-0000018C53BB6310 doesn't match image C:\Users\rui02\unity_project\IVRC\IVRC\Library\ScriptAssemblies\Unity.Mathematics.dll
Symbol file LoadedFromMemory is not a mono symbol file
Symbol file data-0000018C044FD220 doesn't match image C:\Users\rui02\unity_project\IVRC\IVRC\Library\ScriptAssemblies\Unity.RenderPipelines.Universal.Shaders.dll
Symbol file LoadedFromMemory is not a mono symbol file
Symbol file data-0000018C08B4E200 doesn't match image C:\Users\rui02\unity_project\IVRC\IVRC\Library\ScriptAssemblies\Unity.TextMeshPro.Editor.dll
Symbol file LoadedFromMemory is not a mono symbol file
Symbol file data-0000018C54F8DC90 doesn't match image C:\Users\rui02\unity_project\IVRC\IVRC\Library\ScriptAssemblies\Unity.Searcher.Editor.dll
Symbol file LoadedFromMemory is not a mono symbol file
Symbol file data-0000018C0AC68010 doesn't match image C:\Users\rui02\unity_project\IVRC\IVRC\Library\ScriptAssemblies\Unity.VisualScripting.State.dll
Symbol file LoadedFromMemory is not a mono symbol file
Symbol file data-0000018C08F54850 doesn't match image C:\Users\rui02\unity_project\IVRC\IVRC\Library\ScriptAssemblies\Unity.ShaderGraph.Utilities.dll
Symbol file LoadedFromMemory is not a mono symbol file
Symbol file data-0000018C4D224060 doesn't match image C:\Users\rui02\unity_project\IVRC\IVRC\Library\ScriptAssemblies\Unity.RenderPipelines.HighDefinition.Runtime.dll
Symbol file LoadedFromMemory is not a mono symbol file
Symbol file data-0000018C03BC6B10 doesn't match image C:\Users\rui02\unity_project\IVRC\IVRC\Library\ScriptAssemblies\VRM.Tests.dll
Symbol file LoadedFromMemory is not a mono symbol file
- Loaded All Assemblies, in  0.524 seconds
Refreshing native plugins compatible for Editor in 5.80 ms, found 6 plugins.
Native extension for WindowsStandalone target not found
Native extension for WebGL target not found
[Package Manager] Server::EnsureServerProcessIsRunning -- launch failed, reason: Unity was launched with the -noUpm command-line argument
[Package Manager] UpmClient::Send -- Unable to send message (not connected to UPM process).
[Package Manager] Cannot connect to Unity Package Manager local server
[Package Manager] Server::EnsureServerProcessIsRunning -- launch failed, reason: Unity was launched with the -noUpm command-line argument
[Package Manager] UpmClient::Send -- Unable to send message (not connected to UPM process).
[Package Manager] Cannot connect to Unity Package Manager local server
Mono: successfully reloaded assembly
[Package Manager] Server::EnsureServerProcessIsRunning -- launch failed, reason: Unity was launched with the -noUpm command-line argument
[Package Manager] UpmClient::Send -- Unable to send message (not connected to UPM process).
[Package Manager] Cannot connect to Unity Package Manager local server
- Finished resetting the current domain, in  1.210 seconds
Domain Reload Profiling: 1730ms
	BeginReloadAssembly (150ms)
		ExecutionOrderSort (0ms)
		DisableScriptedObjects (4ms)
		BackupInstance (0ms)
		ReleaseScriptingObjects (0ms)
		CreateAndSetChildDomain (39ms)
	RebuildCommonClasses (30ms)
	RebuildNativeTypeToScriptingClass (10ms)
	initialDomainReloadingComplete (27ms)
	LoadAllAssembliesAndSetupDomain (304ms)
		LoadAssemblies (306ms)
		RebuildTransferFunctionScriptingTraits (0ms)
		AnalyzeDomain (73ms)
			TypeCache.Refresh (14ms)
				TypeCache.ScanAssembly (1ms)
			ScanForSourceGeneratedMonoScriptInfo (40ms)
			ResolveRequiredComponents (17ms)
	FinalizeReload (1210ms)
		ReleaseScriptCaches (0ms)
		RebuildScriptCaches (0ms)
		SetupLoadedEditorAssemblies (506ms)
			LogAssemblyErrors (0ms)
			InitializePlatformSupportModulesInManaged (7ms)
			SetLoadedEditorAssemblies (3ms)
			RefreshPlugins (0ms)
			BeforeProcessingInitializeOnLoad (83ms)
			ProcessInitializeOnLoadAttributes (385ms)
			ProcessInitializeOnLoadMethodAttributes (24ms)
			AfterProcessingInitializeOnLoad (4ms)
			EditorAssembliesLoaded (0ms)
		ExecutionOrderSort2 (0ms)
		AwakeInstancesAfterBackupRestoration (5ms)
Refreshing native plugins compatible for Editor in 5.54 ms, found 6 plugins.
Preloading 0 native plugins for Editor in 0.00 ms.
Unloading 7867 Unused Serialized files (Serialized files now loaded: 0)
Unloading 200 unused Assets / (14.8 MB). Loaded Objects now: 8590.
Memory consumption went from 299.3 MB to 284.5 MB.
Total: 8.772300 ms (FindLiveObjects: 0.717400 ms CreateObjectMapping: 0.352500 ms MarkObjects: 4.360500 ms  DeleteObjects: 3.340500 ms)

Prepare: number of updated asset objects reloaded= 0
AssetImportParameters requested are different than current active one (requested -> active):
  custom:container-demuxer-ogg: 62fdf1f143b41e24485cea50d1cbac27 -> 
  custom:framework-win-MediaFoundation: 216162199b28c13a410421893ffa2e32 -> 
  custom:container-muxer-webm: aa71ff27fc2769a1b78a27578f13a17b -> 
  custom:video-decoder-webm-vp8: 9c59270c3fd7afecdb556c50c9e8de78 -> 
  custom:SearchIndexIgnoredProperties: e643bd26f0fe6173181afceb89e7c659 -> 
  custom:AudioImporter_EditorPlatform: d09bf68614088b80899f8185d706f6e7 -> 
  custom:audio-decoder-ogg-vorbis: bf7c407c2cedff20999df2af8eb42d56 -> 
  custom:audio-encoder-webm-vorbis: bf7c407c2cedff20999df2af8eb42d56 -> 
  custom:video-codec-MediaFoundation-h265: 746d11721c4dcdbdad8f713fa42b33f4 -> 
  custom:video-decoder-ogg-theora: a1e56fd34408186e4bbccfd4996cb3dc -> 
  custom:CustomObjectIndexerAttribute: a3ef5dd2817f97addfee359851a9dba5 -> 
  custom:container-demuxer-webm: 4f35f7cbe854078d1ac9338744f61a02 -> 
  custom:video-encoder-webm-vp8: eb34c28f22e8b96e1ab97ce403110664 -> 
========================================================================
Received Prepare
Begin MonoManager ReloadAssembly
Symbol file data-0000018C03464010 doesn't match image C:\Users\rui02\unity_project\IVRC\IVRC\Library\ScriptAssemblies\UniHumanoid.Editor.dll
Symbol file LoadedFromMemory is not a mono symbol file
Symbol file data-0000018C5132A430 doesn't match image C:\Users\rui02\unity_project\IVRC\IVRC\Library\ScriptAssemblies\Unity.XR.Management.dll
Symbol file LoadedFromMemory is not a mono symbol file
Symbol file data-0000018C4C843010 doesn't match image C:\Users\rui02\unity_project\IVRC\IVRC\Library\ScriptAssemblies\UniHumanoid.Editor.Tests.dll
Symbol file LoadedFromMemory is not a mono symbol file
Symbol file data-0000018C0C162010 doesn't match image C:\Users\rui02\unity_project\IVRC\IVRC\Library\ScriptAssemblies\Unity.VisualEffectGraph.Runtime.dll
Symbol file LoadedFromMemory is not a mono symbol file
Symbol file data-0000018C03771030 doesn't match image C:\Users\rui02\unity_project\IVRC\IVRC\Library\ScriptAssemblies\Unity.RenderPipelines.Core.Runtime.dll
Symbol file LoadedFromMemory is not a mono symbol file
Symbol file data-0000018C08B4E200 doesn't match image C:\Users\rui02\unity_project\IVRC\IVRC\Library\ScriptAssemblies\Unity.Burst.Editor.dll
Symbol file LoadedFromMemory is not a mono symbol file
Symbol file data-0000018C08920100 doesn't match image C:\Users\rui02\unity_project\IVRC\IVRC\Library\ScriptAssemblies\SteamVR.dll
Symbol file LoadedFromMemory is not a mono symbol file
Symbol file data-0000018C4F9BC040 doesn't match image C:\Users\rui02\unity_project\IVRC\IVRC\Library\ScriptAssemblies\VRMShaders.GLTF.UniUnlit.Runtime.dll
Symbol file LoadedFromMemory is not a mono symbol file
Symbol file data-0000018C0B4FC010 doesn't match image C:\Users\rui02\unity_project\IVRC\IVRC\Library\ScriptAssemblies\SteamVR_Windows_EditorHelper.dll
Symbol file LoadedFromMemory is not a mono symbol file
Symbol file data-0000018C03702010 doesn't match image C:\Users\rui02\unity_project\IVRC\IVRC\Library\ScriptAssemblies\UniGLTF.dll
Symbol file LoadedFromMemory is not a mono symbol file
Symbol file data-0000018C069271D0 doesn't match image C:\Users\rui02\unity_project\IVRC\IVRC\Library\ScriptAssemblies\Unity.Rider.Editor.dll
Symbol file LoadedFromMemory is not a mono symbol file
Symbol file data-0000018C06A1CD60 doesn't match image C:\Users\rui02\unity_project\IVRC\IVRC\Library\ScriptAssemblies\VRMShaders.VRM10.MToon10.Tests.dll
Symbol file LoadedFromMemory is not a mono symbol file
Symbol file data-0000018C04CA7020 doesn't match image C:\Users\rui02\unity_project\IVRC\IVRC\Library\ScriptAssemblies\Unity.RenderPipelines.Core.Editor.dll
Symbol file LoadedFromMemory is not a mono symbol file
Symbol file data-0000018BFA1FB010 doesn't match image C:\Users\rui02\unity_project\IVRC\IVRC\Library\ScriptAssemblies\Unity.VisualEffectGraph.Editor.dll
Symbol file LoadedFromMemory is not a mono symbol file
Symbol file data-0000018C53648030 doesn't match image C:\Users\rui02\unity_project\IVRC\IVRC\Library\ScriptAssemblies\UnityEditor.TestRunner.dll
Symbol file LoadedFromMemory is not a mono symbol file
Symbol file data-0000018C0A348040 doesn't match image C:\Users\rui02\unity_project\IVRC\IVRC\Library\ScriptAssemblies\Unity.VisualScripting.Flow.dll
Symbol file LoadedFromMemory is not a mono symbol file
Symbol file data-0000018C0A20A010 doesn't match image C:\Users\rui02\unity_project\IVRC\IVRC\Library\ScriptAssemblies\Unity.Mathematics.Editor.dll
Symbol file LoadedFromMemory is not a mono symbol file
Symbol file data-0000018C057D0050 doesn't match image C:\Users\rui02\unity_project\IVRC\IVRC\Library\ScriptAssemblies\Unity.TestTools.CodeCoverage.Editor.OpenCover.Mono.Reflection.dll
Symbol file LoadedFromMemory is not a mono symbol file
Symbol file data-0000018C087F4030 doesn't match image C:\Users\rui02\unity_project\IVRC\IVRC\Library\ScriptAssemblies\VRMShaders.VRM10.MToon10.Editor.dll
Symbol file LoadedFromMemory is not a mono symbol file
Symbol file data-0000018C087F4030 doesn't match image C:\Users\rui02\unity_project\IVRC\IVRC\Library\ScriptAssemblies\UniGLTF.Utils.dll
Symbol file LoadedFromMemory is not a mono symbol file
Symbol file data-0000018C4F9BC040 doesn't match image C:\Users\rui02\unity_project\IVRC\IVRC\Library\ScriptAssemblies\Unity.RenderPipelines.HighDefinition.Config.Runtime.dll
Symbol file LoadedFromMemory is not a mono symbol file
Symbol file data-0000018C087F4030 doesn't match image C:\Users\rui02\unity_project\IVRC\IVRC\Library\ScriptAssemblies\MToon.Editor.dll
Symbol file LoadedFromMemory is not a mono symbol file
Symbol file data-0000018C0ADEDB30 doesn't match image C:\Users\rui02\unity_project\IVRC\IVRC\Library\ScriptAssemblies\Unity.Performance.Profile-Analyzer.Editor.dll
Symbol file LoadedFromMemory is not a mono symbol file
Symbol file data-0000018C09F234B0 doesn't match image C:\Users\rui02\unity_project\IVRC\IVRC\Library\ScriptAssemblies\Unity.RenderPipelines.Core.ShaderLibrary.dll
Symbol file LoadedFromMemory is not a mono symbol file
Symbol file data-0000018BD7DDC020 doesn't match image C:\Users\rui02\unity_project\IVRC\IVRC\Library\ScriptAssemblies\Unity.XR.Management.Editor.dll
Symbol file LoadedFromMemory is not a mono symbol file
Symbol file data-0000018C4F9BC040 doesn't match image C:\Users\rui02\unity_project\IVRC\IVRC\Library\ScriptAssemblies\VRMShaders.VRM.IO.Runtime.dll
Symbol file LoadedFromMemory is not a mono symbol file
Symbol file data-0000018C5132FEA0 doesn't match image C:\Users\rui02\unity_project\IVRC\IVRC\Library\ScriptAssemblies\Unity.TestTools.CodeCoverage.Editor.dll
Symbol file LoadedFromMemory is not a mono symbol file
Symbol file data-0000018C0A3898F0 doesn't match image C:\Users\rui02\unity_project\IVRC\IVRC\Library\ScriptAssemblies\VRM.dll
Symbol file LoadedFromMemory is not a mono symbol file
Symbol file data-0000018C087F4030 doesn't match image C:\Users\rui02\unity_project\IVRC\IVRC\Library\ScriptAssemblies\VRMShaders.GLTF.UniUnlit.Editor.dll
Symbol file LoadedFromMemory is not a mono symbol file
Symbol file data-0000018C087F4030 doesn't match image C:\Users\rui02\unity_project\IVRC\IVRC\Library\ScriptAssemblies\PPv2URPConverters.dll
Symbol file LoadedFromMemory is not a mono symbol file
Symbol file data-0000018C0B504AC0 doesn't match image C:\Users\rui02\unity_project\IVRC\IVRC\Library\ScriptAssemblies\Unity.XR.OpenVR.dll
Symbol file LoadedFromMemory is not a mono symbol file
Symbol file data-0000018BFB319400 doesn't match image C:\Users\rui02\unity_project\IVRC\IVRC\Library\ScriptAssemblies\Unity.Settings.Editor.dll
Symbol file LoadedFromMemory is not a mono symbol file
Symbol file data-0000018C06ADD8A0 doesn't match image C:\Users\rui02\unity_project\IVRC\IVRC\Library\ScriptAssemblies\Unity.TextMeshPro.dll
Symbol file LoadedFromMemory is not a mono symbol file
Symbol file data-0000018C518DDBC0 doesn't match image C:\Users\rui02\unity_project\IVRC\IVRC\Library\ScriptAssemblies\VRMShaders.VRM10.Format.Runtime.dll
Symbol file LoadedFromMemory is not a mono symbol file
Symbol file data-0000018C06F1A6F0 doesn't match image C:\Users\rui02\unity_project\IVRC\IVRC\Library\ScriptAssemblies\Unity.Burst.CodeGen.dll
Symbol file LoadedFromMemory is not a mono symbol file
Symbol file data-0000018BD7D29010 doesn't match image C:\Users\rui02\unity_project\IVRC\IVRC\Library\ScriptAssemblies\Unity.VSCode.Editor.dll
Symbol file LoadedFromMemory is not a mono symbol file
Symbol file data-0000018C55319810 doesn't match image C:\Users\rui02\unity_project\IVRC\IVRC\Library\ScriptAssemblies\UniGLTF.Editor.dll
Symbol file LoadedFromMemory is not a mono symbol file
Symbol file data-0000018C04CA7020 doesn't match image C:\Users\rui02\unity_project\IVRC\IVRC\Library\ScriptAssemblies\Unity.RenderPipelines.Universal.Editor.dll
Symbol file LoadedFromMemory is not a mono symbol file
Symbol file data-0000018C5340DF40 doesn't match image C:\Users\rui02\unity_project\IVRC\IVRC\Library\ScriptAssemblies\Unity.RenderPipelines.HighDefinition.Editor.dll
Symbol file LoadedFromMemory is not a mono symbol file
Symbol file data-0000018C087F4030 doesn't match image C:\Users\rui02\unity_project\IVRC\IVRC\Library\ScriptAssemblies\VRM.Samples.Editor.Tests.dll
Symbol file LoadedFromMemory is not a mono symbol file
Symbol file data-0000018C09F234B0 doesn't match image C:\Users\rui02\unity_project\IVRC\IVRC\Library\ScriptAssemblies\Unity.RenderPipelines.ShaderGraph.ShaderGraphLibrary.dll
Symbol file LoadedFromMemory is not a mono symbol file
Symbol file data-0000018C087F4030 doesn't match image C:\Users\rui02\unity_project\IVRC\IVRC\Library\ScriptAssemblies\Unity.EditorCoroutines.Editor.dll
Symbol file LoadedFromMemory is not a mono symbol file
Symbol file data-0000018C4F2B1C00 doesn't match image C:\Users\rui02\unity_project\IVRC\IVRC\Library\ScriptAssemblies\FastSpringBone.dll
Symbol file LoadedFromMemory is not a mono symbol file
Symbol file data-0000018C06ADD8A0 doesn't match image C:\Users\rui02\unity_project\IVRC\IVRC\Library\ScriptAssemblies\Unity.TerrainTools.Editor.dll
Symbol file LoadedFromMemory is not a mono symbol file
Symbol file data-0000018C550E2010 doesn't match image C:\Users\rui02\unity_project\IVRC\IVRC\Library\ScriptAssemblies\Unity.RenderPipelines.Universal.Runtime.dll
Symbol file LoadedFromMemory is not a mono symbol file
Symbol file data-0000018C0B028010 doesn't match image C:\Users\rui02\unity_project\IVRC\IVRC\Library\ScriptAssemblies\MToon.dll
Symbol file LoadedFromMemory is not a mono symbol file
Symbol file data-0000018C0A0E9790 doesn't match image C:\Users\rui02\unity_project\IVRC\IVRC\Library\ScriptAssemblies\UniHumanoid.dll
Symbol file LoadedFromMemory is not a mono symbol file
Symbol file data-0000018C06ADD8A0 doesn't match image C:\Users\rui02\unity_project\IVRC\IVRC\Library\ScriptAssemblies\Unity.Burst.dll
Symbol file LoadedFromMemory is not a mono symbol file
Symbol file data-0000018C03464010 doesn't match image C:\Users\rui02\unity_project\IVRC\IVRC\Library\ScriptAssemblies\UnityEngine.XR.LegacyInputHelpers.dll
Symbol file LoadedFromMemory is not a mono symbol file
Symbol file data-0000018BD7BA5010 doesn't match image C:\Users\rui02\unity_project\IVRC\IVRC\Library\ScriptAssemblies\UniGLTF.Tests.dll
Symbol file LoadedFromMemory is not a mono symbol file
Symbol file data-0000018C4E25BEB0 doesn't match image C:\Users\rui02\unity_project\IVRC\IVRC\Library\ScriptAssemblies\VRMShaders.GLTF.IO.Runtime.dll
Symbol file LoadedFromMemory is not a mono symbol file
Symbol file data-0000018C05782020 doesn't match image C:\Users\rui02\unity_project\IVRC\IVRC\Library\ScriptAssemblies\Unity.Timeline.Editor.dll
Symbol file LoadedFromMemory is not a mono symbol file
Symbol file data-0000018C0B028010 doesn't match image C:\Users\rui02\unity_project\IVRC\IVRC\Library\ScriptAssemblies\Unity.VisualScripting.Shared.Editor.dll
Symbol file LoadedFromMemory is not a mono symbol file
Symbol file data-0000018C06A1CD60 doesn't match image C:\Users\rui02\unity_project\IVRC\IVRC\Library\ScriptAssemblies\Unity.TerrainTools.dll
Symbol file LoadedFromMemory is not a mono symbol file
Symbol file data-0000018C4D2B4460 doesn't match image C:\Users\rui02\unity_project\IVRC\IVRC\Library\ScriptAssemblies\Unity.PlasticSCM.Editor.dll
Symbol file LoadedFromMemory is not a mono symbol file
Symbol file data-0000018C0BDBD040 doesn't match image C:\Users\rui02\unity_project\IVRC\IVRC\Library\ScriptAssemblies\Unity.CollabProxy.Editor.dll
Symbol file LoadedFromMemory is not a mono symbol file
Symbol file data-0000018C0BDBD040 doesn't match image C:\Users\rui02\unity_project\IVRC\IVRC\Library\ScriptAssemblies\UnityEditor.SpatialTracking.dll
Symbol file LoadedFromMemory is not a mono symbol file
Symbol file data-0000018C06D54650 doesn't match image C:\Users\rui02\unity_project\IVRC\IVRC\Library\ScriptAssemblies\UniVRM.Editor.dll
Symbol file LoadedFromMemory is not a mono symbol file
Symbol file data-0000018C4E923570 doesn't match image C:\Users\rui02\unity_project\IVRC\IVRC\Library\ScriptAssemblies\Unity.ShaderGraph.Editor.dll
Symbol file LoadedFromMemory is not a mono symbol file
Symbol file data-0000018BD7DDC020 doesn't match image C:\Users\rui02\unity_project\IVRC\IVRC\Library\ScriptAssemblies\Unity.VisualStudio.Editor.dll
Symbol file LoadedFromMemory is not a mono symbol file
Symbol file data-0000018BD7DDC020 doesn't match image C:\Users\rui02\unity_project\IVRC\IVRC\Library\ScriptAssemblies\UnityEditor.UI.dll
Symbol file LoadedFromMemory is not a mono symbol file
Symbol file data-0000018C4D224060 doesn't match image C:\Users\rui02\unity_project\IVRC\IVRC\Library\ScriptAssemblies\Unity.VisualScripting.Core.dll
Symbol file LoadedFromMemory is not a mono symbol file
Symbol file data-0000018BD7DDC020 doesn't match image C:\Users\rui02\unity_project\IVRC\IVRC\Library\ScriptAssemblies\SteamVR_Input_Editor.dll
Symbol file LoadedFromMemory is not a mono symbol file
Symbol file data-0000018C092200A0 doesn't match image C:\Users\rui02\unity_project\IVRC\IVRC\Library\ScriptAssemblies\Unity.VisualScripting.Core.Editor.dll
Symbol file LoadedFromMemory is not a mono symbol file
Symbol file data-0000018C0BDBD040 doesn't match image C:\Users\rui02\unity_project\IVRC\IVRC\Library\ScriptAssemblies\UnityEngine.SpatialTracking.dll
Symbol file LoadedFromMemory is not a mono symbol file
Symbol file data-0000018C069E3930 doesn't match image C:\Users\rui02\unity_project\IVRC\IVRC\Library\ScriptAssemblies\UnityEngine.UI.dll
Symbol file LoadedFromMemory is not a mono symbol file
Symbol file data-0000018C0BDBD040 doesn't match image C:\Users\rui02\unity_project\IVRC\IVRC\Library\ScriptAssemblies\VRMShaders.GLTF.IO.Tests.dll
Symbol file LoadedFromMemory is not a mono symbol file
Symbol file data-0000018BFB932010 doesn't match image C:\Users\rui02\unity_project\IVRC\IVRC\Library\ScriptAssemblies\UnityEditor.XR.LegacyInputHelpers.dll
Symbol file LoadedFromMemory is not a mono symbol file
Symbol file data-0000018C03CAB040 doesn't match image C:\Users\rui02\unity_project\IVRC\IVRC\Library\ScriptAssemblies\SteamVR_Editor.dll
Symbol file LoadedFromMemory is not a mono symbol file
Symbol file data-0000018C09484FA0 doesn't match image C:\Users\rui02\unity_project\IVRC\IVRC\Library\ScriptAssemblies\Unity.VisualScripting.Flow.Editor.dll
Symbol file LoadedFromMemory is not a mono symbol file
Symbol file data-0000018C4F9BC040 doesn't match image C:\Users\rui02\unity_project\IVRC\IVRC\Library\ScriptAssemblies\Unity.RenderPipeline.Universal.ShaderLibrary.dll
Symbol file LoadedFromMemory is not a mono symbol file
Symbol file data-0000018C04A4DF80 doesn't match image C:\Users\rui02\unity_project\IVRC\IVRC\Library\ScriptAssemblies\Unity.Timeline.dll
Symbol file LoadedFromMemory is not a mono symbol file
Symbol file data-0000018C091C8020 doesn't match image C:\Users\rui02\unity_project\IVRC\IVRC\Library\ScriptAssemblies\Unity.XR.OpenVR.Editor.dll
Symbol file LoadedFromMemory is not a mono symbol file
Symbol file data-0000018BFB932010 doesn't match image C:\Users\rui02\unity_project\IVRC\IVRC\Library\ScriptAssemblies\VRMShaders.VRM10.MToon10.Runtime.dll
Symbol file LoadedFromMemory is not a mono symbol file
Symbol file data-0000018C0A20A010 doesn't match image C:\Users\rui02\unity_project\IVRC\IVRC\Library\ScriptAssemblies\Unity.VisualScripting.SettingsProvider.Editor.dll
Symbol file LoadedFromMemory is not a mono symbol file
Symbol file data-0000018C03CAB040 doesn't match image C:\Users\rui02\unity_project\IVRC\IVRC\Library\ScriptAssemblies\Unity.TestTools.CodeCoverage.Editor.OpenCover.Model.dll
Symbol file LoadedFromMemory is not a mono symbol file
Symbol file data-0000018C0B3BA070 doesn't match image C:\Users\rui02\unity_project\IVRC\IVRC\Library\ScriptAssemblies\VRMShaders.GLTF.IO.Editor.dll
Symbol file LoadedFromMemory is not a mono symbol file
Symbol file data-0000018C09180F40 doesn't match image C:\Users\rui02\unity_project\IVRC\IVRC\Library\ScriptAssemblies\UnityEngine.TestRunner.dll
Symbol file LoadedFromMemory is not a mono symbol file
Symbol file data-0000018BD7DDC020 doesn't match image C:\Users\rui02\unity_project\IVRC\IVRC\Library\ScriptAssemblies\Unity.VisualScripting.State.Editor.dll
Symbol file LoadedFromMemory is not a mono symbol file
Symbol file data-0000018C0A0F3E20 doesn't match image C:\Users\rui02\unity_project\IVRC\IVRC\Library\ScriptAssemblies\Unity.Mathematics.dll
Symbol file LoadedFromMemory is not a mono symbol file
Symbol file data-0000018C09F234B0 doesn't match image C:\Users\rui02\unity_project\IVRC\IVRC\Library\ScriptAssemblies\Unity.RenderPipelines.Universal.Shaders.dll
Symbol file LoadedFromMemory is not a mono symbol file
Symbol file data-0000018C09DC8A10 doesn't match image C:\Users\rui02\unity_project\IVRC\IVRC\Library\ScriptAssemblies\Unity.TextMeshPro.Editor.dll
Symbol file LoadedFromMemory is not a mono symbol file
Symbol file data-0000018C4E25BEB0 doesn't match image C:\Users\rui02\unity_project\IVRC\IVRC\Library\ScriptAssemblies\Unity.Searcher.Editor.dll
Symbol file LoadedFromMemory is not a mono symbol file
Symbol file data-0000018C0B2DEA00 doesn't match image C:\Users\rui02\unity_project\IVRC\IVRC\Library\ScriptAssemblies\Unity.VisualScripting.State.dll
Symbol file LoadedFromMemory is not a mono symbol file
Symbol file data-0000018C0B3BA070 doesn't match image C:\Users\rui02\unity_project\IVRC\IVRC\Library\ScriptAssemblies\Unity.ShaderGraph.Utilities.dll
Symbol file LoadedFromMemory is not a mono symbol file
Symbol file data-0000018C54F78030 doesn't match image C:\Users\rui02\unity_project\IVRC\IVRC\Library\ScriptAssemblies\Unity.RenderPipelines.HighDefinition.Runtime.dll
Symbol file LoadedFromMemory is not a mono symbol file
Symbol file data-0000018C03CAB040 doesn't match image C:\Users\rui02\unity_project\IVRC\IVRC\Library\ScriptAssemblies\VRM.Tests.dll
Symbol file LoadedFromMemory is not a mono symbol file
- Loaded All Assemblies, in  0.475 seconds
Refreshing native plugins compatible for Editor in 5.05 ms, found 6 plugins.
Native extension for WindowsStandalone target not found
Native extension for WebGL target not found
[Package Manager] Server::EnsureServerProcessIsRunning -- launch failed, reason: Unity was launched with the -noUpm command-line argument
[Package Manager] UpmClient::Send -- Unable to send message (not connected to UPM process).
[Package Manager] Cannot connect to Unity Package Manager local server
[Package Manager] Server::EnsureServerProcessIsRunning -- launch failed, reason: Unity was launched with the -noUpm command-line argument
[Package Manager] UpmClient::Send -- Unable to send message (not connected to UPM process).
[Package Manager] Cannot connect to Unity Package Manager local server
Mono: successfully reloaded assembly
[Package Manager] Server::EnsureServerProcessIsRunning -- launch failed, reason: Unity was launched with the -noUpm command-line argument
[Package Manager] UpmClient::Send -- Unable to send message (not connected to UPM process).
[Package Manager] Cannot connect to Unity Package Manager local server
- Finished resetting the current domain, in  1.228 seconds
Domain Reload Profiling: 1700ms
	BeginReloadAssembly (150ms)
		ExecutionOrderSort (0ms)
		DisableScriptedObjects (4ms)
		BackupInstance (0ms)
		ReleaseScriptingObjects (0ms)
		CreateAndSetChildDomain (43ms)
	RebuildCommonClasses (28ms)
	RebuildNativeTypeToScriptingClass (11ms)
	initialDomainReloadingComplete (25ms)
	LoadAllAssembliesAndSetupDomain (257ms)
		LoadAssemblies (304ms)
		RebuildTransferFunctionScriptingTraits (0ms)
		AnalyzeDomain (27ms)
			TypeCache.Refresh (9ms)
				TypeCache.ScanAssembly (0ms)
			ScanForSourceGeneratedMonoScriptInfo (0ms)
			ResolveRequiredComponents (16ms)
	FinalizeReload (1228ms)
		ReleaseScriptCaches (0ms)
		RebuildScriptCaches (0ms)
		SetupLoadedEditorAssemblies (537ms)
			LogAssemblyErrors (0ms)
			InitializePlatformSupportModulesInManaged (7ms)
			SetLoadedEditorAssemblies (5ms)
			RefreshPlugins (0ms)
			BeforeProcessingInitializeOnLoad (100ms)
			ProcessInitializeOnLoadAttributes (397ms)
			ProcessInitializeOnLoadMethodAttributes (24ms)
			AfterProcessingInitializeOnLoad (4ms)
			EditorAssembliesLoaded (0ms)
		ExecutionOrderSort2 (0ms)
		AwakeInstancesAfterBackupRestoration (4ms)
Refreshing native plugins compatible for Editor in 5.51 ms, found 6 plugins.
Preloading 0 native plugins for Editor in 0.00 ms.
Unloading 7867 Unused Serialized files (Serialized files now loaded: 0)
Unloading 200 unused Assets / (14.8 MB). Loaded Objects now: 8606.
Memory consumption went from 299.3 MB to 284.5 MB.
Total: 5.834900 ms (FindLiveObjects: 0.439800 ms CreateObjectMapping: 0.290100 ms MarkObjects: 2.931600 ms  DeleteObjects: 2.172500 ms)

Prepare: number of updated asset objects reloaded= 0
AssetImportParameters requested are different than current active one (requested -> active):
  custom:container-demuxer-ogg: 62fdf1f143b41e24485cea50d1cbac27 -> 
  custom:framework-win-MediaFoundation: 216162199b28c13a410421893ffa2e32 -> 
  custom:container-muxer-webm: aa71ff27fc2769a1b78a27578f13a17b -> 
  custom:video-decoder-webm-vp8: 9c59270c3fd7afecdb556c50c9e8de78 -> 
  custom:SearchIndexIgnoredProperties: e643bd26f0fe6173181afceb89e7c659 -> 
  custom:AudioImporter_EditorPlatform: d09bf68614088b80899f8185d706f6e7 -> 
  custom:audio-decoder-ogg-vorbis: bf7c407c2cedff20999df2af8eb42d56 -> 
  custom:audio-encoder-webm-vorbis: bf7c407c2cedff20999df2af8eb42d56 -> 
  custom:video-codec-MediaFoundation-h265: 746d11721c4dcdbdad8f713fa42b33f4 -> 
  custom:video-decoder-ogg-theora: a1e56fd34408186e4bbccfd4996cb3dc -> 
  custom:CustomObjectIndexerAttribute: a3ef5dd2817f97addfee359851a9dba5 -> 
  custom:container-demuxer-webm: 4f35f7cbe854078d1ac9338744f61a02 -> 
  custom:video-encoder-webm-vp8: eb34c28f22e8b96e1ab97ce403110664 -> 
========================================================================
Received Import Request.
  Time since last request: 559.535133 seconds.
  path: Assets/TextMesh Pro/Resources/Fonts & Materials/LiberationSans SDF.asset
  artifactKey: Guid(8f586378b4e144a9851e7b34d9b748ee) Importer(815301076,1909f56bfc062723c751e8b465ee728b)
Start importing Assets/TextMesh Pro/Resources/Fonts & Materials/LiberationSans SDF.asset using Guid(8f586378b4e144a9851e7b34d9b748ee) Importer(815301076,1909f56bfc062723c751e8b465ee728b)  -> (artifact id: 'fe3e9eeae9d5695b0cd6c96e797eb336') in 0.172438 seconds
Number of updated asset objects reloaded before import = 0
Number of asset objects unloaded after import = 10
========================================================================
Received Prepare
Begin MonoManager ReloadAssembly
Symbol file data-0000018C0973F1B0 doesn't match image C:\Users\rui02\unity_project\IVRC\IVRC\Library\ScriptAssemblies\UniHumanoid.Editor.dll
Symbol file LoadedFromMemory is not a mono symbol file
Symbol file data-0000018C05EDC030 doesn't match image C:\Users\rui02\unity_project\IVRC\IVRC\Library\ScriptAssemblies\Unity.XR.Management.dll
Symbol file LoadedFromMemory is not a mono symbol file
Symbol file data-0000018C08F54850 doesn't match image C:\Users\rui02\unity_project\IVRC\IVRC\Library\ScriptAssemblies\UniHumanoid.Editor.Tests.dll
Symbol file LoadedFromMemory is not a mono symbol file
Symbol file data-0000018C4F774030 doesn't match image C:\Users\rui02\unity_project\IVRC\IVRC\Library\ScriptAssemblies\Unity.VisualEffectGraph.Runtime.dll
Symbol file LoadedFromMemory is not a mono symbol file
Symbol file data-0000018BF9D99010 doesn't match image C:\Users\rui02\unity_project\IVRC\IVRC\Library\ScriptAssemblies\Unity.RenderPipelines.Core.Runtime.dll
Symbol file LoadedFromMemory is not a mono symbol file
Symbol file data-0000018C04A81A30 doesn't match image C:\Users\rui02\unity_project\IVRC\IVRC\Library\ScriptAssemblies\Unity.Burst.Editor.dll
Symbol file LoadedFromMemory is not a mono symbol file
Symbol file data-0000018C5294B080 doesn't match image C:\Users\rui02\unity_project\IVRC\IVRC\Library\ScriptAssemblies\SteamVR.dll
Symbol file LoadedFromMemory is not a mono symbol file
Symbol file data-0000018C0BC6FA10 doesn't match image C:\Users\rui02\unity_project\IVRC\IVRC\Library\ScriptAssemblies\VRMShaders.GLTF.UniUnlit.Runtime.dll
Symbol file LoadedFromMemory is not a mono symbol file
Symbol file data-0000018C08F54850 doesn't match image C:\Users\rui02\unity_project\IVRC\IVRC\Library\ScriptAssemblies\SteamVR_Windows_EditorHelper.dll
Symbol file LoadedFromMemory is not a mono symbol file
Symbol file data-0000018C4E1B3AF0 doesn't match image C:\Users\rui02\unity_project\IVRC\IVRC\Library\ScriptAssemblies\UniGLTF.dll
Symbol file LoadedFromMemory is not a mono symbol file
Symbol file data-0000018C52730050 doesn't match image C:\Users\rui02\unity_project\IVRC\IVRC\Library\ScriptAssemblies\Unity.Rider.Editor.dll
Symbol file LoadedFromMemory is not a mono symbol file
Symbol file data-0000018C0917AD50 doesn't match image C:\Users\rui02\unity_project\IVRC\IVRC\Library\ScriptAssemblies\VRMShaders.VRM10.MToon10.Tests.dll
Symbol file LoadedFromMemory is not a mono symbol file
Symbol file data-0000018BF9D99010 doesn't match image C:\Users\rui02\unity_project\IVRC\IVRC\Library\ScriptAssemblies\Unity.RenderPipelines.Core.Editor.dll
Symbol file LoadedFromMemory is not a mono symbol file
Symbol file data-0000018BFA1FB010 doesn't match image C:\Users\rui02\unity_project\IVRC\IVRC\Library\ScriptAssemblies\Unity.VisualEffectGraph.Editor.dll
Symbol file LoadedFromMemory is not a mono symbol file
Symbol file data-0000018C0BC54010 doesn't match image C:\Users\rui02\unity_project\IVRC\IVRC\Library\ScriptAssemblies\UnityEditor.TestRunner.dll
Symbol file LoadedFromMemory is not a mono symbol file
Symbol file data-0000018C4E1DDB30 doesn't match image C:\Users\rui02\unity_project\IVRC\IVRC\Library\ScriptAssemblies\Unity.VisualScripting.Flow.dll
Symbol file LoadedFromMemory is not a mono symbol file
Symbol file data-0000018C514E1020 doesn't match image C:\Users\rui02\unity_project\IVRC\IVRC\Library\ScriptAssemblies\Unity.Mathematics.Editor.dll
Symbol file LoadedFromMemory is not a mono symbol file
Symbol file data-0000018BD8214500 doesn't match image C:\Users\rui02\unity_project\IVRC\IVRC\Library\ScriptAssemblies\Unity.TestTools.CodeCoverage.Editor.OpenCover.Mono.Reflection.dll
Symbol file LoadedFromMemory is not a mono symbol file
Symbol file data-0000018C086A3EB0 doesn't match image C:\Users\rui02\unity_project\IVRC\IVRC\Library\ScriptAssemblies\VRMShaders.VRM10.MToon10.Editor.dll
Symbol file LoadedFromMemory is not a mono symbol file
Symbol file data-0000018C08F54850 doesn't match image C:\Users\rui02\unity_project\IVRC\IVRC\Library\ScriptAssemblies\UniGLTF.Utils.dll
Symbol file LoadedFromMemory is not a mono symbol file
Symbol file data-0000018C0BC6FA10 doesn't match image C:\Users\rui02\unity_project\IVRC\IVRC\Library\ScriptAssemblies\Unity.RenderPipelines.HighDefinition.Config.Runtime.dll
Symbol file LoadedFromMemory is not a mono symbol file
Symbol file data-0000018C086A3EB0 doesn't match image C:\Users\rui02\unity_project\IVRC\IVRC\Library\ScriptAssemblies\MToon.Editor.dll
Symbol file LoadedFromMemory is not a mono symbol file
Symbol file data-0000018C046EF030 doesn't match image C:\Users\rui02\unity_project\IVRC\IVRC\Library\ScriptAssemblies\Unity.Performance.Profile-Analyzer.Editor.dll
Symbol file LoadedFromMemory is not a mono symbol file
Symbol file data-0000018C06FF73F0 doesn't match image C:\Users\rui02\unity_project\IVRC\IVRC\Library\ScriptAssemblies\Unity.RenderPipelines.Core.ShaderLibrary.dll
Symbol file LoadedFromMemory is not a mono symbol file
Symbol file data-0000018BD85D3050 doesn't match image C:\Users\rui02\unity_project\IVRC\IVRC\Library\ScriptAssemblies\Unity.XR.Management.Editor.dll
Symbol file LoadedFromMemory is not a mono symbol file
Symbol file data-0000018C0BC6FA10 doesn't match image C:\Users\rui02\unity_project\IVRC\IVRC\Library\ScriptAssemblies\VRMShaders.VRM.IO.Runtime.dll
Symbol file LoadedFromMemory is not a mono symbol file
Symbol file data-0000018C4ECFE020 doesn't match image C:\Users\rui02\unity_project\IVRC\IVRC\Library\ScriptAssemblies\Unity.TestTools.CodeCoverage.Editor.dll
Symbol file LoadedFromMemory is not a mono symbol file
Symbol file data-0000018C0A3898F0 doesn't match image C:\Users\rui02\unity_project\IVRC\IVRC\Library\ScriptAssemblies\VRM.dll
Symbol file LoadedFromMemory is not a mono symbol file
Symbol file data-0000018C086A3EB0 doesn't match image C:\Users\rui02\unity_project\IVRC\IVRC\Library\ScriptAssemblies\VRMShaders.GLTF.UniUnlit.Editor.dll
Symbol file LoadedFromMemory is not a mono symbol file
Symbol file data-0000018C086A3EB0 doesn't match image C:\Users\rui02\unity_project\IVRC\IVRC\Library\ScriptAssemblies\PPv2URPConverters.dll
Symbol file LoadedFromMemory is not a mono symbol file
Symbol file data-0000018C0B504AC0 doesn't match image C:\Users\rui02\unity_project\IVRC\IVRC\Library\ScriptAssemblies\Unity.XR.OpenVR.dll
Symbol file LoadedFromMemory is not a mono symbol file
Symbol file data-0000018C0B0A90A0 doesn't match image C:\Users\rui02\unity_project\IVRC\IVRC\Library\ScriptAssemblies\Unity.Settings.Editor.dll
Symbol file LoadedFromMemory is not a mono symbol file
Symbol file data-0000018BFBE94ED0 doesn't match image C:\Users\rui02\unity_project\IVRC\IVRC\Library\ScriptAssemblies\Unity.TextMeshPro.dll
Symbol file LoadedFromMemory is not a mono symbol file
Symbol file data-0000018C0917AD50 doesn't match image C:\Users\rui02\unity_project\IVRC\IVRC\Library\ScriptAssemblies\VRMShaders.VRM10.Format.Runtime.dll
Symbol file LoadedFromMemory is not a mono symbol file
Symbol file data-0000018BD8520030 doesn't match image C:\Users\rui02\unity_project\IVRC\IVRC\Library\ScriptAssemblies\Unity.Burst.CodeGen.dll
Symbol file LoadedFromMemory is not a mono symbol file
Symbol file data-0000018C0BADE030 doesn't match image C:\Users\rui02\unity_project\IVRC\IVRC\Library\ScriptAssemblies\Unity.VSCode.Editor.dll
Symbol file LoadedFromMemory is not a mono symbol file
Symbol file data-0000018C08F81940 doesn't match image C:\Users\rui02\unity_project\IVRC\IVRC\Library\ScriptAssemblies\UniGLTF.Editor.dll
Symbol file LoadedFromMemory is not a mono symbol file
Symbol file data-0000018BF9D99010 doesn't match image C:\Users\rui02\unity_project\IVRC\IVRC\Library\ScriptAssemblies\Unity.RenderPipelines.Universal.Editor.dll
Symbol file LoadedFromMemory is not a mono symbol file
Symbol file data-0000018C0BE03E40 doesn't match image C:\Users\rui02\unity_project\IVRC\IVRC\Library\ScriptAssemblies\Unity.RenderPipelines.HighDefinition.Editor.dll
Symbol file LoadedFromMemory is not a mono symbol file
Symbol file data-0000018C086A3EB0 doesn't match image C:\Users\rui02\unity_project\IVRC\IVRC\Library\ScriptAssemblies\VRM.Samples.Editor.Tests.dll
Symbol file LoadedFromMemory is not a mono symbol file
Symbol file data-0000018C06FF73F0 doesn't match image C:\Users\rui02\unity_project\IVRC\IVRC\Library\ScriptAssemblies\Unity.RenderPipelines.ShaderGraph.ShaderGraphLibrary.dll
Symbol file LoadedFromMemory is not a mono symbol file
Symbol file data-0000018C086A3EB0 doesn't match image C:\Users\rui02\unity_project\IVRC\IVRC\Library\ScriptAssemblies\Unity.EditorCoroutines.Editor.dll
Symbol file LoadedFromMemory is not a mono symbol file
Symbol file data-0000018C0BADE030 doesn't match image C:\Users\rui02\unity_project\IVRC\IVRC\Library\ScriptAssemblies\FastSpringBone.dll
Symbol file LoadedFromMemory is not a mono symbol file
Symbol file data-0000018BF9CF9040 doesn't match image C:\Users\rui02\unity_project\IVRC\IVRC\Library\ScriptAssemblies\Unity.TerrainTools.Editor.dll
Symbol file LoadedFromMemory is not a mono symbol file
Symbol file data-0000018BD8140010 doesn't match image C:\Users\rui02\unity_project\IVRC\IVRC\Library\ScriptAssemblies\Unity.RenderPipelines.Universal.Runtime.dll
Symbol file LoadedFromMemory is not a mono symbol file
Symbol file data-0000018C08DDC020 doesn't match image C:\Users\rui02\unity_project\IVRC\IVRC\Library\ScriptAssemblies\MToon.dll
Symbol file LoadedFromMemory is not a mono symbol file
Symbol file data-0000018C0A0E9790 doesn't match image C:\Users\rui02\unity_project\IVRC\IVRC\Library\ScriptAssemblies\UniHumanoid.dll
Symbol file LoadedFromMemory is not a mono symbol file
Symbol file data-0000018BF9CF9040 doesn't match image C:\Users\rui02\unity_project\IVRC\IVRC\Library\ScriptAssemblies\Unity.Burst.dll
Symbol file LoadedFromMemory is not a mono symbol file
Symbol file data-0000018C4C843010 doesn't match image C:\Users\rui02\unity_project\IVRC\IVRC\Library\ScriptAssemblies\UnityEngine.XR.LegacyInputHelpers.dll
Symbol file LoadedFromMemory is not a mono symbol file
Symbol file data-0000018C4D5954C0 doesn't match image C:\Users\rui02\unity_project\IVRC\IVRC\Library\ScriptAssemblies\UniGLTF.Tests.dll
Symbol file LoadedFromMemory is not a mono symbol file
Symbol file data-0000018C4E25BEB0 doesn't match image C:\Users\rui02\unity_project\IVRC\IVRC\Library\ScriptAssemblies\VRMShaders.GLTF.IO.Runtime.dll
Symbol file LoadedFromMemory is not a mono symbol file
Symbol file data-0000018C05782020 doesn't match image C:\Users\rui02\unity_project\IVRC\IVRC\Library\ScriptAssemblies\Unity.Timeline.Editor.dll
Symbol file LoadedFromMemory is not a mono symbol file
Symbol file data-0000018C08DDC020 doesn't match image C:\Users\rui02\unity_project\IVRC\IVRC\Library\ScriptAssemblies\Unity.VisualScripting.Shared.Editor.dll
Symbol file LoadedFromMemory is not a mono symbol file
Symbol file data-0000018C0917AD50 doesn't match image C:\Users\rui02\unity_project\IVRC\IVRC\Library\ScriptAssemblies\Unity.TerrainTools.dll
Symbol file LoadedFromMemory is not a mono symbol file
Symbol file data-0000018C4F0756A0 doesn't match image C:\Users\rui02\unity_project\IVRC\IVRC\Library\ScriptAssemblies\Unity.PlasticSCM.Editor.dll
Symbol file LoadedFromMemory is not a mono symbol file
Symbol file data-0000018C08F54850 doesn't match image C:\Users\rui02\unity_project\IVRC\IVRC\Library\ScriptAssemblies\Unity.CollabProxy.Editor.dll
Symbol file LoadedFromMemory is not a mono symbol file
Symbol file data-0000018C08F54850 doesn't match image C:\Users\rui02\unity_project\IVRC\IVRC\Library\ScriptAssemblies\UnityEditor.SpatialTracking.dll
Symbol file LoadedFromMemory is not a mono symbol file
Symbol file data-0000018C06AFD8C0 doesn't match image C:\Users\rui02\unity_project\IVRC\IVRC\Library\ScriptAssemblies\UniVRM.Editor.dll
Symbol file LoadedFromMemory is not a mono symbol file
Symbol file data-0000018C0ABC6010 doesn't match image C:\Users\rui02\unity_project\IVRC\IVRC\Library\ScriptAssemblies\Unity.ShaderGraph.Editor.dll
Symbol file LoadedFromMemory is not a mono symbol file
Symbol file data-0000018BD85D3050 doesn't match image C:\Users\rui02\unity_project\IVRC\IVRC\Library\ScriptAssemblies\Unity.VisualStudio.Editor.dll
Symbol file LoadedFromMemory is not a mono symbol file
Symbol file data-0000018BD85D3050 doesn't match image C:\Users\rui02\unity_project\IVRC\IVRC\Library\ScriptAssemblies\UnityEditor.UI.dll
Symbol file LoadedFromMemory is not a mono symbol file
Symbol file data-0000018C4EA4E030 doesn't match image C:\Users\rui02\unity_project\IVRC\IVRC\Library\ScriptAssemblies\Unity.VisualScripting.Core.dll
Symbol file LoadedFromMemory is not a mono symbol file
Symbol file data-0000018BD85D3050 doesn't match image C:\Users\rui02\unity_project\IVRC\IVRC\Library\ScriptAssemblies\SteamVR_Input_Editor.dll
Symbol file LoadedFromMemory is not a mono symbol file
Symbol file data-0000018C0BE03E40 doesn't match image C:\Users\rui02\unity_project\IVRC\IVRC\Library\ScriptAssemblies\Unity.VisualScripting.Core.Editor.dll
Symbol file LoadedFromMemory is not a mono symbol file
Symbol file data-0000018C068EAA20 doesn't match image C:\Users\rui02\unity_project\IVRC\IVRC\Library\ScriptAssemblies\UnityEngine.SpatialTracking.dll
Symbol file LoadedFromMemory is not a mono symbol file
Symbol file data-0000018C087CFA70 doesn't match image C:\Users\rui02\unity_project\IVRC\IVRC\Library\ScriptAssemblies\UnityEngine.UI.dll
Symbol file LoadedFromMemory is not a mono symbol file
Symbol file data-0000018C068EAA20 doesn't match image C:\Users\rui02\unity_project\IVRC\IVRC\Library\ScriptAssemblies\VRMShaders.GLTF.IO.Tests.dll
Symbol file LoadedFromMemory is not a mono symbol file
Symbol file data-0000018C05EDC030 doesn't match image C:\Users\rui02\unity_project\IVRC\IVRC\Library\ScriptAssemblies\UnityEditor.XR.LegacyInputHelpers.dll
Symbol file LoadedFromMemory is not a mono symbol file
Symbol file data-0000018C0BADE030 doesn't match image C:\Users\rui02\unity_project\IVRC\IVRC\Library\ScriptAssemblies\SteamVR_Editor.dll
Symbol file LoadedFromMemory is not a mono symbol file
Symbol file data-0000018C046EF030 doesn't match image C:\Users\rui02\unity_project\IVRC\IVRC\Library\ScriptAssemblies\Unity.VisualScripting.Flow.Editor.dll
Symbol file LoadedFromMemory is not a mono symbol file
Symbol file data-0000018C0BC6FA10 doesn't match image C:\Users\rui02\unity_project\IVRC\IVRC\Library\ScriptAssemblies\Unity.RenderPipeline.Universal.ShaderLibrary.dll
Symbol file LoadedFromMemory is not a mono symbol file
Symbol file data-0000018C4F2B1C00 doesn't match image C:\Users\rui02\unity_project\IVRC\IVRC\Library\ScriptAssemblies\Unity.Timeline.dll
Symbol file LoadedFromMemory is not a mono symbol file
Symbol file data-0000018BD8214500 doesn't match image C:\Users\rui02\unity_project\IVRC\IVRC\Library\ScriptAssemblies\Unity.XR.OpenVR.Editor.dll
Symbol file LoadedFromMemory is not a mono symbol file
Symbol file data-0000018C4F2E9090 doesn't match image C:\Users\rui02\unity_project\IVRC\IVRC\Library\ScriptAssemblies\VRMShaders.VRM10.MToon10.Runtime.dll
Symbol file LoadedFromMemory is not a mono symbol file
Symbol file data-0000018C514E1020 doesn't match image C:\Users\rui02\unity_project\IVRC\IVRC\Library\ScriptAssemblies\Unity.VisualScripting.SettingsProvider.Editor.dll
Symbol file LoadedFromMemory is not a mono symbol file
Symbol file data-0000018BD7B99010 doesn't match image C:\Users\rui02\unity_project\IVRC\IVRC\Library\ScriptAssemblies\Unity.TestTools.CodeCoverage.Editor.OpenCover.Model.dll
Symbol file LoadedFromMemory is not a mono symbol file
Symbol file data-0000018C519A7070 doesn't match image C:\Users\rui02\unity_project\IVRC\IVRC\Library\ScriptAssemblies\VRMShaders.GLTF.IO.Editor.dll
Symbol file LoadedFromMemory is not a mono symbol file
Symbol file data-0000018C4D203860 doesn't match image C:\Users\rui02\unity_project\IVRC\IVRC\Library\ScriptAssemblies\UnityEngine.TestRunner.dll
Symbol file LoadedFromMemory is not a mono symbol file
Symbol file data-0000018BD85D3050 doesn't match image C:\Users\rui02\unity_project\IVRC\IVRC\Library\ScriptAssemblies\Unity.VisualScripting.State.Editor.dll
Symbol file LoadedFromMemory is not a mono symbol file
Symbol file data-0000018BD82E8020 doesn't match image C:\Users\rui02\unity_project\IVRC\IVRC\Library\ScriptAssemblies\Unity.Mathematics.dll
Symbol file LoadedFromMemory is not a mono symbol file
Symbol file data-0000018C06FF73F0 doesn't match image C:\Users\rui02\unity_project\IVRC\IVRC\Library\ScriptAssemblies\Unity.RenderPipelines.Universal.Shaders.dll
Symbol file LoadedFromMemory is not a mono symbol file
Symbol file data-0000018C0847FEA0 doesn't match image C:\Users\rui02\unity_project\IVRC\IVRC\Library\ScriptAssemblies\Unity.TextMeshPro.Editor.dll
Symbol file LoadedFromMemory is not a mono symbol file
Symbol file data-0000018C4E25BEB0 doesn't match image C:\Users\rui02\unity_project\IVRC\IVRC\Library\ScriptAssemblies\Unity.Searcher.Editor.dll
Symbol file LoadedFromMemory is not a mono symbol file
Symbol file data-0000018BD7B99010 doesn't match image C:\Users\rui02\unity_project\IVRC\IVRC\Library\ScriptAssemblies\Unity.VisualScripting.State.dll
Symbol file LoadedFromMemory is not a mono symbol file
Symbol file data-0000018C08F54850 doesn't match image C:\Users\rui02\unity_project\IVRC\IVRC\Library\ScriptAssemblies\Unity.ShaderGraph.Utilities.dll
Symbol file LoadedFromMemory is not a mono symbol file
Symbol file data-0000018C54F78030 doesn't match image C:\Users\rui02\unity_project\IVRC\IVRC\Library\ScriptAssemblies\Unity.RenderPipelines.HighDefinition.Runtime.dll
Symbol file LoadedFromMemory is not a mono symbol file
Symbol file data-0000018BD7B99010 doesn't match image C:\Users\rui02\unity_project\IVRC\IVRC\Library\ScriptAssemblies\VRM.Tests.dll
Symbol file LoadedFromMemory is not a mono symbol file
- Loaded All Assemblies, in  0.697 seconds
Refreshing native plugins compatible for Editor in 11.61 ms, found 6 plugins.
Native extension for WindowsStandalone target not found
Native extension for WebGL target not found
[Package Manager] Server::EnsureServerProcessIsRunning -- launch failed, reason: Unity was launched with the -noUpm command-line argument
[Package Manager] UpmClient::Send -- Unable to send message (not connected to UPM process).
[Package Manager] Cannot connect to Unity Package Manager local server
[Package Manager] Server::EnsureServerProcessIsRunning -- launch failed, reason: Unity was launched with the -noUpm command-line argument
[Package Manager] UpmClient::Send -- Unable to send message (not connected to UPM process).
[Package Manager] Cannot connect to Unity Package Manager local server
Mono: successfully reloaded assembly
[Package Manager] Server::EnsureServerProcessIsRunning -- launch failed, reason: Unity was launched with the -noUpm command-line argument
[Package Manager] UpmClient::Send -- Unable to send message (not connected to UPM process).
[Package Manager] Cannot connect to Unity Package Manager local server
- Finished resetting the current domain, in 20.507 seconds
Domain Reload Profiling: 21202ms
	BeginReloadAssembly (152ms)
		ExecutionOrderSort (0ms)
		DisableScriptedObjects (3ms)
		BackupInstance (0ms)
		ReleaseScriptingObjects (0ms)
		CreateAndSetChildDomain (44ms)
	RebuildCommonClasses (26ms)
	RebuildNativeTypeToScriptingClass (10ms)
	initialDomainReloadingComplete (24ms)
	LoadAllAssembliesAndSetupDomain (483ms)
		LoadAssemblies (531ms)
		RebuildTransferFunctionScriptingTraits (0ms)
		AnalyzeDomain (26ms)
			TypeCache.Refresh (7ms)
				TypeCache.ScanAssembly (0ms)
			ScanForSourceGeneratedMonoScriptInfo (0ms)
			ResolveRequiredComponents (17ms)
	FinalizeReload (20508ms)
		ReleaseScriptCaches (0ms)
		RebuildScriptCaches (0ms)
		SetupLoadedEditorAssemblies (608ms)
			LogAssemblyErrors (0ms)
			InitializePlatformSupportModulesInManaged (6ms)
			SetLoadedEditorAssemblies (6ms)
			RefreshPlugins (0ms)
			BeforeProcessingInitializeOnLoad (101ms)
			ProcessInitializeOnLoadAttributes (462ms)
			ProcessInitializeOnLoadMethodAttributes (29ms)
			AfterProcessingInitializeOnLoad (4ms)
			EditorAssembliesLoaded (0ms)
		ExecutionOrderSort2 (0ms)
		AwakeInstancesAfterBackupRestoration (7ms)
Refreshing native plugins compatible for Editor in 9.39 ms, found 6 plugins.
Preloading 0 native plugins for Editor in 0.00 ms.
Unloading 7879 Unused Serialized files (Serialized files now loaded: 0)
Unloading 212 unused Assets / (15.5 MB). Loaded Objects now: 8667.
Memory consumption went from 307.5 MB to 292.0 MB.
Total: 7.272800 ms (FindLiveObjects: 0.472300 ms CreateObjectMapping: 0.479400 ms MarkObjects: 3.697700 ms  DeleteObjects: 2.622300 ms)

Prepare: number of updated asset objects reloaded= 0
AssetImportParameters requested are different than current active one (requested -> active):
  custom:container-demuxer-ogg: 62fdf1f143b41e24485cea50d1cbac27 -> 
  custom:framework-win-MediaFoundation: 216162199b28c13a410421893ffa2e32 -> 
  custom:container-muxer-webm: aa71ff27fc2769a1b78a27578f13a17b -> 
  custom:video-decoder-webm-vp8: 9c59270c3fd7afecdb556c50c9e8de78 -> 
  custom:SearchIndexIgnoredProperties: e643bd26f0fe6173181afceb89e7c659 -> 
  custom:AudioImporter_EditorPlatform: d09bf68614088b80899f8185d706f6e7 -> 
  custom:audio-decoder-ogg-vorbis: bf7c407c2cedff20999df2af8eb42d56 -> 
  custom:audio-encoder-webm-vorbis: bf7c407c2cedff20999df2af8eb42d56 -> 
  custom:video-codec-MediaFoundation-h265: 746d11721c4dcdbdad8f713fa42b33f4 -> 
  custom:video-decoder-ogg-theora: a1e56fd34408186e4bbccfd4996cb3dc -> 
  custom:CustomObjectIndexerAttribute: a3ef5dd2817f97addfee359851a9dba5 -> 
  custom:container-demuxer-webm: 4f35f7cbe854078d1ac9338744f61a02 -> 
  custom:video-encoder-webm-vp8: eb34c28f22e8b96e1ab97ce403110664 -> 
========================================================================
Received Prepare
Begin MonoManager ReloadAssembly
Symbol file data-0000018BD825E010 doesn't match image C:\Users\rui02\unity_project\IVRC\IVRC\Library\ScriptAssemblies\UniHumanoid.Editor.dll
Symbol file LoadedFromMemory is not a mono symbol file
Symbol file data-0000018C05EDC030 doesn't match image C:\Users\rui02\unity_project\IVRC\IVRC\Library\ScriptAssemblies\Unity.XR.Management.dll
Symbol file LoadedFromMemory is not a mono symbol file
Symbol file data-0000018C08F54850 doesn't match image C:\Users\rui02\unity_project\IVRC\IVRC\Library\ScriptAssemblies\UniHumanoid.Editor.Tests.dll
Symbol file LoadedFromMemory is not a mono symbol file
Symbol file data-0000018C4F774030 doesn't match image C:\Users\rui02\unity_project\IVRC\IVRC\Library\ScriptAssemblies\Unity.VisualEffectGraph.Runtime.dll
Symbol file LoadedFromMemory is not a mono symbol file
Symbol file data-0000018C03771030 doesn't match image C:\Users\rui02\unity_project\IVRC\IVRC\Library\ScriptAssemblies\Unity.RenderPipelines.Core.Runtime.dll
Symbol file LoadedFromMemory is not a mono symbol file
Symbol file data-0000018C08B4E200 doesn't match image C:\Users\rui02\unity_project\IVRC\IVRC\Library\ScriptAssemblies\Unity.Burst.Editor.dll
Symbol file LoadedFromMemory is not a mono symbol file
Symbol file data-0000018C4FC5CC80 doesn't match image C:\Users\rui02\unity_project\IVRC\IVRC\Library\ScriptAssemblies\SteamVR.dll
Symbol file LoadedFromMemory is not a mono symbol file
Symbol file data-0000018C0BC6FA10 doesn't match image C:\Users\rui02\unity_project\IVRC\IVRC\Library\ScriptAssemblies\VRMShaders.GLTF.UniUnlit.Runtime.dll
Symbol file LoadedFromMemory is not a mono symbol file
Symbol file data-0000018C08F54850 doesn't match image C:\Users\rui02\unity_project\IVRC\IVRC\Library\ScriptAssemblies\SteamVR_Windows_EditorHelper.dll
Symbol file LoadedFromMemory is not a mono symbol file
Symbol file data-0000018C4E1DDB30 doesn't match image C:\Users\rui02\unity_project\IVRC\IVRC\Library\ScriptAssemblies\UniGLTF.dll
Symbol file LoadedFromMemory is not a mono symbol file
Symbol file data-0000018C06FE0180 doesn't match image C:\Users\rui02\unity_project\IVRC\IVRC\Library\ScriptAssemblies\Unity.Rider.Editor.dll
Symbol file LoadedFromMemory is not a mono symbol file
Symbol file data-0000018C0BC6FA10 doesn't match image C:\Users\rui02\unity_project\IVRC\IVRC\Library\ScriptAssemblies\VRMShaders.VRM10.MToon10.Tests.dll
Symbol file LoadedFromMemory is not a mono symbol file
Symbol file data-0000018BF9D99010 doesn't match image C:\Users\rui02\unity_project\IVRC\IVRC\Library\ScriptAssemblies\Unity.RenderPipelines.Core.Editor.dll
Symbol file LoadedFromMemory is not a mono symbol file
Symbol file data-0000018C4C61C020 doesn't match image C:\Users\rui02\unity_project\IVRC\IVRC\Library\ScriptAssemblies\Unity.VisualEffectGraph.Editor.dll
Symbol file LoadedFromMemory is not a mono symbol file
Symbol file data-0000018C4EACC090 doesn't match image C:\Users\rui02\unity_project\IVRC\IVRC\Library\ScriptAssemblies\UnityEditor.TestRunner.dll
Symbol file LoadedFromMemory is not a mono symbol file
Symbol file data-0000018BF9D99010 doesn't match image C:\Users\rui02\unity_project\IVRC\IVRC\Library\ScriptAssemblies\Unity.VisualScripting.Flow.dll
Symbol file LoadedFromMemory is not a mono symbol file
Symbol file data-0000018C05EDC030 doesn't match image C:\Users\rui02\unity_project\IVRC\IVRC\Library\ScriptAssemblies\Unity.Mathematics.Editor.dll
Symbol file LoadedFromMemory is not a mono symbol file
Symbol file data-0000018C05EDC030 doesn't match image C:\Users\rui02\unity_project\IVRC\IVRC\Library\ScriptAssemblies\Unity.TestTools.CodeCoverage.Editor.OpenCover.Mono.Reflection.dll
Symbol file LoadedFromMemory is not a mono symbol file
Symbol file data-0000018C086A3EB0 doesn't match image C:\Users\rui02\unity_project\IVRC\IVRC\Library\ScriptAssemblies\VRMShaders.VRM10.MToon10.Editor.dll
Symbol file LoadedFromMemory is not a mono symbol file
Symbol file data-0000018C08F54850 doesn't match image C:\Users\rui02\unity_project\IVRC\IVRC\Library\ScriptAssemblies\UniGLTF.Utils.dll
Symbol file LoadedFromMemory is not a mono symbol file
Symbol file data-0000018C0BC6FA10 doesn't match image C:\Users\rui02\unity_project\IVRC\IVRC\Library\ScriptAssemblies\Unity.RenderPipelines.HighDefinition.Config.Runtime.dll
Symbol file LoadedFromMemory is not a mono symbol file
Symbol file data-0000018C086A3EB0 doesn't match image C:\Users\rui02\unity_project\IVRC\IVRC\Library\ScriptAssemblies\MToon.Editor.dll
Symbol file LoadedFromMemory is not a mono symbol file
Symbol file data-0000018C4CBFA050 doesn't match image C:\Users\rui02\unity_project\IVRC\IVRC\Library\ScriptAssemblies\Unity.Performance.Profile-Analyzer.Editor.dll
Symbol file LoadedFromMemory is not a mono symbol file
Symbol file data-0000018C0BC6FA10 doesn't match image C:\Users\rui02\unity_project\IVRC\IVRC\Library\ScriptAssemblies\Unity.RenderPipelines.Core.ShaderLibrary.dll
Symbol file LoadedFromMemory is not a mono symbol file
Symbol file data-0000018BD8079020 doesn't match image C:\Users\rui02\unity_project\IVRC\IVRC\Library\ScriptAssemblies\Unity.XR.Management.Editor.dll
Symbol file LoadedFromMemory is not a mono symbol file
Symbol file data-0000018C0BC6FA10 doesn't match image C:\Users\rui02\unity_project\IVRC\IVRC\Library\ScriptAssemblies\VRMShaders.VRM.IO.Runtime.dll
Symbol file LoadedFromMemory is not a mono symbol file
Symbol file data-0000018C06F0B3C0 doesn't match image C:\Users\rui02\unity_project\IVRC\IVRC\Library\ScriptAssemblies\Unity.TestTools.CodeCoverage.Editor.dll
Symbol file LoadedFromMemory is not a mono symbol file
Symbol file data-0000018C0A3898F0 doesn't match image C:\Users\rui02\unity_project\IVRC\IVRC\Library\ScriptAssemblies\VRM.dll
Symbol file LoadedFromMemory is not a mono symbol file
Symbol file data-0000018C086A3EB0 doesn't match image C:\Users\rui02\unity_project\IVRC\IVRC\Library\ScriptAssemblies\VRMShaders.GLTF.UniUnlit.Editor.dll
Symbol file LoadedFromMemory is not a mono symbol file
Symbol file data-0000018C086A3EB0 doesn't match image C:\Users\rui02\unity_project\IVRC\IVRC\Library\ScriptAssemblies\PPv2URPConverters.dll
Symbol file LoadedFromMemory is not a mono symbol file
Symbol file data-0000018BFBCE8020 doesn't match image C:\Users\rui02\unity_project\IVRC\IVRC\Library\ScriptAssemblies\Unity.XR.OpenVR.dll
Symbol file LoadedFromMemory is not a mono symbol file
Symbol file data-0000018C0B0A90A0 doesn't match image C:\Users\rui02\unity_project\IVRC\IVRC\Library\ScriptAssemblies\Unity.Settings.Editor.dll
Symbol file LoadedFromMemory is not a mono symbol file
Symbol file data-0000018BF9CF9040 doesn't match image C:\Users\rui02\unity_project\IVRC\IVRC\Library\ScriptAssemblies\Unity.TextMeshPro.dll
Symbol file LoadedFromMemory is not a mono symbol file
Symbol file data-0000018C0BC6FA10 doesn't match image C:\Users\rui02\unity_project\IVRC\IVRC\Library\ScriptAssemblies\VRMShaders.VRM10.Format.Runtime.dll
Symbol file LoadedFromMemory is not a mono symbol file
Symbol file data-0000018C06F1A6F0 doesn't match image C:\Users\rui02\unity_project\IVRC\IVRC\Library\ScriptAssemblies\Unity.Burst.CodeGen.dll
Symbol file LoadedFromMemory is not a mono symbol file
Symbol file data-0000018C52B70010 doesn't match image C:\Users\rui02\unity_project\IVRC\IVRC\Library\ScriptAssemblies\Unity.VSCode.Editor.dll
Symbol file LoadedFromMemory is not a mono symbol file
Symbol file data-0000018C53DBFF50 doesn't match image C:\Users\rui02\unity_project\IVRC\IVRC\Library\ScriptAssemblies\UniGLTF.Editor.dll
Symbol file LoadedFromMemory is not a mono symbol file
Symbol file data-0000018C4E107DD0 doesn't match image C:\Users\rui02\unity_project\IVRC\IVRC\Library\ScriptAssemblies\Unity.RenderPipelines.Universal.Editor.dll
Symbol file LoadedFromMemory is not a mono symbol file
Symbol file data-0000018C535DA160 doesn't match image C:\Users\rui02\unity_project\IVRC\IVRC\Library\ScriptAssemblies\Unity.RenderPipelines.HighDefinition.Editor.dll
Symbol file LoadedFromMemory is not a mono symbol file
Symbol file data-0000018C086A3EB0 doesn't match image C:\Users\rui02\unity_project\IVRC\IVRC\Library\ScriptAssemblies\VRM.Samples.Editor.Tests.dll
Symbol file LoadedFromMemory is not a mono symbol file
Symbol file data-0000018C0BC6FA10 doesn't match image C:\Users\rui02\unity_project\IVRC\IVRC\Library\ScriptAssemblies\Unity.RenderPipelines.ShaderGraph.ShaderGraphLibrary.dll
Symbol file LoadedFromMemory is not a mono symbol file
Symbol file data-0000018C086A3EB0 doesn't match image C:\Users\rui02\unity_project\IVRC\IVRC\Library\ScriptAssemblies\Unity.EditorCoroutines.Editor.dll
Symbol file LoadedFromMemory is not a mono symbol file
Symbol file data-0000018C52B70010 doesn't match image C:\Users\rui02\unity_project\IVRC\IVRC\Library\ScriptAssemblies\FastSpringBone.dll
Symbol file LoadedFromMemory is not a mono symbol file
Symbol file data-0000018BF9CF9040 doesn't match image C:\Users\rui02\unity_project\IVRC\IVRC\Library\ScriptAssemblies\Unity.TerrainTools.Editor.dll
Symbol file LoadedFromMemory is not a mono symbol file
Symbol file data-0000018BD8140010 doesn't match image C:\Users\rui02\unity_project\IVRC\IVRC\Library\ScriptAssemblies\Unity.RenderPipelines.Universal.Runtime.dll
Symbol file LoadedFromMemory is not a mono symbol file
Symbol file data-0000018C08DDC020 doesn't match image C:\Users\rui02\unity_project\IVRC\IVRC\Library\ScriptAssemblies\MToon.dll
Symbol file LoadedFromMemory is not a mono symbol file
Symbol file data-0000018C0A0E9790 doesn't match image C:\Users\rui02\unity_project\IVRC\IVRC\Library\ScriptAssemblies\UniHumanoid.dll
Symbol file LoadedFromMemory is not a mono symbol file
Symbol file data-0000018BF9CF9040 doesn't match image C:\Users\rui02\unity_project\IVRC\IVRC\Library\ScriptAssemblies\Unity.Burst.dll
Symbol file LoadedFromMemory is not a mono symbol file
Symbol file data-0000018C0BADE030 doesn't match image C:\Users\rui02\unity_project\IVRC\IVRC\Library\ScriptAssemblies\UnityEngine.XR.LegacyInputHelpers.dll
Symbol file LoadedFromMemory is not a mono symbol file
Symbol file data-0000018C0A0E9790 doesn't match image C:\Users\rui02\unity_project\IVRC\IVRC\Library\ScriptAssemblies\UniGLTF.Tests.dll
Symbol file LoadedFromMemory is not a mono symbol file
Symbol file data-0000018C4DAE4030 doesn't match image C:\Users\rui02\unity_project\IVRC\IVRC\Library\ScriptAssemblies\VRMShaders.GLTF.IO.Runtime.dll
Symbol file LoadedFromMemory is not a mono symbol file
Symbol file data-0000018C05782020 doesn't match image C:\Users\rui02\unity_project\IVRC\IVRC\Library\ScriptAssemblies\Unity.Timeline.Editor.dll
Symbol file LoadedFromMemory is not a mono symbol file
Symbol file data-0000018C08DDC020 doesn't match image C:\Users\rui02\unity_project\IVRC\IVRC\Library\ScriptAssemblies\Unity.VisualScripting.Shared.Editor.dll
Symbol file LoadedFromMemory is not a mono symbol file
Symbol file data-0000018C0BC6FA10 doesn't match image C:\Users\rui02\unity_project\IVRC\IVRC\Library\ScriptAssemblies\Unity.TerrainTools.dll
Symbol file LoadedFromMemory is not a mono symbol file
Symbol file data-0000018C4F0756A0 doesn't match image C:\Users\rui02\unity_project\IVRC\IVRC\Library\ScriptAssemblies\Unity.PlasticSCM.Editor.dll
Symbol file LoadedFromMemory is not a mono symbol file
Symbol file data-0000018C08F54850 doesn't match image C:\Users\rui02\unity_project\IVRC\IVRC\Library\ScriptAssemblies\Unity.CollabProxy.Editor.dll
Symbol file LoadedFromMemory is not a mono symbol file
Symbol file data-0000018C08F54850 doesn't match image C:\Users\rui02\unity_project\IVRC\IVRC\Library\ScriptAssemblies\UnityEditor.SpatialTracking.dll
Symbol file LoadedFromMemory is not a mono symbol file
Symbol file data-0000018C4F774030 doesn't match image C:\Users\rui02\unity_project\IVRC\IVRC\Library\ScriptAssemblies\UniVRM.Editor.dll
Symbol file LoadedFromMemory is not a mono symbol file
Symbol file data-0000018C52FF6B80 doesn't match image C:\Users\rui02\unity_project\IVRC\IVRC\Library\ScriptAssemblies\Unity.ShaderGraph.Editor.dll
Symbol file LoadedFromMemory is not a mono symbol file
Symbol file data-0000018C06D54650 doesn't match image C:\Users\rui02\unity_project\IVRC\IVRC\Library\ScriptAssemblies\Unity.VisualStudio.Editor.dll
Symbol file LoadedFromMemory is not a mono symbol file
Symbol file data-0000018C06D54650 doesn't match image C:\Users\rui02\unity_project\IVRC\IVRC\Library\ScriptAssemblies\UnityEditor.UI.dll
Symbol file LoadedFromMemory is not a mono symbol file
Symbol file data-0000018C507F0030 doesn't match image C:\Users\rui02\unity_project\IVRC\IVRC\Library\ScriptAssemblies\Unity.VisualScripting.Core.dll
Symbol file LoadedFromMemory is not a mono symbol file
Symbol file data-0000018C06D54650 doesn't match image C:\Users\rui02\unity_project\IVRC\IVRC\Library\ScriptAssemblies\SteamVR_Input_Editor.dll
Symbol file LoadedFromMemory is not a mono symbol file
Symbol file data-0000018C535DA160 doesn't match image C:\Users\rui02\unity_project\IVRC\IVRC\Library\ScriptAssemblies\Unity.VisualScripting.Core.Editor.dll
Symbol file LoadedFromMemory is not a mono symbol file
Symbol file data-0000018C068EAA20 doesn't match image C:\Users\rui02\unity_project\IVRC\IVRC\Library\ScriptAssemblies\UnityEngine.SpatialTracking.dll
Symbol file LoadedFromMemory is not a mono symbol file
Symbol file data-0000018C087CFA70 doesn't match image C:\Users\rui02\unity_project\IVRC\IVRC\Library\ScriptAssemblies\UnityEngine.UI.dll
Symbol file LoadedFromMemory is not a mono symbol file
Symbol file data-0000018C068EAA20 doesn't match image C:\Users\rui02\unity_project\IVRC\IVRC\Library\ScriptAssemblies\VRMShaders.GLTF.IO.Tests.dll
Symbol file LoadedFromMemory is not a mono symbol file
Symbol file data-0000018C05EDC030 doesn't match image C:\Users\rui02\unity_project\IVRC\IVRC\Library\ScriptAssemblies\UnityEditor.XR.LegacyInputHelpers.dll
Symbol file LoadedFromMemory is not a mono symbol file
Symbol file data-0000018C0BADE030 doesn't match image C:\Users\rui02\unity_project\IVRC\IVRC\Library\ScriptAssemblies\SteamVR_Editor.dll
Symbol file LoadedFromMemory is not a mono symbol file
Symbol file data-0000018C4CBFA050 doesn't match image C:\Users\rui02\unity_project\IVRC\IVRC\Library\ScriptAssemblies\Unity.VisualScripting.Flow.Editor.dll
Symbol file LoadedFromMemory is not a mono symbol file
Symbol file data-0000018C0BC6FA10 doesn't match image C:\Users\rui02\unity_project\IVRC\IVRC\Library\ScriptAssemblies\Unity.RenderPipeline.Universal.ShaderLibrary.dll
Symbol file LoadedFromMemory is not a mono symbol file
Symbol file data-0000018C06C4C020 doesn't match image C:\Users\rui02\unity_project\IVRC\IVRC\Library\ScriptAssemblies\Unity.Timeline.dll
Symbol file LoadedFromMemory is not a mono symbol file
Symbol file data-0000018C05EDC030 doesn't match image C:\Users\rui02\unity_project\IVRC\IVRC\Library\ScriptAssemblies\Unity.XR.OpenVR.Editor.dll
Symbol file LoadedFromMemory is not a mono symbol file
Symbol file data-0000018C4F2E9090 doesn't match image C:\Users\rui02\unity_project\IVRC\IVRC\Library\ScriptAssemblies\VRMShaders.VRM10.MToon10.Runtime.dll
Symbol file LoadedFromMemory is not a mono symbol file
Symbol file data-0000018C05EDC030 doesn't match image C:\Users\rui02\unity_project\IVRC\IVRC\Library\ScriptAssemblies\Unity.VisualScripting.SettingsProvider.Editor.dll
Symbol file LoadedFromMemory is not a mono symbol file
Symbol file data-0000018C52B70010 doesn't match image C:\Users\rui02\unity_project\IVRC\IVRC\Library\ScriptAssemblies\Unity.TestTools.CodeCoverage.Editor.OpenCover.Model.dll
Symbol file LoadedFromMemory is not a mono symbol file
Symbol file data-0000018C05EDC030 doesn't match image C:\Users\rui02\unity_project\IVRC\IVRC\Library\ScriptAssemblies\VRMShaders.GLTF.IO.Editor.dll
Symbol file LoadedFromMemory is not a mono symbol file
Symbol file data-0000018C53DBFF50 doesn't match image C:\Users\rui02\unity_project\IVRC\IVRC\Library\ScriptAssemblies\UnityEngine.TestRunner.dll
Symbol file LoadedFromMemory is not a mono symbol file
Symbol file data-0000018C06D54650 doesn't match image C:\Users\rui02\unity_project\IVRC\IVRC\Library\ScriptAssemblies\Unity.VisualScripting.State.Editor.dll
Symbol file LoadedFromMemory is not a mono symbol file
Symbol file data-0000018C4F860410 doesn't match image C:\Users\rui02\unity_project\IVRC\IVRC\Library\ScriptAssemblies\Unity.Mathematics.dll
Symbol file LoadedFromMemory is not a mono symbol file
Symbol file data-0000018C0BC6FA10 doesn't match image C:\Users\rui02\unity_project\IVRC\IVRC\Library\ScriptAssemblies\Unity.RenderPipelines.Universal.Shaders.dll
Symbol file LoadedFromMemory is not a mono symbol file
Symbol file data-0000018C0BD64020 doesn't match image C:\Users\rui02\unity_project\IVRC\IVRC\Library\ScriptAssemblies\Unity.TextMeshPro.Editor.dll
Symbol file LoadedFromMemory is not a mono symbol file
Symbol file data-0000018BFBF913D0 doesn't match image C:\Users\rui02\unity_project\IVRC\IVRC\Library\ScriptAssemblies\Unity.Searcher.Editor.dll
Symbol file LoadedFromMemory is not a mono symbol file
Symbol file data-0000018C0A4F3F00 doesn't match image C:\Users\rui02\unity_project\IVRC\IVRC\Library\ScriptAssemblies\Unity.VisualScripting.State.dll
Symbol file LoadedFromMemory is not a mono symbol file
Symbol file data-0000018C08F54850 doesn't match image C:\Users\rui02\unity_project\IVRC\IVRC\Library\ScriptAssemblies\Unity.ShaderGraph.Utilities.dll
Symbol file LoadedFromMemory is not a mono symbol file
Symbol file data-0000018C51C7D030 doesn't match image C:\Users\rui02\unity_project\IVRC\IVRC\Library\ScriptAssemblies\Unity.RenderPipelines.HighDefinition.Runtime.dll
Symbol file LoadedFromMemory is not a mono symbol file
Symbol file data-0000018C52B70010 doesn't match image C:\Users\rui02\unity_project\IVRC\IVRC\Library\ScriptAssemblies\VRM.Tests.dll
Symbol file LoadedFromMemory is not a mono symbol file
- Loaded All Assemblies, in  3.007 seconds
Refreshing native plugins compatible for Editor in 4.53 ms, found 6 plugins.
Native extension for WindowsStandalone target not found
Native extension for WebGL target not found
[Package Manager] Server::EnsureServerProcessIsRunning -- launch failed, reason: Unity was launched with the -noUpm command-line argument
[Package Manager] UpmClient::Send -- Unable to send message (not connected to UPM process).
[Package Manager] Cannot connect to Unity Package Manager local server
[Package Manager] Server::EnsureServerProcessIsRunning -- launch failed, reason: Unity was launched with the -noUpm command-line argument
[Package Manager] UpmClient::Send -- Unable to send message (not connected to UPM process).
[Package Manager] Cannot connect to Unity Package Manager local server
Mono: successfully reloaded assembly
[Package Manager] Server::EnsureServerProcessIsRunning -- launch failed, reason: Unity was launched with the -noUpm command-line argument
[Package Manager] UpmClient::Send -- Unable to send message (not connected to UPM process).
[Package Manager] Cannot connect to Unity Package Manager local server
- Finished resetting the current domain, in 22.300 seconds
Domain Reload Profiling: 25304ms
	BeginReloadAssembly (137ms)
		ExecutionOrderSort (0ms)
		DisableScriptedObjects (3ms)
		BackupInstance (0ms)
		ReleaseScriptingObjects (0ms)
		CreateAndSetChildDomain (38ms)
	RebuildCommonClasses (136ms)
	RebuildNativeTypeToScriptingClass (10ms)
	initialDomainReloadingComplete (25ms)
	LoadAllAssembliesAndSetupDomain (2695ms)
		LoadAssemblies (2737ms)
		RebuildTransferFunctionScriptingTraits (0ms)
		AnalyzeDomain (25ms)
			TypeCache.Refresh (8ms)
				TypeCache.ScanAssembly (0ms)
			ScanForSourceGeneratedMonoScriptInfo (0ms)
			ResolveRequiredComponents (15ms)
	FinalizeReload (22301ms)
		ReleaseScriptCaches (0ms)
		RebuildScriptCaches (0ms)
		SetupLoadedEditorAssemblies (603ms)
			LogAssemblyErrors (0ms)
			InitializePlatformSupportModulesInManaged (6ms)
			SetLoadedEditorAssemblies (7ms)
			RefreshPlugins (0ms)
			BeforeProcessingInitializeOnLoad (101ms)
			ProcessInitializeOnLoadAttributes (455ms)
			ProcessInitializeOnLoadMethodAttributes (29ms)
			AfterProcessingInitializeOnLoad (5ms)
			EditorAssembliesLoaded (0ms)
		ExecutionOrderSort2 (0ms)
		AwakeInstancesAfterBackupRestoration (6ms)
Refreshing native plugins compatible for Editor in 5.81 ms, found 6 plugins.
Preloading 0 native plugins for Editor in 0.00 ms.
Unloading 7879 Unused Serialized files (Serialized files now loaded: 0)
Unloading 212 unused Assets / (15.5 MB). Loaded Objects now: 8683.
Memory consumption went from 307.5 MB to 292.0 MB.
Total: 7.005400 ms (FindLiveObjects: 0.450500 ms CreateObjectMapping: 0.295900 ms MarkObjects: 3.021400 ms  DeleteObjects: 3.236300 ms)

Prepare: number of updated asset objects reloaded= 0
AssetImportParameters requested are different than current active one (requested -> active):
  custom:container-demuxer-ogg: 62fdf1f143b41e24485cea50d1cbac27 -> 
  custom:framework-win-MediaFoundation: 216162199b28c13a410421893ffa2e32 -> 
  custom:container-muxer-webm: aa71ff27fc2769a1b78a27578f13a17b -> 
  custom:video-decoder-webm-vp8: 9c59270c3fd7afecdb556c50c9e8de78 -> 
  custom:SearchIndexIgnoredProperties: e643bd26f0fe6173181afceb89e7c659 -> 
  custom:AudioImporter_EditorPlatform: d09bf68614088b80899f8185d706f6e7 -> 
  custom:audio-decoder-ogg-vorbis: bf7c407c2cedff20999df2af8eb42d56 -> 
  custom:audio-encoder-webm-vorbis: bf7c407c2cedff20999df2af8eb42d56 -> 
  custom:video-codec-MediaFoundation-h265: 746d11721c4dcdbdad8f713fa42b33f4 -> 
  custom:video-decoder-ogg-theora: a1e56fd34408186e4bbccfd4996cb3dc -> 
  custom:CustomObjectIndexerAttribute: a3ef5dd2817f97addfee359851a9dba5 -> 
  custom:container-demuxer-webm: 4f35f7cbe854078d1ac9338744f61a02 -> 
  custom:video-encoder-webm-vp8: eb34c28f22e8b96e1ab97ce403110664 -> 
========================================================================
Received Import Request.
  Time since last request: 607.413662 seconds.
  path: Assets/Fonts
  artifactKey: Guid(5fe4d400e596026439182d9caaaedb26) Importer(815301076,1909f56bfc062723c751e8b465ee728b)
Start importing Assets/Fonts using Guid(5fe4d400e596026439182d9caaaedb26) Importer(815301076,1909f56bfc062723c751e8b465ee728b)  -> (artifact id: 'b76ab12f737d68a17eef2a2f5d0ce9c9') in 0.021321 seconds
Number of updated asset objects reloaded before import = 0
Number of asset objects unloaded after import = 0
========================================================================
Received Import Request.
  Time since last request: 110.340955 seconds.
  path: Assets/Fonts/NotoSansJP-Bold.uasset
  artifactKey: Guid(57cf30bde191fb5448e41d3d8c302ff5) Importer(815301076,1909f56bfc062723c751e8b465ee728b)
Start importing Assets/Fonts/NotoSansJP-Bold.uasset using Guid(57cf30bde191fb5448e41d3d8c302ff5) Importer(815301076,1909f56bfc062723c751e8b465ee728b)  -> (artifact id: 'd0e509898ccbe5247128c5195f4da423') in 0.011395 seconds
Number of updated asset objects reloaded before import = 0
Number of asset objects unloaded after import = 1
========================================================================
Received Import Request.
  Time since last request: 110.178028 seconds.
  path: Assets/Fonts/NotoSansJP-Medium.ttf
  artifactKey: Guid(0cd5364a888d9e1418b20955be46911c) Importer(815301076,1909f56bfc062723c751e8b465ee728b)
Start importing Assets/Fonts/NotoSansJP-Medium.ttf using Guid(0cd5364a888d9e1418b20955be46911c) Importer(815301076,1909f56bfc062723c751e8b465ee728b)  -> (artifact id: 'ecbcef94b355cf209dfedefa04bfd717') in 0.075213 seconds
Number of updated asset objects reloaded before import = 0
Number of asset objects unloaded after import = 4
========================================================================
Received Import Request.
  Time since last request: 3160.962400 seconds.
  path: Assets/Fonts/NotoSansJP-Medium SDF.asset
  artifactKey: Guid(8417a2e7517824f4184c9c11c291a110) Importer(815301076,1909f56bfc062723c751e8b465ee728b)
Start importing Assets/Fonts/NotoSansJP-Medium SDF.asset using Guid(8417a2e7517824f4184c9c11c291a110) Importer(815301076,1909f56bfc062723c751e8b465ee728b)  -> (artifact id: 'b2a26fae99ab7115c60e31d4a1146bff') in 0.692458 seconds
Number of updated asset objects reloaded before import = 0
Number of asset objects unloaded after import = 7
========================================================================
Received Prepare
Begin MonoManager ReloadAssembly
Symbol file data-0000018BFB627010 doesn't match image C:\Users\rui02\unity_project\IVRC\IVRC\Library\ScriptAssemblies\UniHumanoid.Editor.dll
Symbol file LoadedFromMemory is not a mono symbol file
Symbol file data-0000018C5132A430 doesn't match image C:\Users\rui02\unity_project\IVRC\IVRC\Library\ScriptAssemblies\Unity.XR.Management.dll
Symbol file LoadedFromMemory is not a mono symbol file
Symbol file data-0000018C086A3EB0 doesn't match image C:\Users\rui02\unity_project\IVRC\IVRC\Library\ScriptAssemblies\UniHumanoid.Editor.Tests.dll
Symbol file LoadedFromMemory is not a mono symbol file
Symbol file data-0000018C0B62EA80 doesn't match image C:\Users\rui02\unity_project\IVRC\IVRC\Library\ScriptAssemblies\Unity.VisualEffectGraph.Runtime.dll
Symbol file LoadedFromMemory is not a mono symbol file
Symbol file data-0000018C046CF020 doesn't match image C:\Users\rui02\unity_project\IVRC\IVRC\Library\ScriptAssemblies\Unity.RenderPipelines.Core.Runtime.dll
Symbol file LoadedFromMemory is not a mono symbol file
Symbol file data-0000018C08B4E200 doesn't match image C:\Users\rui02\unity_project\IVRC\IVRC\Library\ScriptAssemblies\Unity.Burst.Editor.dll
Symbol file LoadedFromMemory is not a mono symbol file
Symbol file data-0000018C068F0090 doesn't match image C:\Users\rui02\unity_project\IVRC\IVRC\Library\ScriptAssemblies\SteamVR.dll
Symbol file LoadedFromMemory is not a mono symbol file
Symbol file data-0000018C4EFECAC0 doesn't match image C:\Users\rui02\unity_project\IVRC\IVRC\Library\ScriptAssemblies\VRMShaders.GLTF.UniUnlit.Runtime.dll
Symbol file LoadedFromMemory is not a mono symbol file
Symbol file data-0000018C53637750 doesn't match image C:\Users\rui02\unity_project\IVRC\IVRC\Library\ScriptAssemblies\SteamVR_Windows_EditorHelper.dll
Symbol file LoadedFromMemory is not a mono symbol file
Symbol file data-0000018C0B727A00 doesn't match image C:\Users\rui02\unity_project\IVRC\IVRC\Library\ScriptAssemblies\UniGLTF.dll
Symbol file LoadedFromMemory is not a mono symbol file
Symbol file data-0000018C05000080 doesn't match image C:\Users\rui02\unity_project\IVRC\IVRC\Library\ScriptAssemblies\Unity.Rider.Editor.dll
Symbol file LoadedFromMemory is not a mono symbol file
Symbol file data-0000018C4F6C2EC0 doesn't match image C:\Users\rui02\unity_project\IVRC\IVRC\Library\ScriptAssemblies\VRMShaders.VRM10.MToon10.Tests.dll
Symbol file LoadedFromMemory is not a mono symbol file
Symbol file data-0000018BF9D99010 doesn't match image C:\Users\rui02\unity_project\IVRC\IVRC\Library\ScriptAssemblies\Unity.RenderPipelines.Core.Editor.dll
Symbol file LoadedFromMemory is not a mono symbol file
Symbol file data-0000018C53230080 doesn't match image C:\Users\rui02\unity_project\IVRC\IVRC\Library\ScriptAssemblies\Unity.VisualEffectGraph.Editor.dll
Symbol file LoadedFromMemory is not a mono symbol file
Symbol file data-0000018C091674F0 doesn't match image C:\Users\rui02\unity_project\IVRC\IVRC\Library\ScriptAssemblies\UnityEditor.TestRunner.dll
Symbol file LoadedFromMemory is not a mono symbol file
Symbol file data-0000018C5545EB00 doesn't match image C:\Users\rui02\unity_project\IVRC\IVRC\Library\ScriptAssemblies\Unity.VisualScripting.Flow.dll
Symbol file LoadedFromMemory is not a mono symbol file
Symbol file data-0000018C0A20A010 doesn't match image C:\Users\rui02\unity_project\IVRC\IVRC\Library\ScriptAssemblies\Unity.Mathematics.Editor.dll
Symbol file LoadedFromMemory is not a mono symbol file
Symbol file data-0000018C558FD9C0 doesn't match image C:\Users\rui02\unity_project\IVRC\IVRC\Library\ScriptAssemblies\Unity.TestTools.CodeCoverage.Editor.OpenCover.Mono.Reflection.dll
Symbol file LoadedFromMemory is not a mono symbol file
Symbol file data-0000018C4DD1E030 doesn't match image C:\Users\rui02\unity_project\IVRC\IVRC\Library\ScriptAssemblies\VRMShaders.VRM10.MToon10.Editor.dll
Symbol file LoadedFromMemory is not a mono symbol file
Symbol file data-0000018C53637750 doesn't match image C:\Users\rui02\unity_project\IVRC\IVRC\Library\ScriptAssemblies\UniGLTF.Utils.dll
Symbol file LoadedFromMemory is not a mono symbol file
Symbol file data-0000018C4EFECAC0 doesn't match image C:\Users\rui02\unity_project\IVRC\IVRC\Library\ScriptAssemblies\Unity.RenderPipelines.HighDefinition.Config.Runtime.dll
Symbol file LoadedFromMemory is not a mono symbol file
Symbol file data-0000018C4DD1E030 doesn't match image C:\Users\rui02\unity_project\IVRC\IVRC\Library\ScriptAssemblies\MToon.Editor.dll
Symbol file LoadedFromMemory is not a mono symbol file
Symbol file data-0000018C53710080 doesn't match image C:\Users\rui02\unity_project\IVRC\IVRC\Library\ScriptAssemblies\Unity.Performance.Profile-Analyzer.Editor.dll
Symbol file LoadedFromMemory is not a mono symbol file
Symbol file data-0000018C4F6C2EC0 doesn't match image C:\Users\rui02\unity_project\IVRC\IVRC\Library\ScriptAssemblies\Unity.RenderPipelines.Core.ShaderLibrary.dll
Symbol file LoadedFromMemory is not a mono symbol file
Symbol file data-0000018BD7DDC020 doesn't match image C:\Users\rui02\unity_project\IVRC\IVRC\Library\ScriptAssemblies\Unity.XR.Management.Editor.dll
Symbol file LoadedFromMemory is not a mono symbol file
Symbol file data-0000018C54FEF050 doesn't match image C:\Users\rui02\unity_project\IVRC\IVRC\Library\ScriptAssemblies\VRMShaders.VRM.IO.Runtime.dll
Symbol file LoadedFromMemory is not a mono symbol file
Symbol file data-0000018C0A4AB020 doesn't match image C:\Users\rui02\unity_project\IVRC\IVRC\Library\ScriptAssemblies\Unity.TestTools.CodeCoverage.Editor.dll
Symbol file LoadedFromMemory is not a mono symbol file
Symbol file data-0000018C4F3A3450 doesn't match image C:\Users\rui02\unity_project\IVRC\IVRC\Library\ScriptAssemblies\VRM.dll
Symbol file LoadedFromMemory is not a mono symbol file
Symbol file data-0000018C53637750 doesn't match image C:\Users\rui02\unity_project\IVRC\IVRC\Library\ScriptAssemblies\VRMShaders.GLTF.UniUnlit.Editor.dll
Symbol file LoadedFromMemory is not a mono symbol file
Symbol file data-0000018C53637750 doesn't match image C:\Users\rui02\unity_project\IVRC\IVRC\Library\ScriptAssemblies\PPv2URPConverters.dll
Symbol file LoadedFromMemory is not a mono symbol file
Symbol file data-0000018C51672010 doesn't match image C:\Users\rui02\unity_project\IVRC\IVRC\Library\ScriptAssemblies\Unity.XR.OpenVR.dll
Symbol file LoadedFromMemory is not a mono symbol file
Symbol file data-0000018C0B0A90A0 doesn't match image C:\Users\rui02\unity_project\IVRC\IVRC\Library\ScriptAssemblies\Unity.Settings.Editor.dll
Symbol file LoadedFromMemory is not a mono symbol file
Symbol file data-0000018C4FD91040 doesn't match image C:\Users\rui02\unity_project\IVRC\IVRC\Library\ScriptAssemblies\Unity.TextMeshPro.dll
Symbol file LoadedFromMemory is not a mono symbol file
Symbol file data-0000018C4F6C2EC0 doesn't match image C:\Users\rui02\unity_project\IVRC\IVRC\Library\ScriptAssemblies\VRMShaders.VRM10.Format.Runtime.dll
Symbol file LoadedFromMemory is not a mono symbol file
Symbol file data-0000018C06F1A6F0 doesn't match image C:\Users\rui02\unity_project\IVRC\IVRC\Library\ScriptAssemblies\Unity.Burst.CodeGen.dll
Symbol file LoadedFromMemory is not a mono symbol file
Symbol file data-0000018C52B70010 doesn't match image C:\Users\rui02\unity_project\IVRC\IVRC\Library\ScriptAssemblies\Unity.VSCode.Editor.dll
Symbol file LoadedFromMemory is not a mono symbol file
Symbol file data-0000018C4E852050 doesn't match image C:\Users\rui02\unity_project\IVRC\IVRC\Library\ScriptAssemblies\UniGLTF.Editor.dll
Symbol file LoadedFromMemory is not a mono symbol file
Symbol file data-0000018C08E24440 doesn't match image C:\Users\rui02\unity_project\IVRC\IVRC\Library\ScriptAssemblies\Unity.RenderPipelines.Universal.Editor.dll
Symbol file LoadedFromMemory is not a mono symbol file
Symbol file data-0000018C4F860410 doesn't match image C:\Users\rui02\unity_project\IVRC\IVRC\Library\ScriptAssemblies\Unity.RenderPipelines.HighDefinition.Editor.dll
Symbol file LoadedFromMemory is not a mono symbol file
Symbol file data-0000018C4DD1E030 doesn't match image C:\Users\rui02\unity_project\IVRC\IVRC\Library\ScriptAssemblies\VRM.Samples.Editor.Tests.dll
Symbol file LoadedFromMemory is not a mono symbol file
Symbol file data-0000018C4F6C2EC0 doesn't match image C:\Users\rui02\unity_project\IVRC\IVRC\Library\ScriptAssemblies\Unity.RenderPipelines.ShaderGraph.ShaderGraphLibrary.dll
Symbol file LoadedFromMemory is not a mono symbol file
Symbol file data-0000018C4DD1E030 doesn't match image C:\Users\rui02\unity_project\IVRC\IVRC\Library\ScriptAssemblies\Unity.EditorCoroutines.Editor.dll
Symbol file LoadedFromMemory is not a mono symbol file
Symbol file data-0000018C4E4D7ED0 doesn't match image C:\Users\rui02\unity_project\IVRC\IVRC\Library\ScriptAssemblies\FastSpringBone.dll
Symbol file LoadedFromMemory is not a mono symbol file
Symbol file data-0000018BFBE94ED0 doesn't match image C:\Users\rui02\unity_project\IVRC\IVRC\Library\ScriptAssemblies\Unity.TerrainTools.Editor.dll
Symbol file LoadedFromMemory is not a mono symbol file
Symbol file data-0000018BD8140010 doesn't match image C:\Users\rui02\unity_project\IVRC\IVRC\Library\ScriptAssemblies\Unity.RenderPipelines.Universal.Runtime.dll
Symbol file LoadedFromMemory is not a mono symbol file
Symbol file data-0000018C0B028010 doesn't match image C:\Users\rui02\unity_project\IVRC\IVRC\Library\ScriptAssemblies\MToon.dll
Symbol file LoadedFromMemory is not a mono symbol file
Symbol file data-0000018C0A0E9790 doesn't match image C:\Users\rui02\unity_project\IVRC\IVRC\Library\ScriptAssemblies\UniHumanoid.dll
Symbol file LoadedFromMemory is not a mono symbol file
Symbol file data-0000018BFBE94ED0 doesn't match image C:\Users\rui02\unity_project\IVRC\IVRC\Library\ScriptAssemblies\Unity.Burst.dll
Symbol file LoadedFromMemory is not a mono symbol file
Symbol file data-0000018C0C0E7050 doesn't match image C:\Users\rui02\unity_project\IVRC\IVRC\Library\ScriptAssemblies\UnityEngine.XR.LegacyInputHelpers.dll
Symbol file LoadedFromMemory is not a mono symbol file
Symbol file data-0000018C4F4C9BE0 doesn't match image C:\Users\rui02\unity_project\IVRC\IVRC\Library\ScriptAssemblies\UniGLTF.Tests.dll
Symbol file LoadedFromMemory is not a mono symbol file
Symbol file data-0000018C08AC2030 doesn't match image C:\Users\rui02\unity_project\IVRC\IVRC\Library\ScriptAssemblies\VRMShaders.GLTF.IO.Runtime.dll
Symbol file LoadedFromMemory is not a mono symbol file
Symbol file data-0000018C05782020 doesn't match image C:\Users\rui02\unity_project\IVRC\IVRC\Library\ScriptAssemblies\Unity.Timeline.Editor.dll
Symbol file LoadedFromMemory is not a mono symbol file
Symbol file data-0000018C0B028010 doesn't match image C:\Users\rui02\unity_project\IVRC\IVRC\Library\ScriptAssemblies\Unity.VisualScripting.Shared.Editor.dll
Symbol file LoadedFromMemory is not a mono symbol file
Symbol file data-0000018C4F6C2EC0 doesn't match image C:\Users\rui02\unity_project\IVRC\IVRC\Library\ScriptAssemblies\Unity.TerrainTools.dll
Symbol file LoadedFromMemory is not a mono symbol file
Symbol file data-0000018C4E923570 doesn't match image C:\Users\rui02\unity_project\IVRC\IVRC\Library\ScriptAssemblies\Unity.PlasticSCM.Editor.dll
Symbol file LoadedFromMemory is not a mono symbol file
Symbol file data-0000018C53637750 doesn't match image C:\Users\rui02\unity_project\IVRC\IVRC\Library\ScriptAssemblies\Unity.CollabProxy.Editor.dll
Symbol file LoadedFromMemory is not a mono symbol file
Symbol file data-0000018C53637750 doesn't match image C:\Users\rui02\unity_project\IVRC\IVRC\Library\ScriptAssemblies\UnityEditor.SpatialTracking.dll
Symbol file LoadedFromMemory is not a mono symbol file
Symbol file data-0000018C0B62EA80 doesn't match image C:\Users\rui02\unity_project\IVRC\IVRC\Library\ScriptAssemblies\UniVRM.Editor.dll
Symbol file LoadedFromMemory is not a mono symbol file
Symbol file data-0000018C09009E90 doesn't match image C:\Users\rui02\unity_project\IVRC\IVRC\Library\ScriptAssemblies\Unity.ShaderGraph.Editor.dll
Symbol file LoadedFromMemory is not a mono symbol file
Symbol file data-0000018BD7DDC020 doesn't match image C:\Users\rui02\unity_project\IVRC\IVRC\Library\ScriptAssemblies\Unity.VisualStudio.Editor.dll
Symbol file LoadedFromMemory is not a mono symbol file
Symbol file data-0000018C059B6010 doesn't match image C:\Users\rui02\unity_project\IVRC\IVRC\Library\ScriptAssemblies\UnityEditor.UI.dll
Symbol file LoadedFromMemory is not a mono symbol file
Symbol file data-0000018C0A85E060 doesn't match image C:\Users\rui02\unity_project\IVRC\IVRC\Library\ScriptAssemblies\Unity.VisualScripting.Core.dll
Symbol file LoadedFromMemory is not a mono symbol file
Symbol file data-0000018C059B6010 doesn't match image C:\Users\rui02\unity_project\IVRC\IVRC\Library\ScriptAssemblies\SteamVR_Input_Editor.dll
Symbol file LoadedFromMemory is not a mono symbol file
Symbol file data-0000018C4F860410 doesn't match image C:\Users\rui02\unity_project\IVRC\IVRC\Library\ScriptAssemblies\Unity.VisualScripting.Core.Editor.dll
Symbol file LoadedFromMemory is not a mono symbol file
Symbol file data-0000018C77CE7400 doesn't match image C:\Users\rui02\unity_project\IVRC\IVRC\Library\ScriptAssemblies\UnityEngine.SpatialTracking.dll
Symbol file LoadedFromMemory is not a mono symbol file
Symbol file data-0000018C096FD5D0 doesn't match image C:\Users\rui02\unity_project\IVRC\IVRC\Library\ScriptAssemblies\UnityEngine.UI.dll
Symbol file LoadedFromMemory is not a mono symbol file
Symbol file data-0000018C77CE7400 doesn't match image C:\Users\rui02\unity_project\IVRC\IVRC\Library\ScriptAssemblies\VRMShaders.GLTF.IO.Tests.dll
Symbol file LoadedFromMemory is not a mono symbol file
Symbol file data-0000018C05EDC030 doesn't match image C:\Users\rui02\unity_project\IVRC\IVRC\Library\ScriptAssemblies\UnityEditor.XR.LegacyInputHelpers.dll
Symbol file LoadedFromMemory is not a mono symbol file
Symbol file data-0000018C04A9C910 doesn't match image C:\Users\rui02\unity_project\IVRC\IVRC\Library\ScriptAssemblies\SteamVR_Editor.dll
Symbol file LoadedFromMemory is not a mono symbol file
Symbol file data-0000018C08751510 doesn't match image C:\Users\rui02\unity_project\IVRC\IVRC\Library\ScriptAssemblies\Unity.VisualScripting.Flow.Editor.dll
Symbol file LoadedFromMemory is not a mono symbol file
Symbol file data-0000018C4EFECAC0 doesn't match image C:\Users\rui02\unity_project\IVRC\IVRC\Library\ScriptAssemblies\Unity.RenderPipeline.Universal.ShaderLibrary.dll
Symbol file LoadedFromMemory is not a mono symbol file
Symbol file data-0000018BFA078440 doesn't match image C:\Users\rui02\unity_project\IVRC\IVRC\Library\ScriptAssemblies\Unity.Timeline.dll
Symbol file LoadedFromMemory is not a mono symbol file
Symbol file data-0000018C04A93010 doesn't match image C:\Users\rui02\unity_project\IVRC\IVRC\Library\ScriptAssemblies\Unity.XR.OpenVR.Editor.dll
Symbol file LoadedFromMemory is not a mono symbol file
Symbol file data-0000018C4F2E9090 doesn't match image C:\Users\rui02\unity_project\IVRC\IVRC\Library\ScriptAssemblies\VRMShaders.VRM10.MToon10.Runtime.dll
Symbol file LoadedFromMemory is not a mono symbol file
Symbol file data-0000018C0A20A010 doesn't match image C:\Users\rui02\unity_project\IVRC\IVRC\Library\ScriptAssemblies\Unity.VisualScripting.SettingsProvider.Editor.dll
Symbol file LoadedFromMemory is not a mono symbol file
Symbol file data-0000018C04A9C910 doesn't match image C:\Users\rui02\unity_project\IVRC\IVRC\Library\ScriptAssemblies\Unity.TestTools.CodeCoverage.Editor.OpenCover.Model.dll
Symbol file LoadedFromMemory is not a mono symbol file
Symbol file data-0000018C53DD9AD0 doesn't match image C:\Users\rui02\unity_project\IVRC\IVRC\Library\ScriptAssemblies\VRMShaders.GLTF.IO.Editor.dll
Symbol file LoadedFromMemory is not a mono symbol file
Symbol file data-0000018C4D224060 doesn't match image C:\Users\rui02\unity_project\IVRC\IVRC\Library\ScriptAssemblies\UnityEngine.TestRunner.dll
Symbol file LoadedFromMemory is not a mono symbol file
Symbol file data-0000018C52BE9480 doesn't match image C:\Users\rui02\unity_project\IVRC\IVRC\Library\ScriptAssemblies\Unity.VisualScripting.State.Editor.dll
Symbol file LoadedFromMemory is not a mono symbol file
Symbol file data-0000018C03946080 doesn't match image C:\Users\rui02\unity_project\IVRC\IVRC\Library\ScriptAssemblies\Unity.Mathematics.dll
Symbol file LoadedFromMemory is not a mono symbol file
Symbol file data-0000018C4F6C2EC0 doesn't match image C:\Users\rui02\unity_project\IVRC\IVRC\Library\ScriptAssemblies\Unity.RenderPipelines.Universal.Shaders.dll
Symbol file LoadedFromMemory is not a mono symbol file
Symbol file data-0000018C09DC8A10 doesn't match image C:\Users\rui02\unity_project\IVRC\IVRC\Library\ScriptAssemblies\Unity.TextMeshPro.Editor.dll
Symbol file LoadedFromMemory is not a mono symbol file
Symbol file data-0000018C08AC2030 doesn't match image C:\Users\rui02\unity_project\IVRC\IVRC\Library\ScriptAssemblies\Unity.Searcher.Editor.dll
Symbol file LoadedFromMemory is not a mono symbol file
Symbol file data-0000018C0B2DEA00 doesn't match image C:\Users\rui02\unity_project\IVRC\IVRC\Library\ScriptAssemblies\Unity.VisualScripting.State.dll
Symbol file LoadedFromMemory is not a mono symbol file
Symbol file data-0000018C53DD9AD0 doesn't match image C:\Users\rui02\unity_project\IVRC\IVRC\Library\ScriptAssemblies\Unity.ShaderGraph.Utilities.dll
Symbol file LoadedFromMemory is not a mono symbol file
Symbol file data-0000018C04014030 doesn't match image C:\Users\rui02\unity_project\IVRC\IVRC\Library\ScriptAssemblies\Unity.RenderPipelines.HighDefinition.Runtime.dll
Symbol file LoadedFromMemory is not a mono symbol file
Symbol file data-0000018C04A9C910 doesn't match image C:\Users\rui02\unity_project\IVRC\IVRC\Library\ScriptAssemblies\VRM.Tests.dll
Symbol file LoadedFromMemory is not a mono symbol file
- Loaded All Assemblies, in  0.855 seconds
Refreshing native plugins compatible for Editor in 4.11 ms, found 6 plugins.
Native extension for WindowsStandalone target not found
Native extension for WebGL target not found
[Package Manager] Server::EnsureServerProcessIsRunning -- launch failed, reason: Unity was launched with the -noUpm command-line argument
[Package Manager] UpmClient::Send -- Unable to send message (not connected to UPM process).
[Package Manager] Cannot connect to Unity Package Manager local server
[Package Manager] Server::EnsureServerProcessIsRunning -- launch failed, reason: Unity was launched with the -noUpm command-line argument
[Package Manager] UpmClient::Send -- Unable to send message (not connected to UPM process).
[Package Manager] Cannot connect to Unity Package Manager local server
Mono: successfully reloaded assembly
[Package Manager] Server::EnsureServerProcessIsRunning -- launch failed, reason: Unity was launched with the -noUpm command-line argument
[Package Manager] UpmClient::Send -- Unable to send message (not connected to UPM process).
[Package Manager] Cannot connect to Unity Package Manager local server
- Finished resetting the current domain, in  7.265 seconds
Domain Reload Profiling: 8118ms
	BeginReloadAssembly (197ms)
		ExecutionOrderSort (0ms)
		DisableScriptedObjects (5ms)
		BackupInstance (0ms)
		ReleaseScriptingObjects (0ms)
		CreateAndSetChildDomain (84ms)
	RebuildCommonClasses (28ms)
	RebuildNativeTypeToScriptingClass (10ms)
	initialDomainReloadingComplete (24ms)
	LoadAllAssembliesAndSetupDomain (593ms)
		LoadAssemblies (602ms)
		RebuildTransferFunctionScriptingTraits (0ms)
		AnalyzeDomain (66ms)
			TypeCache.Refresh (19ms)
				TypeCache.ScanAssembly (3ms)
			ScanForSourceGeneratedMonoScriptInfo (33ms)
			ResolveRequiredComponents (13ms)
	FinalizeReload (7266ms)
		ReleaseScriptCaches (0ms)
		RebuildScriptCaches (0ms)
		SetupLoadedEditorAssemblies (483ms)
			LogAssemblyErrors (0ms)
			InitializePlatformSupportModulesInManaged (6ms)
			SetLoadedEditorAssemblies (6ms)
			RefreshPlugins (0ms)
			BeforeProcessingInitializeOnLoad (80ms)
			ProcessInitializeOnLoadAttributes (364ms)
			ProcessInitializeOnLoadMethodAttributes (22ms)
			AfterProcessingInitializeOnLoad (4ms)
			EditorAssembliesLoaded (0ms)
		ExecutionOrderSort2 (0ms)
		AwakeInstancesAfterBackupRestoration (5ms)
Refreshing native plugins compatible for Editor in 9.09 ms, found 6 plugins.
Preloading 0 native plugins for Editor in 0.00 ms.
Unloading 7878 Unused Serialized files (Serialized files now loaded: 0)
Unloading 211 unused Assets / (15.4 MB). Loaded Objects now: 8702.
Memory consumption went from 307.2 MB to 291.8 MB.
Total: 8.875300 ms (FindLiveObjects: 0.613500 ms CreateObjectMapping: 0.255000 ms MarkObjects: 4.844700 ms  DeleteObjects: 3.161000 ms)

Prepare: number of updated asset objects reloaded= 0
AssetImportParameters requested are different than current active one (requested -> active):
  custom:container-demuxer-ogg: 62fdf1f143b41e24485cea50d1cbac27 -> 
  custom:framework-win-MediaFoundation: 216162199b28c13a410421893ffa2e32 -> 
  custom:container-muxer-webm: aa71ff27fc2769a1b78a27578f13a17b -> 
  custom:video-decoder-webm-vp8: 9c59270c3fd7afecdb556c50c9e8de78 -> 
  custom:SearchIndexIgnoredProperties: e643bd26f0fe6173181afceb89e7c659 -> 
  custom:AudioImporter_EditorPlatform: d09bf68614088b80899f8185d706f6e7 -> 
  custom:audio-decoder-ogg-vorbis: bf7c407c2cedff20999df2af8eb42d56 -> 
  custom:audio-encoder-webm-vorbis: bf7c407c2cedff20999df2af8eb42d56 -> 
  custom:video-codec-MediaFoundation-h265: 746d11721c4dcdbdad8f713fa42b33f4 -> 
  custom:video-decoder-ogg-theora: a1e56fd34408186e4bbccfd4996cb3dc -> 
  custom:CustomObjectIndexerAttribute: a3ef5dd2817f97addfee359851a9dba5 -> 
  custom:container-demuxer-webm: 4f35f7cbe854078d1ac9338744f61a02 -> 
  custom:video-encoder-webm-vp8: eb34c28f22e8b96e1ab97ce403110664 -> 
========================================================================
Received Prepare
Begin MonoManager ReloadAssembly
Symbol file data-0000018BFB627010 doesn't match image C:\Users\rui02\unity_project\IVRC\IVRC\Library\ScriptAssemblies\UniHumanoid.Editor.dll
Symbol file LoadedFromMemory is not a mono symbol file
Symbol file data-0000018C05EDC030 doesn't match image C:\Users\rui02\unity_project\IVRC\IVRC\Library\ScriptAssemblies\Unity.XR.Management.dll
Symbol file LoadedFromMemory is not a mono symbol file
Symbol file data-0000018C0913B070 doesn't match image C:\Users\rui02\unity_project\IVRC\IVRC\Library\ScriptAssemblies\UniHumanoid.Editor.Tests.dll
Symbol file LoadedFromMemory is not a mono symbol file
Symbol file data-0000018C52BE8040 doesn't match image C:\Users\rui02\unity_project\IVRC\IVRC\Library\ScriptAssemblies\Unity.VisualEffectGraph.Runtime.dll
Symbol file LoadedFromMemory is not a mono symbol file
Symbol file data-0000018C4EFAB020 doesn't match image C:\Users\rui02\unity_project\IVRC\IVRC\Library\ScriptAssemblies\Unity.RenderPipelines.Core.Runtime.dll
Symbol file LoadedFromMemory is not a mono symbol file
Symbol file data-0000018C4CDCF0C0 doesn't match image C:\Users\rui02\unity_project\IVRC\IVRC\Library\ScriptAssemblies\Unity.Burst.Editor.dll
Symbol file LoadedFromMemory is not a mono symbol file
Symbol file data-0000018C068F0090 doesn't match image C:\Users\rui02\unity_project\IVRC\IVRC\Library\ScriptAssemblies\SteamVR.dll
Symbol file LoadedFromMemory is not a mono symbol file
Symbol file data-0000018C0913B070 doesn't match image C:\Users\rui02\unity_project\IVRC\IVRC\Library\ScriptAssemblies\VRMShaders.GLTF.UniUnlit.Runtime.dll
Symbol file LoadedFromMemory is not a mono symbol file
Symbol file data-0000018C0913B070 doesn't match image C:\Users\rui02\unity_project\IVRC\IVRC\Library\ScriptAssemblies\SteamVR_Windows_EditorHelper.dll
Symbol file LoadedFromMemory is not a mono symbol file
Symbol file data-0000018C0B727A00 doesn't match image C:\Users\rui02\unity_project\IVRC\IVRC\Library\ScriptAssemblies\UniGLTF.dll
Symbol file LoadedFromMemory is not a mono symbol file
Symbol file data-0000018C4EE49ED0 doesn't match image C:\Users\rui02\unity_project\IVRC\IVRC\Library\ScriptAssemblies\Unity.Rider.Editor.dll
Symbol file LoadedFromMemory is not a mono symbol file
Symbol file data-0000018C54B67020 doesn't match image C:\Users\rui02\unity_project\IVRC\IVRC\Library\ScriptAssemblies\VRMShaders.VRM10.MToon10.Tests.dll
Symbol file LoadedFromMemory is not a mono symbol file
Symbol file data-0000018BF9D99010 doesn't match image C:\Users\rui02\unity_project\IVRC\IVRC\Library\ScriptAssemblies\Unity.RenderPipelines.Core.Editor.dll
Symbol file LoadedFromMemory is not a mono symbol file
Symbol file data-0000018C53230080 doesn't match image C:\Users\rui02\unity_project\IVRC\IVRC\Library\ScriptAssemblies\Unity.VisualEffectGraph.Editor.dll
Symbol file LoadedFromMemory is not a mono symbol file
Symbol file data-0000018C4EACC090 doesn't match image C:\Users\rui02\unity_project\IVRC\IVRC\Library\ScriptAssemblies\UnityEditor.TestRunner.dll
Symbol file LoadedFromMemory is not a mono symbol file
Symbol file data-0000018C4E147DF0 doesn't match image C:\Users\rui02\unity_project\IVRC\IVRC\Library\ScriptAssemblies\Unity.VisualScripting.Flow.dll
Symbol file LoadedFromMemory is not a mono symbol file
Symbol file data-0000018C05EDC030 doesn't match image C:\Users\rui02\unity_project\IVRC\IVRC\Library\ScriptAssemblies\Unity.Mathematics.Editor.dll
Symbol file LoadedFromMemory is not a mono symbol file
Symbol file data-0000018C05EDC030 doesn't match image C:\Users\rui02\unity_project\IVRC\IVRC\Library\ScriptAssemblies\Unity.TestTools.CodeCoverage.Editor.OpenCover.Mono.Reflection.dll
Symbol file LoadedFromMemory is not a mono symbol file
Symbol file data-0000018C53144070 doesn't match image C:\Users\rui02\unity_project\IVRC\IVRC\Library\ScriptAssemblies\VRMShaders.VRM10.MToon10.Editor.dll
Symbol file LoadedFromMemory is not a mono symbol file
Symbol file data-0000018C0913B070 doesn't match image C:\Users\rui02\unity_project\IVRC\IVRC\Library\ScriptAssemblies\UniGLTF.Utils.dll
Symbol file LoadedFromMemory is not a mono symbol file
Symbol file data-0000018C54B67020 doesn't match image C:\Users\rui02\unity_project\IVRC\IVRC\Library\ScriptAssemblies\Unity.RenderPipelines.HighDefinition.Config.Runtime.dll
Symbol file LoadedFromMemory is not a mono symbol file
Symbol file data-0000018C53144070 doesn't match image C:\Users\rui02\unity_project\IVRC\IVRC\Library\ScriptAssemblies\MToon.Editor.dll
Symbol file LoadedFromMemory is not a mono symbol file
Symbol file data-0000018C53710080 doesn't match image C:\Users\rui02\unity_project\IVRC\IVRC\Library\ScriptAssemblies\Unity.Performance.Profile-Analyzer.Editor.dll
Symbol file LoadedFromMemory is not a mono symbol file
Symbol file data-0000018C54B67020 doesn't match image C:\Users\rui02\unity_project\IVRC\IVRC\Library\ScriptAssemblies\Unity.RenderPipelines.Core.ShaderLibrary.dll
Symbol file LoadedFromMemory is not a mono symbol file
Symbol file data-0000018BD7DDC020 doesn't match image C:\Users\rui02\unity_project\IVRC\IVRC\Library\ScriptAssemblies\Unity.XR.Management.Editor.dll
Symbol file LoadedFromMemory is not a mono symbol file
Symbol file data-0000018C0913B070 doesn't match image C:\Users\rui02\unity_project\IVRC\IVRC\Library\ScriptAssemblies\VRMShaders.VRM.IO.Runtime.dll
Symbol file LoadedFromMemory is not a mono symbol file
Symbol file data-0000018C0A4AB020 doesn't match image C:\Users\rui02\unity_project\IVRC\IVRC\Library\ScriptAssemblies\Unity.TestTools.CodeCoverage.Editor.dll
Symbol file LoadedFromMemory is not a mono symbol file
Symbol file data-0000018C4F3A3450 doesn't match image C:\Users\rui02\unity_project\IVRC\IVRC\Library\ScriptAssemblies\VRM.dll
Symbol file LoadedFromMemory is not a mono symbol file
Symbol file data-0000018C53144070 doesn't match image C:\Users\rui02\unity_project\IVRC\IVRC\Library\ScriptAssemblies\VRMShaders.GLTF.UniUnlit.Editor.dll
Symbol file LoadedFromMemory is not a mono symbol file
Symbol file data-0000018C53144070 doesn't match image C:\Users\rui02\unity_project\IVRC\IVRC\Library\ScriptAssemblies\PPv2URPConverters.dll
Symbol file LoadedFromMemory is not a mono symbol file
Symbol file data-0000018BFBCE8020 doesn't match image C:\Users\rui02\unity_project\IVRC\IVRC\Library\ScriptAssemblies\Unity.XR.OpenVR.dll
Symbol file LoadedFromMemory is not a mono symbol file
Symbol file data-0000018C0B0A90A0 doesn't match image C:\Users\rui02\unity_project\IVRC\IVRC\Library\ScriptAssemblies\Unity.Settings.Editor.dll
Symbol file LoadedFromMemory is not a mono symbol file
Symbol file data-0000018C09452010 doesn't match image C:\Users\rui02\unity_project\IVRC\IVRC\Library\ScriptAssemblies\Unity.TextMeshPro.dll
Symbol file LoadedFromMemory is not a mono symbol file
Symbol file data-0000018C54B67020 doesn't match image C:\Users\rui02\unity_project\IVRC\IVRC\Library\ScriptAssemblies\VRMShaders.VRM10.Format.Runtime.dll
Symbol file LoadedFromMemory is not a mono symbol file
Symbol file data-0000018C06F1A6F0 doesn't match image C:\Users\rui02\unity_project\IVRC\IVRC\Library\ScriptAssemblies\Unity.Burst.CodeGen.dll
Symbol file LoadedFromMemory is not a mono symbol file
Symbol file data-0000018BFB0EBB80 doesn't match image C:\Users\rui02\unity_project\IVRC\IVRC\Library\ScriptAssemblies\Unity.VSCode.Editor.dll
Symbol file LoadedFromMemory is not a mono symbol file
Symbol file data-0000018C0A3898F0 doesn't match image C:\Users\rui02\unity_project\IVRC\IVRC\Library\ScriptAssemblies\UniGLTF.Editor.dll
Symbol file LoadedFromMemory is not a mono symbol file
Symbol file data-0000018C4F944030 doesn't match image C:\Users\rui02\unity_project\IVRC\IVRC\Library\ScriptAssemblies\Unity.RenderPipelines.Universal.Editor.dll
Symbol file LoadedFromMemory is not a mono symbol file
Symbol file data-0000018C4F860410 doesn't match image C:\Users\rui02\unity_project\IVRC\IVRC\Library\ScriptAssemblies\Unity.RenderPipelines.HighDefinition.Editor.dll
Symbol file LoadedFromMemory is not a mono symbol file
Symbol file data-0000018C53144070 doesn't match image C:\Users\rui02\unity_project\IVRC\IVRC\Library\ScriptAssemblies\VRM.Samples.Editor.Tests.dll
Symbol file LoadedFromMemory is not a mono symbol file
Symbol file data-0000018C54B67020 doesn't match image C:\Users\rui02\unity_project\IVRC\IVRC\Library\ScriptAssemblies\Unity.RenderPipelines.ShaderGraph.ShaderGraphLibrary.dll
Symbol file LoadedFromMemory is not a mono symbol file
Symbol file data-0000018C53144070 doesn't match image C:\Users\rui02\unity_project\IVRC\IVRC\Library\ScriptAssemblies\Unity.EditorCoroutines.Editor.dll
Symbol file LoadedFromMemory is not a mono symbol file
Symbol file data-0000018C4E4D7ED0 doesn't match image C:\Users\rui02\unity_project\IVRC\IVRC\Library\ScriptAssemblies\FastSpringBone.dll
Symbol file LoadedFromMemory is not a mono symbol file
Symbol file data-0000018C4ECDE010 doesn't match image C:\Users\rui02\unity_project\IVRC\IVRC\Library\ScriptAssemblies\Unity.TerrainTools.Editor.dll
Symbol file LoadedFromMemory is not a mono symbol file
Symbol file data-0000018BD8140010 doesn't match image C:\Users\rui02\unity_project\IVRC\IVRC\Library\ScriptAssemblies\Unity.RenderPipelines.Universal.Runtime.dll
Symbol file LoadedFromMemory is not a mono symbol file
Symbol file data-0000018C05EDC030 doesn't match image C:\Users\rui02\unity_project\IVRC\IVRC\Library\ScriptAssemblies\MToon.dll
Symbol file LoadedFromMemory is not a mono symbol file
Symbol file data-0000018C0A0E9790 doesn't match image C:\Users\rui02\unity_project\IVRC\IVRC\Library\ScriptAssemblies\UniHumanoid.dll
Symbol file LoadedFromMemory is not a mono symbol file
Symbol file data-0000018C4ECDE010 doesn't match image C:\Users\rui02\unity_project\IVRC\IVRC\Library\ScriptAssemblies\Unity.Burst.dll
Symbol file LoadedFromMemory is not a mono symbol file
Symbol file data-0000018C0C0E7050 doesn't match image C:\Users\rui02\unity_project\IVRC\IVRC\Library\ScriptAssemblies\UnityEngine.XR.LegacyInputHelpers.dll
Symbol file LoadedFromMemory is not a mono symbol file
Symbol file data-0000018C548A7040 doesn't match image C:\Users\rui02\unity_project\IVRC\IVRC\Library\ScriptAssemblies\UniGLTF.Tests.dll
Symbol file LoadedFromMemory is not a mono symbol file
Symbol file data-0000018C08AC2030 doesn't match image C:\Users\rui02\unity_project\IVRC\IVRC\Library\ScriptAssemblies\VRMShaders.GLTF.IO.Runtime.dll
Symbol file LoadedFromMemory is not a mono symbol file
Symbol file data-0000018C4FD91040 doesn't match image C:\Users\rui02\unity_project\IVRC\IVRC\Library\ScriptAssemblies\Unity.Timeline.Editor.dll
Symbol file LoadedFromMemory is not a mono symbol file
Symbol file data-0000018C05EDC030 doesn't match image C:\Users\rui02\unity_project\IVRC\IVRC\Library\ScriptAssemblies\Unity.VisualScripting.Shared.Editor.dll
Symbol file LoadedFromMemory is not a mono symbol file
Symbol file data-0000018C54B67020 doesn't match image C:\Users\rui02\unity_project\IVRC\IVRC\Library\ScriptAssemblies\Unity.TerrainTools.dll
Symbol file LoadedFromMemory is not a mono symbol file
Symbol file data-0000018C4DB0B480 doesn't match image C:\Users\rui02\unity_project\IVRC\IVRC\Library\ScriptAssemblies\Unity.PlasticSCM.Editor.dll
Symbol file LoadedFromMemory is not a mono symbol file
Symbol file data-0000018C0913B070 doesn't match image C:\Users\rui02\unity_project\IVRC\IVRC\Library\ScriptAssemblies\Unity.CollabProxy.Editor.dll
Symbol file LoadedFromMemory is not a mono symbol file
Symbol file data-0000018C0913B070 doesn't match image C:\Users\rui02\unity_project\IVRC\IVRC\Library\ScriptAssemblies\UnityEditor.SpatialTracking.dll
Symbol file LoadedFromMemory is not a mono symbol file
Symbol file data-0000018C52BE8040 doesn't match image C:\Users\rui02\unity_project\IVRC\IVRC\Library\ScriptAssemblies\UniVRM.Editor.dll
Symbol file LoadedFromMemory is not a mono symbol file
Symbol file data-0000018C4E923570 doesn't match image C:\Users\rui02\unity_project\IVRC\IVRC\Library\ScriptAssemblies\Unity.ShaderGraph.Editor.dll
Symbol file LoadedFromMemory is not a mono symbol file
Symbol file data-0000018BD7DDC020 doesn't match image C:\Users\rui02\unity_project\IVRC\IVRC\Library\ScriptAssemblies\Unity.VisualStudio.Editor.dll
Symbol file LoadedFromMemory is not a mono symbol file
Symbol file data-0000018C059B6010 doesn't match image C:\Users\rui02\unity_project\IVRC\IVRC\Library\ScriptAssemblies\UnityEditor.UI.dll
Symbol file LoadedFromMemory is not a mono symbol file
Symbol file data-0000018C0A85E060 doesn't match image C:\Users\rui02\unity_project\IVRC\IVRC\Library\ScriptAssemblies\Unity.VisualScripting.Core.dll
Symbol file LoadedFromMemory is not a mono symbol file
Symbol file data-0000018C059B6010 doesn't match image C:\Users\rui02\unity_project\IVRC\IVRC\Library\ScriptAssemblies\SteamVR_Input_Editor.dll
Symbol file LoadedFromMemory is not a mono symbol file
Symbol file data-0000018C4CD55270 doesn't match image C:\Users\rui02\unity_project\IVRC\IVRC\Library\ScriptAssemblies\Unity.VisualScripting.Core.Editor.dll
Symbol file LoadedFromMemory is not a mono symbol file
Symbol file data-0000018C05EDC030 doesn't match image C:\Users\rui02\unity_project\IVRC\IVRC\Library\ScriptAssemblies\UnityEngine.SpatialTracking.dll
Symbol file LoadedFromMemory is not a mono symbol file
Symbol file data-0000018C53BB4010 doesn't match image C:\Users\rui02\unity_project\IVRC\IVRC\Library\ScriptAssemblies\UnityEngine.UI.dll
Symbol file LoadedFromMemory is not a mono symbol file
Symbol file data-0000018C05EDC030 doesn't match image C:\Users\rui02\unity_project\IVRC\IVRC\Library\ScriptAssemblies\VRMShaders.GLTF.IO.Tests.dll
Symbol file LoadedFromMemory is not a mono symbol file
Symbol file data-0000018C05EDC030 doesn't match image C:\Users\rui02\unity_project\IVRC\IVRC\Library\ScriptAssemblies\UnityEditor.XR.LegacyInputHelpers.dll
Symbol file LoadedFromMemory is not a mono symbol file
Symbol file data-0000018C04A9C910 doesn't match image C:\Users\rui02\unity_project\IVRC\IVRC\Library\ScriptAssemblies\SteamVR_Editor.dll
Symbol file LoadedFromMemory is not a mono symbol file
Symbol file data-0000018C08751510 doesn't match image C:\Users\rui02\unity_project\IVRC\IVRC\Library\ScriptAssemblies\Unity.VisualScripting.Flow.Editor.dll
Symbol file LoadedFromMemory is not a mono symbol file
Symbol file data-0000018C0913B070 doesn't match image C:\Users\rui02\unity_project\IVRC\IVRC\Library\ScriptAssemblies\Unity.RenderPipeline.Universal.ShaderLibrary.dll
Symbol file LoadedFromMemory is not a mono symbol file
Symbol file data-0000018C4DF898F0 doesn't match image C:\Users\rui02\unity_project\IVRC\IVRC\Library\ScriptAssemblies\Unity.Timeline.dll
Symbol file LoadedFromMemory is not a mono symbol file
Symbol file data-0000018C05EDC030 doesn't match image C:\Users\rui02\unity_project\IVRC\IVRC\Library\ScriptAssemblies\Unity.XR.OpenVR.Editor.dll
Symbol file LoadedFromMemory is not a mono symbol file
Symbol file data-0000018C4F2E9090 doesn't match image C:\Users\rui02\unity_project\IVRC\IVRC\Library\ScriptAssemblies\VRMShaders.VRM10.MToon10.Runtime.dll
Symbol file LoadedFromMemory is not a mono symbol file
Symbol file data-0000018C068A6460 doesn't match image C:\Users\rui02\unity_project\IVRC\IVRC\Library\ScriptAssemblies\Unity.VisualScripting.SettingsProvider.Editor.dll
Symbol file LoadedFromMemory is not a mono symbol file
Symbol file data-0000018C04A9C910 doesn't match image C:\Users\rui02\unity_project\IVRC\IVRC\Library\ScriptAssemblies\Unity.TestTools.CodeCoverage.Editor.OpenCover.Model.dll
Symbol file LoadedFromMemory is not a mono symbol file
Symbol file data-0000018C068A6460 doesn't match image C:\Users\rui02\unity_project\IVRC\IVRC\Library\ScriptAssemblies\VRMShaders.GLTF.IO.Editor.dll
Symbol file LoadedFromMemory is not a mono symbol file
Symbol file data-0000018C5603CF10 doesn't match image C:\Users\rui02\unity_project\IVRC\IVRC\Library\ScriptAssemblies\UnityEngine.TestRunner.dll
Symbol file LoadedFromMemory is not a mono symbol file
Symbol file data-0000018BD7DDC020 doesn't match image C:\Users\rui02\unity_project\IVRC\IVRC\Library\ScriptAssemblies\Unity.VisualScripting.State.Editor.dll
Symbol file LoadedFromMemory is not a mono symbol file
Symbol file data-0000018C03946080 doesn't match image C:\Users\rui02\unity_project\IVRC\IVRC\Library\ScriptAssemblies\Unity.Mathematics.dll
Symbol file LoadedFromMemory is not a mono symbol file
Symbol file data-0000018C54B67020 doesn't match image C:\Users\rui02\unity_project\IVRC\IVRC\Library\ScriptAssemblies\Unity.RenderPipelines.Universal.Shaders.dll
Symbol file LoadedFromMemory is not a mono symbol file
Symbol file data-0000018C09DC8A10 doesn't match image C:\Users\rui02\unity_project\IVRC\IVRC\Library\ScriptAssemblies\Unity.TextMeshPro.Editor.dll
Symbol file LoadedFromMemory is not a mono symbol file
Symbol file data-0000018C08AC2030 doesn't match image C:\Users\rui02\unity_project\IVRC\IVRC\Library\ScriptAssemblies\Unity.Searcher.Editor.dll
Symbol file LoadedFromMemory is not a mono symbol file
Symbol file data-0000018C4EA25010 doesn't match image C:\Users\rui02\unity_project\IVRC\IVRC\Library\ScriptAssemblies\Unity.VisualScripting.State.dll
Symbol file LoadedFromMemory is not a mono symbol file
Symbol file data-0000018C0913B070 doesn't match image C:\Users\rui02\unity_project\IVRC\IVRC\Library\ScriptAssemblies\Unity.ShaderGraph.Utilities.dll
Symbol file LoadedFromMemory is not a mono symbol file
Symbol file data-0000018C0A210E90 doesn't match image C:\Users\rui02\unity_project\IVRC\IVRC\Library\ScriptAssemblies\Unity.RenderPipelines.HighDefinition.Runtime.dll
Symbol file LoadedFromMemory is not a mono symbol file
Symbol file data-0000018C04A9C910 doesn't match image C:\Users\rui02\unity_project\IVRC\IVRC\Library\ScriptAssemblies\VRM.Tests.dll
Symbol file LoadedFromMemory is not a mono symbol file
- Loaded All Assemblies, in  0.439 seconds
Refreshing native plugins compatible for Editor in 4.43 ms, found 6 plugins.
Native extension for WindowsStandalone target not found
Native extension for WebGL target not found
[Package Manager] Server::EnsureServerProcessIsRunning -- launch failed, reason: Unity was launched with the -noUpm command-line argument
[Package Manager] UpmClient::Send -- Unable to send message (not connected to UPM process).
[Package Manager] Cannot connect to Unity Package Manager local server
[Package Manager] Server::EnsureServerProcessIsRunning -- launch failed, reason: Unity was launched with the -noUpm command-line argument
[Package Manager] UpmClient::Send -- Unable to send message (not connected to UPM process).
[Package Manager] Cannot connect to Unity Package Manager local server
Mono: successfully reloaded assembly
[Package Manager] Server::EnsureServerProcessIsRunning -- launch failed, reason: Unity was launched with the -noUpm command-line argument
[Package Manager] UpmClient::Send -- Unable to send message (not connected to UPM process).
[Package Manager] Cannot connect to Unity Package Manager local server
- Finished resetting the current domain, in  1.114 seconds
Domain Reload Profiling: 1552ms
	BeginReloadAssembly (138ms)
		ExecutionOrderSort (0ms)
		DisableScriptedObjects (3ms)
		BackupInstance (0ms)
		ReleaseScriptingObjects (0ms)
		CreateAndSetChildDomain (40ms)
	RebuildCommonClasses (31ms)
	RebuildNativeTypeToScriptingClass (10ms)
	initialDomainReloadingComplete (24ms)
	LoadAllAssembliesAndSetupDomain (234ms)
		LoadAssemblies (276ms)
		RebuildTransferFunctionScriptingTraits (0ms)
		AnalyzeDomain (26ms)
			TypeCache.Refresh (8ms)
				TypeCache.ScanAssembly (0ms)
			ScanForSourceGeneratedMonoScriptInfo (0ms)
			ResolveRequiredComponents (16ms)
	FinalizeReload (1115ms)
		ReleaseScriptCaches (0ms)
		RebuildScriptCaches (0ms)
		SetupLoadedEditorAssemblies (471ms)
			LogAssemblyErrors (0ms)
			InitializePlatformSupportModulesInManaged (5ms)
			SetLoadedEditorAssemblies (5ms)
			RefreshPlugins (0ms)
			BeforeProcessingInitializeOnLoad (75ms)
			ProcessInitializeOnLoadAttributes (362ms)
			ProcessInitializeOnLoadMethodAttributes (21ms)
			AfterProcessingInitializeOnLoad (4ms)
			EditorAssembliesLoaded (0ms)
		ExecutionOrderSort2 (0ms)
		AwakeInstancesAfterBackupRestoration (4ms)
Refreshing native plugins compatible for Editor in 4.76 ms, found 6 plugins.
Preloading 0 native plugins for Editor in 0.00 ms.
Unloading 7878 Unused Serialized files (Serialized files now loaded: 0)
Unloading 211 unused Assets / (15.4 MB). Loaded Objects now: 8718.
Memory consumption went from 307.4 MB to 291.9 MB.
Total: 6.485900 ms (FindLiveObjects: 0.511100 ms CreateObjectMapping: 0.357700 ms MarkObjects: 2.837200 ms  DeleteObjects: 2.779100 ms)

Prepare: number of updated asset objects reloaded= 0
AssetImportParameters requested are different than current active one (requested -> active):
  custom:container-demuxer-ogg: 62fdf1f143b41e24485cea50d1cbac27 -> 
  custom:framework-win-MediaFoundation: 216162199b28c13a410421893ffa2e32 -> 
  custom:container-muxer-webm: aa71ff27fc2769a1b78a27578f13a17b -> 
  custom:video-decoder-webm-vp8: 9c59270c3fd7afecdb556c50c9e8de78 -> 
  custom:SearchIndexIgnoredProperties: e643bd26f0fe6173181afceb89e7c659 -> 
  custom:AudioImporter_EditorPlatform: d09bf68614088b80899f8185d706f6e7 -> 
  custom:audio-decoder-ogg-vorbis: bf7c407c2cedff20999df2af8eb42d56 -> 
  custom:audio-encoder-webm-vorbis: bf7c407c2cedff20999df2af8eb42d56 -> 
  custom:video-codec-MediaFoundation-h265: 746d11721c4dcdbdad8f713fa42b33f4 -> 
  custom:video-decoder-ogg-theora: a1e56fd34408186e4bbccfd4996cb3dc -> 
  custom:CustomObjectIndexerAttribute: a3ef5dd2817f97addfee359851a9dba5 -> 
  custom:container-demuxer-webm: 4f35f7cbe854078d1ac9338744f61a02 -> 
  custom:video-encoder-webm-vp8: eb34c28f22e8b96e1ab97ce403110664 -> 
========================================================================
Received Prepare
Begin MonoManager ReloadAssembly
Symbol file data-0000018C06239020 doesn't match image C:\Users\rui02\unity_project\IVRC\IVRC\Library\ScriptAssemblies\UniHumanoid.Editor.dll
Symbol file LoadedFromMemory is not a mono symbol file
Symbol file data-0000018C51EF6020 doesn't match image C:\Users\rui02\unity_project\IVRC\IVRC\Library\ScriptAssemblies\Unity.XR.Management.dll
Symbol file LoadedFromMemory is not a mono symbol file
Symbol file data-0000018C0913B070 doesn't match image C:\Users\rui02\unity_project\IVRC\IVRC\Library\ScriptAssemblies\UniHumanoid.Editor.Tests.dll
Symbol file LoadedFromMemory is not a mono symbol file
Symbol file data-0000018C4F774030 doesn't match image C:\Users\rui02\unity_project\IVRC\IVRC\Library\ScriptAssemblies\Unity.VisualEffectGraph.Runtime.dll
Symbol file LoadedFromMemory is not a mono symbol file
Symbol file data-0000018C4EFAB020 doesn't match image C:\Users\rui02\unity_project\IVRC\IVRC\Library\ScriptAssemblies\Unity.RenderPipelines.Core.Runtime.dll
Symbol file LoadedFromMemory is not a mono symbol file
Symbol file data-0000018C08B4E200 doesn't match image C:\Users\rui02\unity_project\IVRC\IVRC\Library\ScriptAssemblies\Unity.Burst.Editor.dll
Symbol file LoadedFromMemory is not a mono symbol file
Symbol file data-0000018C4E320080 doesn't match image C:\Users\rui02\unity_project\IVRC\IVRC\Library\ScriptAssemblies\SteamVR.dll
Symbol file LoadedFromMemory is not a mono symbol file
Symbol file data-0000018C0B4FC010 doesn't match image C:\Users\rui02\unity_project\IVRC\IVRC\Library\ScriptAssemblies\VRMShaders.GLTF.UniUnlit.Runtime.dll
Symbol file LoadedFromMemory is not a mono symbol file
Symbol file data-0000018C0B4FC010 doesn't match image C:\Users\rui02\unity_project\IVRC\IVRC\Library\ScriptAssemblies\SteamVR_Windows_EditorHelper.dll
Symbol file LoadedFromMemory is not a mono symbol file
Symbol file data-0000018C094C7360 doesn't match image C:\Users\rui02\unity_project\IVRC\IVRC\Library\ScriptAssemblies\UniGLTF.dll
Symbol file LoadedFromMemory is not a mono symbol file
Symbol file data-0000018C06FE0180 doesn't match image C:\Users\rui02\unity_project\IVRC\IVRC\Library\ScriptAssemblies\Unity.Rider.Editor.dll
Symbol file LoadedFromMemory is not a mono symbol file
Symbol file data-0000018C54B67020 doesn't match image C:\Users\rui02\unity_project\IVRC\IVRC\Library\ScriptAssemblies\VRMShaders.VRM10.MToon10.Tests.dll
Symbol file LoadedFromMemory is not a mono symbol file
Symbol file data-0000018BF9D99010 doesn't match image C:\Users\rui02\unity_project\IVRC\IVRC\Library\ScriptAssemblies\Unity.RenderPipelines.Core.Editor.dll
Symbol file LoadedFromMemory is not a mono symbol file
Symbol file data-0000018C0B2E5C80 doesn't match image C:\Users\rui02\unity_project\IVRC\IVRC\Library\ScriptAssemblies\Unity.VisualEffectGraph.Editor.dll
Symbol file LoadedFromMemory is not a mono symbol file
Symbol file data-0000018C4EACC090 doesn't match image C:\Users\rui02\unity_project\IVRC\IVRC\Library\ScriptAssemblies\UnityEditor.TestRunner.dll
Symbol file LoadedFromMemory is not a mono symbol file
Symbol file data-0000018C4E320080 doesn't match image C:\Users\rui02\unity_project\IVRC\IVRC\Library\ScriptAssemblies\Unity.VisualScripting.Flow.dll
Symbol file LoadedFromMemory is not a mono symbol file
Symbol file data-0000018C51EF6020 doesn't match image C:\Users\rui02\unity_project\IVRC\IVRC\Library\ScriptAssemblies\Unity.Mathematics.Editor.dll
Symbol file LoadedFromMemory is not a mono symbol file
Symbol file data-0000018C51EF6020 doesn't match image C:\Users\rui02\unity_project\IVRC\IVRC\Library\ScriptAssemblies\Unity.TestTools.CodeCoverage.Editor.OpenCover.Mono.Reflection.dll
Symbol file LoadedFromMemory is not a mono symbol file
Symbol file data-0000018C4DD1E030 doesn't match image C:\Users\rui02\unity_project\IVRC\IVRC\Library\ScriptAssemblies\VRMShaders.VRM10.MToon10.Editor.dll
Symbol file LoadedFromMemory is not a mono symbol file
Symbol file data-0000018C0913B070 doesn't match image C:\Users\rui02\unity_project\IVRC\IVRC\Library\ScriptAssemblies\UniGLTF.Utils.dll
Symbol file LoadedFromMemory is not a mono symbol file
Symbol file data-0000018C54B67020 doesn't match image C:\Users\rui02\unity_project\IVRC\IVRC\Library\ScriptAssemblies\Unity.RenderPipelines.HighDefinition.Config.Runtime.dll
Symbol file LoadedFromMemory is not a mono symbol file
Symbol file data-0000018C4DD1E030 doesn't match image C:\Users\rui02\unity_project\IVRC\IVRC\Library\ScriptAssemblies\MToon.Editor.dll
Symbol file LoadedFromMemory is not a mono symbol file
Symbol file data-0000018C53710080 doesn't match image C:\Users\rui02\unity_project\IVRC\IVRC\Library\ScriptAssemblies\Unity.Performance.Profile-Analyzer.Editor.dll
Symbol file LoadedFromMemory is not a mono symbol file
Symbol file data-0000018C54B67020 doesn't match image C:\Users\rui02\unity_project\IVRC\IVRC\Library\ScriptAssemblies\Unity.RenderPipelines.Core.ShaderLibrary.dll
Symbol file LoadedFromMemory is not a mono symbol file
Symbol file data-0000018BD7FDE010 doesn't match image C:\Users\rui02\unity_project\IVRC\IVRC\Library\ScriptAssemblies\Unity.XR.Management.Editor.dll
Symbol file LoadedFromMemory is not a mono symbol file
Symbol file data-0000018C0B4FC010 doesn't match image C:\Users\rui02\unity_project\IVRC\IVRC\Library\ScriptAssemblies\VRMShaders.VRM.IO.Runtime.dll
Symbol file LoadedFromMemory is not a mono symbol file
Symbol file data-0000018C0A4AB020 doesn't match image C:\Users\rui02\unity_project\IVRC\IVRC\Library\ScriptAssemblies\Unity.TestTools.CodeCoverage.Editor.dll
Symbol file LoadedFromMemory is not a mono symbol file
Symbol file data-0000018C4F3A3450 doesn't match image C:\Users\rui02\unity_project\IVRC\IVRC\Library\ScriptAssemblies\VRM.dll
Symbol file LoadedFromMemory is not a mono symbol file
Symbol file data-0000018C4DD1E030 doesn't match image C:\Users\rui02\unity_project\IVRC\IVRC\Library\ScriptAssemblies\VRMShaders.GLTF.UniUnlit.Editor.dll
Symbol file LoadedFromMemory is not a mono symbol file
Symbol file data-0000018C4DD1E030 doesn't match image C:\Users\rui02\unity_project\IVRC\IVRC\Library\ScriptAssemblies\PPv2URPConverters.dll
Symbol file LoadedFromMemory is not a mono symbol file
Symbol file data-0000018BFBCE8020 doesn't match image C:\Users\rui02\unity_project\IVRC\IVRC\Library\ScriptAssemblies\Unity.XR.OpenVR.dll
Symbol file LoadedFromMemory is not a mono symbol file
Symbol file data-0000018C032D1010 doesn't match image C:\Users\rui02\unity_project\IVRC\IVRC\Library\ScriptAssemblies\Unity.Settings.Editor.dll
Symbol file LoadedFromMemory is not a mono symbol file
Symbol file data-0000018C09452010 doesn't match image C:\Users\rui02\unity_project\IVRC\IVRC\Library\ScriptAssemblies\Unity.TextMeshPro.dll
Symbol file LoadedFromMemory is not a mono symbol file
Symbol file data-0000018C54B67020 doesn't match image C:\Users\rui02\unity_project\IVRC\IVRC\Library\ScriptAssemblies\VRMShaders.VRM10.Format.Runtime.dll
Symbol file LoadedFromMemory is not a mono symbol file
Symbol file data-0000018C06F1A6F0 doesn't match image C:\Users\rui02\unity_project\IVRC\IVRC\Library\ScriptAssemblies\Unity.Burst.CodeGen.dll
Symbol file LoadedFromMemory is not a mono symbol file
Symbol file data-0000018BFB0EBB80 doesn't match image C:\Users\rui02\unity_project\IVRC\IVRC\Library\ScriptAssemblies\Unity.VSCode.Editor.dll
Symbol file LoadedFromMemory is not a mono symbol file
Symbol file data-0000018BFA817020 doesn't match image C:\Users\rui02\unity_project\IVRC\IVRC\Library\ScriptAssemblies\UniGLTF.Editor.dll
Symbol file LoadedFromMemory is not a mono symbol file
Symbol file data-0000018C4F944030 doesn't match image C:\Users\rui02\unity_project\IVRC\IVRC\Library\ScriptAssemblies\Unity.RenderPipelines.Universal.Editor.dll
Symbol file LoadedFromMemory is not a mono symbol file
Symbol file data-0000018C0A210E90 doesn't match image C:\Users\rui02\unity_project\IVRC\IVRC\Library\ScriptAssemblies\Unity.RenderPipelines.HighDefinition.Editor.dll
Symbol file LoadedFromMemory is not a mono symbol file
Symbol file data-0000018C4DD1E030 doesn't match image C:\Users\rui02\unity_project\IVRC\IVRC\Library\ScriptAssemblies\VRM.Samples.Editor.Tests.dll
Symbol file LoadedFromMemory is not a mono symbol file
Symbol file data-0000018C54B67020 doesn't match image C:\Users\rui02\unity_project\IVRC\IVRC\Library\ScriptAssemblies\Unity.RenderPipelines.ShaderGraph.ShaderGraphLibrary.dll
Symbol file LoadedFromMemory is not a mono symbol file
Symbol file data-0000018C4DD1E030 doesn't match image C:\Users\rui02\unity_project\IVRC\IVRC\Library\ScriptAssemblies\Unity.EditorCoroutines.Editor.dll
Symbol file LoadedFromMemory is not a mono symbol file
Symbol file data-0000018C4E4D7ED0 doesn't match image C:\Users\rui02\unity_project\IVRC\IVRC\Library\ScriptAssemblies\FastSpringBone.dll
Symbol file LoadedFromMemory is not a mono symbol file
Symbol file data-0000018BF9CF9040 doesn't match image C:\Users\rui02\unity_project\IVRC\IVRC\Library\ScriptAssemblies\Unity.TerrainTools.Editor.dll
Symbol file LoadedFromMemory is not a mono symbol file
Symbol file data-0000018BD8140010 doesn't match image C:\Users\rui02\unity_project\IVRC\IVRC\Library\ScriptAssemblies\Unity.RenderPipelines.Universal.Runtime.dll
Symbol file LoadedFromMemory is not a mono symbol file
Symbol file data-0000018C51EF6020 doesn't match image C:\Users\rui02\unity_project\IVRC\IVRC\Library\ScriptAssemblies\MToon.dll
Symbol file LoadedFromMemory is not a mono symbol file
Symbol file data-0000018C0A0E9790 doesn't match image C:\Users\rui02\unity_project\IVRC\IVRC\Library\ScriptAssemblies\UniHumanoid.dll
Symbol file LoadedFromMemory is not a mono symbol file
Symbol file data-0000018BF9CF9040 doesn't match image C:\Users\rui02\unity_project\IVRC\IVRC\Library\ScriptAssemblies\Unity.Burst.dll
Symbol file LoadedFromMemory is not a mono symbol file
Symbol file data-0000018C06239020 doesn't match image C:\Users\rui02\unity_project\IVRC\IVRC\Library\ScriptAssemblies\UnityEngine.XR.LegacyInputHelpers.dll
Symbol file LoadedFromMemory is not a mono symbol file
Symbol file data-0000018C0A0E9790 doesn't match image C:\Users\rui02\unity_project\IVRC\IVRC\Library\ScriptAssemblies\UniGLTF.Tests.dll
Symbol file LoadedFromMemory is not a mono symbol file
Symbol file data-0000018C56185010 doesn't match image C:\Users\rui02\unity_project\IVRC\IVRC\Library\ScriptAssemblies\VRMShaders.GLTF.IO.Runtime.dll
Symbol file LoadedFromMemory is not a mono symbol file
Symbol file data-0000018C05782020 doesn't match image C:\Users\rui02\unity_project\IVRC\IVRC\Library\ScriptAssemblies\Unity.Timeline.Editor.dll
Symbol file LoadedFromMemory is not a mono symbol file
Symbol file data-0000018C51EF6020 doesn't match image C:\Users\rui02\unity_project\IVRC\IVRC\Library\ScriptAssemblies\Unity.VisualScripting.Shared.Editor.dll
Symbol file LoadedFromMemory is not a mono symbol file
Symbol file data-0000018C54B67020 doesn't match image C:\Users\rui02\unity_project\IVRC\IVRC\Library\ScriptAssemblies\Unity.TerrainTools.dll
Symbol file LoadedFromMemory is not a mono symbol file
Symbol file data-0000018C4DB0B480 doesn't match image C:\Users\rui02\unity_project\IVRC\IVRC\Library\ScriptAssemblies\Unity.PlasticSCM.Editor.dll
Symbol file LoadedFromMemory is not a mono symbol file
Symbol file data-0000018C4E171980 doesn't match image C:\Users\rui02\unity_project\IVRC\IVRC\Library\ScriptAssemblies\Unity.CollabProxy.Editor.dll
Symbol file LoadedFromMemory is not a mono symbol file
Symbol file data-0000018C0913B070 doesn't match image C:\Users\rui02\unity_project\IVRC\IVRC\Library\ScriptAssemblies\UnityEditor.SpatialTracking.dll
Symbol file LoadedFromMemory is not a mono symbol file
Symbol file data-0000018C4F774030 doesn't match image C:\Users\rui02\unity_project\IVRC\IVRC\Library\ScriptAssemblies\UniVRM.Editor.dll
Symbol file LoadedFromMemory is not a mono symbol file
Symbol file data-0000018C52FF6B80 doesn't match image C:\Users\rui02\unity_project\IVRC\IVRC\Library\ScriptAssemblies\Unity.ShaderGraph.Editor.dll
Symbol file LoadedFromMemory is not a mono symbol file
Symbol file data-0000018C52BE8040 doesn't match image C:\Users\rui02\unity_project\IVRC\IVRC\Library\ScriptAssemblies\Unity.VisualStudio.Editor.dll
Symbol file LoadedFromMemory is not a mono symbol file
Symbol file data-0000018C52BE8040 doesn't match image C:\Users\rui02\unity_project\IVRC\IVRC\Library\ScriptAssemblies\UnityEditor.UI.dll
Symbol file LoadedFromMemory is not a mono symbol file
Symbol file data-0000018C0A85E060 doesn't match image C:\Users\rui02\unity_project\IVRC\IVRC\Library\ScriptAssemblies\Unity.VisualScripting.Core.dll
Symbol file LoadedFromMemory is not a mono symbol file
Symbol file data-0000018C52BE8040 doesn't match image C:\Users\rui02\unity_project\IVRC\IVRC\Library\ScriptAssemblies\SteamVR_Input_Editor.dll
Symbol file LoadedFromMemory is not a mono symbol file
Symbol file data-0000018C4CD55270 doesn't match image C:\Users\rui02\unity_project\IVRC\IVRC\Library\ScriptAssemblies\Unity.VisualScripting.Core.Editor.dll
Symbol file LoadedFromMemory is not a mono symbol file
Symbol file data-0000018BFAA6E020 doesn't match image C:\Users\rui02\unity_project\IVRC\IVRC\Library\ScriptAssemblies\UnityEngine.SpatialTracking.dll
Symbol file LoadedFromMemory is not a mono symbol file
Symbol file data-0000018C524AAEF0 doesn't match image C:\Users\rui02\unity_project\IVRC\IVRC\Library\ScriptAssemblies\UnityEngine.UI.dll
Symbol file LoadedFromMemory is not a mono symbol file
Symbol file data-0000018BFAA6E020 doesn't match image C:\Users\rui02\unity_project\IVRC\IVRC\Library\ScriptAssemblies\VRMShaders.GLTF.IO.Tests.dll
Symbol file LoadedFromMemory is not a mono symbol file
Symbol file data-0000018C51EF6020 doesn't match image C:\Users\rui02\unity_project\IVRC\IVRC\Library\ScriptAssemblies\UnityEditor.XR.LegacyInputHelpers.dll
Symbol file LoadedFromMemory is not a mono symbol file
Symbol file data-0000018C4E4D7ED0 doesn't match image C:\Users\rui02\unity_project\IVRC\IVRC\Library\ScriptAssemblies\SteamVR_Editor.dll
Symbol file LoadedFromMemory is not a mono symbol file
Symbol file data-0000018BD7C76010 doesn't match image C:\Users\rui02\unity_project\IVRC\IVRC\Library\ScriptAssemblies\Unity.VisualScripting.Flow.Editor.dll
Symbol file LoadedFromMemory is not a mono symbol file
Symbol file data-0000018C0B4FC010 doesn't match image C:\Users\rui02\unity_project\IVRC\IVRC\Library\ScriptAssemblies\Unity.RenderPipeline.Universal.ShaderLibrary.dll
Symbol file LoadedFromMemory is not a mono symbol file
Symbol file data-0000018C4ED63520 doesn't match image C:\Users\rui02\unity_project\IVRC\IVRC\Library\ScriptAssemblies\Unity.Timeline.dll
Symbol file LoadedFromMemory is not a mono symbol file
Symbol file data-0000018C51EF6020 doesn't match image C:\Users\rui02\unity_project\IVRC\IVRC\Library\ScriptAssemblies\Unity.XR.OpenVR.Editor.dll
Symbol file LoadedFromMemory is not a mono symbol file
Symbol file data-0000018C4F2E9090 doesn't match image C:\Users\rui02\unity_project\IVRC\IVRC\Library\ScriptAssemblies\VRMShaders.VRM10.MToon10.Runtime.dll
Symbol file LoadedFromMemory is not a mono symbol file
Symbol file data-0000018C05EDC030 doesn't match image C:\Users\rui02\unity_project\IVRC\IVRC\Library\ScriptAssemblies\Unity.VisualScripting.SettingsProvider.Editor.dll
Symbol file LoadedFromMemory is not a mono symbol file
Symbol file data-0000018BFB0EBB80 doesn't match image C:\Users\rui02\unity_project\IVRC\IVRC\Library\ScriptAssemblies\Unity.TestTools.CodeCoverage.Editor.OpenCover.Model.dll
Symbol file LoadedFromMemory is not a mono symbol file
Symbol file data-0000018C05EDC030 doesn't match image C:\Users\rui02\unity_project\IVRC\IVRC\Library\ScriptAssemblies\VRMShaders.GLTF.IO.Editor.dll
Symbol file LoadedFromMemory is not a mono symbol file
Symbol file data-0000018BFA817020 doesn't match image C:\Users\rui02\unity_project\IVRC\IVRC\Library\ScriptAssemblies\UnityEngine.TestRunner.dll
Symbol file LoadedFromMemory is not a mono symbol file
Symbol file data-0000018C52BE8040 doesn't match image C:\Users\rui02\unity_project\IVRC\IVRC\Library\ScriptAssemblies\Unity.VisualScripting.State.Editor.dll
Symbol file LoadedFromMemory is not a mono symbol file
Symbol file data-0000018C4CD55270 doesn't match image C:\Users\rui02\unity_project\IVRC\IVRC\Library\ScriptAssemblies\Unity.Mathematics.dll
Symbol file LoadedFromMemory is not a mono symbol file
Symbol file data-0000018C54B67020 doesn't match image C:\Users\rui02\unity_project\IVRC\IVRC\Library\ScriptAssemblies\Unity.RenderPipelines.Universal.Shaders.dll
Symbol file LoadedFromMemory is not a mono symbol file
Symbol file data-0000018C0847FEA0 doesn't match image C:\Users\rui02\unity_project\IVRC\IVRC\Library\ScriptAssemblies\Unity.TextMeshPro.Editor.dll
Symbol file LoadedFromMemory is not a mono symbol file
Symbol file data-0000018C56185010 doesn't match image C:\Users\rui02\unity_project\IVRC\IVRC\Library\ScriptAssemblies\Unity.Searcher.Editor.dll
Symbol file LoadedFromMemory is not a mono symbol file
Symbol file data-0000018C5134CC30 doesn't match image C:\Users\rui02\unity_project\IVRC\IVRC\Library\ScriptAssemblies\Unity.VisualScripting.State.dll
Symbol file LoadedFromMemory is not a mono symbol file
Symbol file data-0000018C0913B070 doesn't match image C:\Users\rui02\unity_project\IVRC\IVRC\Library\ScriptAssemblies\Unity.ShaderGraph.Utilities.dll
Symbol file LoadedFromMemory is not a mono symbol file
Symbol file data-0000018BFA39D020 doesn't match image C:\Users\rui02\unity_project\IVRC\IVRC\Library\ScriptAssemblies\Unity.RenderPipelines.HighDefinition.Runtime.dll
Symbol file LoadedFromMemory is not a mono symbol file
Symbol file data-0000018BFB0EBB80 doesn't match image C:\Users\rui02\unity_project\IVRC\IVRC\Library\ScriptAssemblies\VRM.Tests.dll
Symbol file LoadedFromMemory is not a mono symbol file
- Loaded All Assemblies, in  0.867 seconds
Refreshing native plugins compatible for Editor in 7.35 ms, found 6 plugins.
Native extension for WindowsStandalone target not found
Native extension for WebGL target not found
[Package Manager] Server::EnsureServerProcessIsRunning -- launch failed, reason: Unity was launched with the -noUpm command-line argument
[Package Manager] UpmClient::Send -- Unable to send message (not connected to UPM process).
[Package Manager] Cannot connect to Unity Package Manager local server
[Package Manager] Server::EnsureServerProcessIsRunning -- launch failed, reason: Unity was launched with the -noUpm command-line argument
[Package Manager] UpmClient::Send -- Unable to send message (not connected to UPM process).
[Package Manager] Cannot connect to Unity Package Manager local server
Mono: successfully reloaded assembly
[Package Manager] Server::EnsureServerProcessIsRunning -- launch failed, reason: Unity was launched with the -noUpm command-line argument
[Package Manager] UpmClient::Send -- Unable to send message (not connected to UPM process).
[Package Manager] Cannot connect to Unity Package Manager local server
- Finished resetting the current domain, in  8.673 seconds
Domain Reload Profiling: 9538ms
	BeginReloadAssembly (138ms)
		ExecutionOrderSort (0ms)
		DisableScriptedObjects (4ms)
		BackupInstance (0ms)
		ReleaseScriptingObjects (0ms)
		CreateAndSetChildDomain (40ms)
	RebuildCommonClasses (26ms)
	RebuildNativeTypeToScriptingClass (9ms)
	initialDomainReloadingComplete (24ms)
	LoadAllAssembliesAndSetupDomain (666ms)
		LoadAssemblies (662ms)
		RebuildTransferFunctionScriptingTraits (0ms)
		AnalyzeDomain (69ms)
			TypeCache.Refresh (13ms)
				TypeCache.ScanAssembly (1ms)
			ScanForSourceGeneratedMonoScriptInfo (40ms)
			ResolveRequiredComponents (15ms)
	FinalizeReload (8674ms)
		ReleaseScriptCaches (0ms)
		RebuildScriptCaches (0ms)
		SetupLoadedEditorAssemblies (462ms)
			LogAssemblyErrors (0ms)
			InitializePlatformSupportModulesInManaged (5ms)
			SetLoadedEditorAssemblies (5ms)
			RefreshPlugins (0ms)
			BeforeProcessingInitializeOnLoad (77ms)
			ProcessInitializeOnLoadAttributes (345ms)
			ProcessInitializeOnLoadMethodAttributes (25ms)
			AfterProcessingInitializeOnLoad (4ms)
			EditorAssembliesLoaded (0ms)
		ExecutionOrderSort2 (0ms)
		AwakeInstancesAfterBackupRestoration (4ms)
Refreshing native plugins compatible for Editor in 3.63 ms, found 6 plugins.
Preloading 0 native plugins for Editor in 0.00 ms.
Unloading 7878 Unused Serialized files (Serialized files now loaded: 0)
Unloading 211 unused Assets / (15.4 MB). Loaded Objects now: 8734.
Memory consumption went from 307.4 MB to 291.9 MB.
Total: 5.616500 ms (FindLiveObjects: 0.427900 ms CreateObjectMapping: 0.296400 ms MarkObjects: 2.591300 ms  DeleteObjects: 2.300100 ms)

Prepare: number of updated asset objects reloaded= 0
AssetImportParameters requested are different than current active one (requested -> active):
  custom:container-demuxer-ogg: 62fdf1f143b41e24485cea50d1cbac27 -> 
  custom:framework-win-MediaFoundation: 216162199b28c13a410421893ffa2e32 -> 
  custom:container-muxer-webm: aa71ff27fc2769a1b78a27578f13a17b -> 
  custom:video-decoder-webm-vp8: 9c59270c3fd7afecdb556c50c9e8de78 -> 
  custom:SearchIndexIgnoredProperties: e643bd26f0fe6173181afceb89e7c659 -> 
  custom:AudioImporter_EditorPlatform: d09bf68614088b80899f8185d706f6e7 -> 
  custom:audio-decoder-ogg-vorbis: bf7c407c2cedff20999df2af8eb42d56 -> 
  custom:audio-encoder-webm-vorbis: bf7c407c2cedff20999df2af8eb42d56 -> 
  custom:video-codec-MediaFoundation-h265: 746d11721c4dcdbdad8f713fa42b33f4 -> 
  custom:video-decoder-ogg-theora: a1e56fd34408186e4bbccfd4996cb3dc -> 
  custom:CustomObjectIndexerAttribute: a3ef5dd2817f97addfee359851a9dba5 -> 
  custom:container-demuxer-webm: 4f35f7cbe854078d1ac9338744f61a02 -> 
  custom:video-encoder-webm-vp8: eb34c28f22e8b96e1ab97ce403110664 -> 
========================================================================
Received Prepare
Begin MonoManager ReloadAssembly
Symbol file data-0000018BD7FFB0D0 doesn't match image C:\Users\rui02\unity_project\IVRC\IVRC\Library\ScriptAssemblies\UniHumanoid.Editor.dll
Symbol file LoadedFromMemory is not a mono symbol file
Symbol file data-0000018C087F2F90 doesn't match image C:\Users\rui02\unity_project\IVRC\IVRC\Library\ScriptAssemblies\Unity.XR.Management.dll
Symbol file LoadedFromMemory is not a mono symbol file
Symbol file data-0000018C536723A0 doesn't match image C:\Users\rui02\unity_project\IVRC\IVRC\Library\ScriptAssemblies\UniHumanoid.Editor.Tests.dll
Symbol file LoadedFromMemory is not a mono symbol file
Symbol file data-0000018C4F774030 doesn't match image C:\Users\rui02\unity_project\IVRC\IVRC\Library\ScriptAssemblies\Unity.VisualEffectGraph.Runtime.dll
Symbol file LoadedFromMemory is not a mono symbol file
Symbol file data-0000018C046CF020 doesn't match image C:\Users\rui02\unity_project\IVRC\IVRC\Library\ScriptAssemblies\Unity.RenderPipelines.Core.Runtime.dll
Symbol file LoadedFromMemory is not a mono symbol file
Symbol file data-0000018C08B4E200 doesn't match image C:\Users\rui02\unity_project\IVRC\IVRC\Library\ScriptAssemblies\Unity.Burst.Editor.dll
Symbol file LoadedFromMemory is not a mono symbol file
Symbol file data-0000018BF9D99010 doesn't match image C:\Users\rui02\unity_project\IVRC\IVRC\Library\ScriptAssemblies\SteamVR.dll
Symbol file LoadedFromMemory is not a mono symbol file
Symbol file data-0000018C54FEF050 doesn't match image C:\Users\rui02\unity_project\IVRC\IVRC\Library\ScriptAssemblies\VRMShaders.GLTF.UniUnlit.Runtime.dll
Symbol file LoadedFromMemory is not a mono symbol file
Symbol file data-0000018C0B4FC010 doesn't match image C:\Users\rui02\unity_project\IVRC\IVRC\Library\ScriptAssemblies\SteamVR_Windows_EditorHelper.dll
Symbol file LoadedFromMemory is not a mono symbol file
Symbol file data-0000018C094C7360 doesn't match image C:\Users\rui02\unity_project\IVRC\IVRC\Library\ScriptAssemblies\UniGLTF.dll
Symbol file LoadedFromMemory is not a mono symbol file
Symbol file data-0000018BFB3C8DF0 doesn't match image C:\Users\rui02\unity_project\IVRC\IVRC\Library\ScriptAssemblies\Unity.Rider.Editor.dll
Symbol file LoadedFromMemory is not a mono symbol file
Symbol file data-0000018C54B67020 doesn't match image C:\Users\rui02\unity_project\IVRC\IVRC\Library\ScriptAssemblies\VRMShaders.VRM10.MToon10.Tests.dll
Symbol file LoadedFromMemory is not a mono symbol file
Symbol file data-0000018BF9D99010 doesn't match image C:\Users\rui02\unity_project\IVRC\IVRC\Library\ScriptAssemblies\Unity.RenderPipelines.Core.Editor.dll
Symbol file LoadedFromMemory is not a mono symbol file
Symbol file data-0000018C0B2E5C80 doesn't match image C:\Users\rui02\unity_project\IVRC\IVRC\Library\ScriptAssemblies\Unity.VisualEffectGraph.Editor.dll
Symbol file LoadedFromMemory is not a mono symbol file
Symbol file data-0000018C56173020 doesn't match image C:\Users\rui02\unity_project\IVRC\IVRC\Library\ScriptAssemblies\UnityEditor.TestRunner.dll
Symbol file LoadedFromMemory is not a mono symbol file
Symbol file data-0000018C526BFD10 doesn't match image C:\Users\rui02\unity_project\IVRC\IVRC\Library\ScriptAssemblies\Unity.VisualScripting.Flow.dll
Symbol file LoadedFromMemory is not a mono symbol file
Symbol file data-0000018C4E502950 doesn't match image C:\Users\rui02\unity_project\IVRC\IVRC\Library\ScriptAssemblies\Unity.Mathematics.Editor.dll
Symbol file LoadedFromMemory is not a mono symbol file
Symbol file data-0000018C4E502950 doesn't match image C:\Users\rui02\unity_project\IVRC\IVRC\Library\ScriptAssemblies\Unity.TestTools.CodeCoverage.Editor.OpenCover.Mono.Reflection.dll
Symbol file LoadedFromMemory is not a mono symbol file
Symbol file data-0000018C536723A0 doesn't match image C:\Users\rui02\unity_project\IVRC\IVRC\Library\ScriptAssemblies\VRMShaders.VRM10.MToon10.Editor.dll
Symbol file LoadedFromMemory is not a mono symbol file
Symbol file data-0000018C536723A0 doesn't match image C:\Users\rui02\unity_project\IVRC\IVRC\Library\ScriptAssemblies\UniGLTF.Utils.dll
Symbol file LoadedFromMemory is not a mono symbol file
Symbol file data-0000018C54B67020 doesn't match image C:\Users\rui02\unity_project\IVRC\IVRC\Library\ScriptAssemblies\Unity.RenderPipelines.HighDefinition.Config.Runtime.dll
Symbol file LoadedFromMemory is not a mono symbol file
Symbol file data-0000018C5132A430 doesn't match image C:\Users\rui02\unity_project\IVRC\IVRC\Library\ScriptAssemblies\MToon.Editor.dll
Symbol file LoadedFromMemory is not a mono symbol file
Symbol file data-0000018C53710080 doesn't match image C:\Users\rui02\unity_project\IVRC\IVRC\Library\ScriptAssemblies\Unity.Performance.Profile-Analyzer.Editor.dll
Symbol file LoadedFromMemory is not a mono symbol file
Symbol file data-0000018C54B67020 doesn't match image C:\Users\rui02\unity_project\IVRC\IVRC\Library\ScriptAssemblies\Unity.RenderPipelines.Core.ShaderLibrary.dll
Symbol file LoadedFromMemory is not a mono symbol file
Symbol file data-0000018BD7FDE010 doesn't match image C:\Users\rui02\unity_project\IVRC\IVRC\Library\ScriptAssemblies\Unity.XR.Management.Editor.dll
Symbol file LoadedFromMemory is not a mono symbol file
Symbol file data-0000018C54FEF050 doesn't match image C:\Users\rui02\unity_project\IVRC\IVRC\Library\ScriptAssemblies\VRMShaders.VRM.IO.Runtime.dll
Symbol file LoadedFromMemory is not a mono symbol file
Symbol file data-0000018C06F0B3C0 doesn't match image C:\Users\rui02\unity_project\IVRC\IVRC\Library\ScriptAssemblies\Unity.TestTools.CodeCoverage.Editor.dll
Symbol file LoadedFromMemory is not a mono symbol file
Symbol file data-0000018C4F3A3450 doesn't match image C:\Users\rui02\unity_project\IVRC\IVRC\Library\ScriptAssemblies\VRM.dll
Symbol file LoadedFromMemory is not a mono symbol file
Symbol file data-0000018C536723A0 doesn't match image C:\Users\rui02\unity_project\IVRC\IVRC\Library\ScriptAssemblies\VRMShaders.GLTF.UniUnlit.Editor.dll
Symbol file LoadedFromMemory is not a mono symbol file
Symbol file data-0000018C536723A0 doesn't match image C:\Users\rui02\unity_project\IVRC\IVRC\Library\ScriptAssemblies\PPv2URPConverters.dll
Symbol file LoadedFromMemory is not a mono symbol file
Symbol file data-0000018C06F0B3C0 doesn't match image C:\Users\rui02\unity_project\IVRC\IVRC\Library\ScriptAssemblies\Unity.XR.OpenVR.dll
Symbol file LoadedFromMemory is not a mono symbol file
Symbol file data-0000018C032D1010 doesn't match image C:\Users\rui02\unity_project\IVRC\IVRC\Library\ScriptAssemblies\Unity.Settings.Editor.dll
Symbol file LoadedFromMemory is not a mono symbol file
Symbol file data-0000018C09452010 doesn't match image C:\Users\rui02\unity_project\IVRC\IVRC\Library\ScriptAssemblies\Unity.TextMeshPro.dll
Symbol file LoadedFromMemory is not a mono symbol file
Symbol file data-0000018C54B67020 doesn't match image C:\Users\rui02\unity_project\IVRC\IVRC\Library\ScriptAssemblies\VRMShaders.VRM10.Format.Runtime.dll
Symbol file LoadedFromMemory is not a mono symbol file
Symbol file data-0000018C06F1A6F0 doesn't match image C:\Users\rui02\unity_project\IVRC\IVRC\Library\ScriptAssemblies\Unity.Burst.CodeGen.dll
Symbol file LoadedFromMemory is not a mono symbol file
Symbol file data-0000018C06B9ACD0 doesn't match image C:\Users\rui02\unity_project\IVRC\IVRC\Library\ScriptAssemblies\Unity.VSCode.Editor.dll
Symbol file LoadedFromMemory is not a mono symbol file
Symbol file data-0000018C4DF898F0 doesn't match image C:\Users\rui02\unity_project\IVRC\IVRC\Library\ScriptAssemblies\UniGLTF.Editor.dll
Symbol file LoadedFromMemory is not a mono symbol file
Symbol file data-0000018C526BFD10 doesn't match image C:\Users\rui02\unity_project\IVRC\IVRC\Library\ScriptAssemblies\Unity.RenderPipelines.Universal.Editor.dll
Symbol file LoadedFromMemory is not a mono symbol file
Symbol file data-0000018C553C4460 doesn't match image C:\Users\rui02\unity_project\IVRC\IVRC\Library\ScriptAssemblies\Unity.RenderPipelines.HighDefinition.Editor.dll
Symbol file LoadedFromMemory is not a mono symbol file
Symbol file data-0000018C5132A430 doesn't match image C:\Users\rui02\unity_project\IVRC\IVRC\Library\ScriptAssemblies\VRM.Samples.Editor.Tests.dll
Symbol file LoadedFromMemory is not a mono symbol file
Symbol file data-0000018C54B67020 doesn't match image C:\Users\rui02\unity_project\IVRC\IVRC\Library\ScriptAssemblies\Unity.RenderPipelines.ShaderGraph.ShaderGraphLibrary.dll
Symbol file LoadedFromMemory is not a mono symbol file
Symbol file data-0000018C536723A0 doesn't match image C:\Users\rui02\unity_project\IVRC\IVRC\Library\ScriptAssemblies\Unity.EditorCoroutines.Editor.dll
Symbol file LoadedFromMemory is not a mono symbol file
Symbol file data-0000018C0971D5E0 doesn't match image C:\Users\rui02\unity_project\IVRC\IVRC\Library\ScriptAssemblies\FastSpringBone.dll
Symbol file LoadedFromMemory is not a mono symbol file
Symbol file data-0000018BF9CF9040 doesn't match image C:\Users\rui02\unity_project\IVRC\IVRC\Library\ScriptAssemblies\Unity.TerrainTools.Editor.dll
Symbol file LoadedFromMemory is not a mono symbol file
Symbol file data-0000018BD8140010 doesn't match image C:\Users\rui02\unity_project\IVRC\IVRC\Library\ScriptAssemblies\Unity.RenderPipelines.Universal.Runtime.dll
Symbol file LoadedFromMemory is not a mono symbol file
Symbol file data-0000018C0B028010 doesn't match image C:\Users\rui02\unity_project\IVRC\IVRC\Library\ScriptAssemblies\MToon.dll
Symbol file LoadedFromMemory is not a mono symbol file
Symbol file data-0000018C0A0E9790 doesn't match image C:\Users\rui02\unity_project\IVRC\IVRC\Library\ScriptAssemblies\UniHumanoid.dll
Symbol file LoadedFromMemory is not a mono symbol file
Symbol file data-0000018BF9CF9040 doesn't match image C:\Users\rui02\unity_project\IVRC\IVRC\Library\ScriptAssemblies\Unity.Burst.dll
Symbol file LoadedFromMemory is not a mono symbol file
Symbol file data-0000018BD7FFB0D0 doesn't match image C:\Users\rui02\unity_project\IVRC\IVRC\Library\ScriptAssemblies\UnityEngine.XR.LegacyInputHelpers.dll
Symbol file LoadedFromMemory is not a mono symbol file
Symbol file data-0000018C0A0E9790 doesn't match image C:\Users\rui02\unity_project\IVRC\IVRC\Library\ScriptAssemblies\UniGLTF.Tests.dll
Symbol file LoadedFromMemory is not a mono symbol file
Symbol file data-0000018BF9B68020 doesn't match image C:\Users\rui02\unity_project\IVRC\IVRC\Library\ScriptAssemblies\VRMShaders.GLTF.IO.Runtime.dll
Symbol file LoadedFromMemory is not a mono symbol file
Symbol file data-0000018C05782020 doesn't match image C:\Users\rui02\unity_project\IVRC\IVRC\Library\ScriptAssemblies\Unity.Timeline.Editor.dll
Symbol file LoadedFromMemory is not a mono symbol file
Symbol file data-0000018C0B028010 doesn't match image C:\Users\rui02\unity_project\IVRC\IVRC\Library\ScriptAssemblies\Unity.VisualScripting.Shared.Editor.dll
Symbol file LoadedFromMemory is not a mono symbol file
Symbol file data-0000018C54B67020 doesn't match image C:\Users\rui02\unity_project\IVRC\IVRC\Library\ScriptAssemblies\Unity.TerrainTools.dll
Symbol file LoadedFromMemory is not a mono symbol file
Symbol file data-0000018C557AD4F0 doesn't match image C:\Users\rui02\unity_project\IVRC\IVRC\Library\ScriptAssemblies\Unity.PlasticSCM.Editor.dll
Symbol file LoadedFromMemory is not a mono symbol file
Symbol file data-0000018C5132A430 doesn't match image C:\Users\rui02\unity_project\IVRC\IVRC\Library\ScriptAssemblies\Unity.CollabProxy.Editor.dll
Symbol file LoadedFromMemory is not a mono symbol file
Symbol file data-0000018C5132A430 doesn't match image C:\Users\rui02\unity_project\IVRC\IVRC\Library\ScriptAssemblies\UnityEditor.SpatialTracking.dll
Symbol file LoadedFromMemory is not a mono symbol file
Symbol file data-0000018C4F774030 doesn't match image C:\Users\rui02\unity_project\IVRC\IVRC\Library\ScriptAssemblies\UniVRM.Editor.dll
Symbol file LoadedFromMemory is not a mono symbol file
Symbol file data-0000018C52FF6B80 doesn't match image C:\Users\rui02\unity_project\IVRC\IVRC\Library\ScriptAssemblies\Unity.ShaderGraph.Editor.dll
Symbol file LoadedFromMemory is not a mono symbol file
Symbol file data-0000018C53212E50 doesn't match image C:\Users\rui02\unity_project\IVRC\IVRC\Library\ScriptAssemblies\Unity.VisualStudio.Editor.dll
Symbol file LoadedFromMemory is not a mono symbol file
Symbol file data-0000018C53212E50 doesn't match image C:\Users\rui02\unity_project\IVRC\IVRC\Library\ScriptAssemblies\UnityEditor.UI.dll
Symbol file LoadedFromMemory is not a mono symbol file
Symbol file data-0000018C5048C060 doesn't match image C:\Users\rui02\unity_project\IVRC\IVRC\Library\ScriptAssemblies\Unity.VisualScripting.Core.dll
Symbol file LoadedFromMemory is not a mono symbol file
Symbol file data-0000018C53212E50 doesn't match image C:\Users\rui02\unity_project\IVRC\IVRC\Library\ScriptAssemblies\SteamVR_Input_Editor.dll
Symbol file LoadedFromMemory is not a mono symbol file
Symbol file data-0000018C4CD54E60 doesn't match image C:\Users\rui02\unity_project\IVRC\IVRC\Library\ScriptAssemblies\Unity.VisualScripting.Core.Editor.dll
Symbol file LoadedFromMemory is not a mono symbol file
Symbol file data-0000018C5132A430 doesn't match image C:\Users\rui02\unity_project\IVRC\IVRC\Library\ScriptAssemblies\UnityEngine.SpatialTracking.dll
Symbol file LoadedFromMemory is not a mono symbol file
Symbol file data-0000018C524AAEF0 doesn't match image C:\Users\rui02\unity_project\IVRC\IVRC\Library\ScriptAssemblies\UnityEngine.UI.dll
Symbol file LoadedFromMemory is not a mono symbol file
Symbol file data-0000018C5132A430 doesn't match image C:\Users\rui02\unity_project\IVRC\IVRC\Library\ScriptAssemblies\VRMShaders.GLTF.IO.Tests.dll
Symbol file LoadedFromMemory is not a mono symbol file
Symbol file data-0000018C087F2F90 doesn't match image C:\Users\rui02\unity_project\IVRC\IVRC\Library\ScriptAssemblies\UnityEditor.XR.LegacyInputHelpers.dll
Symbol file LoadedFromMemory is not a mono symbol file
Symbol file data-0000018C0971D5E0 doesn't match image C:\Users\rui02\unity_project\IVRC\IVRC\Library\ScriptAssemblies\SteamVR_Editor.dll
Symbol file LoadedFromMemory is not a mono symbol file
Symbol file data-0000018BFB50E010 doesn't match image C:\Users\rui02\unity_project\IVRC\IVRC\Library\ScriptAssemblies\Unity.VisualScripting.Flow.Editor.dll
Symbol file LoadedFromMemory is not a mono symbol file
Symbol file data-0000018C54FEF050 doesn't match image C:\Users\rui02\unity_project\IVRC\IVRC\Library\ScriptAssemblies\Unity.RenderPipeline.Universal.ShaderLibrary.dll
Symbol file LoadedFromMemory is not a mono symbol file
Symbol file data-0000018C7C936020 doesn't match image C:\Users\rui02\unity_project\IVRC\IVRC\Library\ScriptAssemblies\Unity.Timeline.dll
Symbol file LoadedFromMemory is not a mono symbol file
Symbol file data-0000018C091C8020 doesn't match image C:\Users\rui02\unity_project\IVRC\IVRC\Library\ScriptAssemblies\Unity.XR.OpenVR.Editor.dll
Symbol file LoadedFromMemory is not a mono symbol file
Symbol file data-0000018C4F2E9090 doesn't match image C:\Users\rui02\unity_project\IVRC\IVRC\Library\ScriptAssemblies\VRMShaders.VRM10.MToon10.Runtime.dll
Symbol file LoadedFromMemory is not a mono symbol file
Symbol file data-0000018C4E502950 doesn't match image C:\Users\rui02\unity_project\IVRC\IVRC\Library\ScriptAssemblies\Unity.VisualScripting.SettingsProvider.Editor.dll
Symbol file LoadedFromMemory is not a mono symbol file
Symbol file data-0000018C06B9ACD0 doesn't match image C:\Users\rui02\unity_project\IVRC\IVRC\Library\ScriptAssemblies\Unity.TestTools.CodeCoverage.Editor.OpenCover.Model.dll
Symbol file LoadedFromMemory is not a mono symbol file
Symbol file data-0000018BFAA6E020 doesn't match image C:\Users\rui02\unity_project\IVRC\IVRC\Library\ScriptAssemblies\VRMShaders.GLTF.IO.Editor.dll
Symbol file LoadedFromMemory is not a mono symbol file
Symbol file data-0000018C08952140 doesn't match image C:\Users\rui02\unity_project\IVRC\IVRC\Library\ScriptAssemblies\UnityEngine.TestRunner.dll
Symbol file LoadedFromMemory is not a mono symbol file
Symbol file data-0000018C53212E50 doesn't match image C:\Users\rui02\unity_project\IVRC\IVRC\Library\ScriptAssemblies\Unity.VisualScripting.State.Editor.dll
Symbol file LoadedFromMemory is not a mono symbol file
Symbol file data-0000018C53E49010 doesn't match image C:\Users\rui02\unity_project\IVRC\IVRC\Library\ScriptAssemblies\Unity.Mathematics.dll
Symbol file LoadedFromMemory is not a mono symbol file
Symbol file data-0000018C54B67020 doesn't match image C:\Users\rui02\unity_project\IVRC\IVRC\Library\ScriptAssemblies\Unity.RenderPipelines.Universal.Shaders.dll
Symbol file LoadedFromMemory is not a mono symbol file
Symbol file data-0000018C0847FEA0 doesn't match image C:\Users\rui02\unity_project\IVRC\IVRC\Library\ScriptAssemblies\Unity.TextMeshPro.Editor.dll
Symbol file LoadedFromMemory is not a mono symbol file
Symbol file data-0000018BF9B68020 doesn't match image C:\Users\rui02\unity_project\IVRC\IVRC\Library\ScriptAssemblies\Unity.Searcher.Editor.dll
Symbol file LoadedFromMemory is not a mono symbol file
Symbol file data-0000018C06B9ACD0 doesn't match image C:\Users\rui02\unity_project\IVRC\IVRC\Library\ScriptAssemblies\Unity.VisualScripting.State.dll
Symbol file LoadedFromMemory is not a mono symbol file
Symbol file data-0000018BFAA6E020 doesn't match image C:\Users\rui02\unity_project\IVRC\IVRC\Library\ScriptAssemblies\Unity.ShaderGraph.Utilities.dll
Symbol file LoadedFromMemory is not a mono symbol file
Symbol file data-0000018C53080F90 doesn't match image C:\Users\rui02\unity_project\IVRC\IVRC\Library\ScriptAssemblies\Unity.RenderPipelines.HighDefinition.Runtime.dll
Symbol file LoadedFromMemory is not a mono symbol file
Symbol file data-0000018C06B9ACD0 doesn't match image C:\Users\rui02\unity_project\IVRC\IVRC\Library\ScriptAssemblies\VRM.Tests.dll
Symbol file LoadedFromMemory is not a mono symbol file
- Loaded All Assemblies, in  0.595 seconds
Refreshing native plugins compatible for Editor in 3.92 ms, found 6 plugins.
Native extension for WindowsStandalone target not found
Native extension for WebGL target not found
[Package Manager] Server::EnsureServerProcessIsRunning -- launch failed, reason: Unity was launched with the -noUpm command-line argument
[Package Manager] UpmClient::Send -- Unable to send message (not connected to UPM process).
[Package Manager] Cannot connect to Unity Package Manager local server
[Package Manager] Server::EnsureServerProcessIsRunning -- launch failed, reason: Unity was launched with the -noUpm command-line argument
[Package Manager] UpmClient::Send -- Unable to send message (not connected to UPM process).
[Package Manager] Cannot connect to Unity Package Manager local server
Mono: successfully reloaded assembly
[Package Manager] Server::EnsureServerProcessIsRunning -- launch failed, reason: Unity was launched with the -noUpm command-line argument
[Package Manager] UpmClient::Send -- Unable to send message (not connected to UPM process).
[Package Manager] Cannot connect to Unity Package Manager local server
- Finished resetting the current domain, in  2.028 seconds
Domain Reload Profiling: 2619ms
	BeginReloadAssembly (164ms)
		ExecutionOrderSort (0ms)
		DisableScriptedObjects (4ms)
		BackupInstance (0ms)
		ReleaseScriptingObjects (0ms)
		CreateAndSetChildDomain (37ms)
	RebuildCommonClasses (28ms)
	RebuildNativeTypeToScriptingClass (10ms)
	initialDomainReloadingComplete (26ms)
	LoadAllAssembliesAndSetupDomain (364ms)
		LoadAssemblies (383ms)
		RebuildTransferFunctionScriptingTraits (0ms)
		AnalyzeDomain (74ms)
			TypeCache.Refresh (12ms)
				TypeCache.ScanAssembly (1ms)
			ScanForSourceGeneratedMonoScriptInfo (44ms)
			ResolveRequiredComponents (16ms)
	FinalizeReload (2028ms)
		ReleaseScriptCaches (0ms)
		RebuildScriptCaches (0ms)
		SetupLoadedEditorAssemblies (486ms)
			LogAssemblyErrors (0ms)
			InitializePlatformSupportModulesInManaged (6ms)
			SetLoadedEditorAssemblies (5ms)
			RefreshPlugins (0ms)
			BeforeProcessingInitializeOnLoad (81ms)
			ProcessInitializeOnLoadAttributes (368ms)
			ProcessInitializeOnLoadMethodAttributes (22ms)
			AfterProcessingInitializeOnLoad (4ms)
			EditorAssembliesLoaded (0ms)
		ExecutionOrderSort2 (0ms)
		AwakeInstancesAfterBackupRestoration (4ms)
Refreshing native plugins compatible for Editor in 3.64 ms, found 6 plugins.
Preloading 0 native plugins for Editor in 0.00 ms.
Unloading 7878 Unused Serialized files (Serialized files now loaded: 0)
Unloading 211 unused Assets / (15.4 MB). Loaded Objects now: 8750.
Memory consumption went from 307.4 MB to 291.9 MB.
Total: 5.634600 ms (FindLiveObjects: 0.437700 ms CreateObjectMapping: 0.279500 ms MarkObjects: 2.401400 ms  DeleteObjects: 2.515500 ms)

Prepare: number of updated asset objects reloaded= 0
AssetImportParameters requested are different than current active one (requested -> active):
  custom:container-demuxer-ogg: 62fdf1f143b41e24485cea50d1cbac27 -> 
  custom:framework-win-MediaFoundation: 216162199b28c13a410421893ffa2e32 -> 
  custom:container-muxer-webm: aa71ff27fc2769a1b78a27578f13a17b -> 
  custom:video-decoder-webm-vp8: 9c59270c3fd7afecdb556c50c9e8de78 -> 
  custom:SearchIndexIgnoredProperties: e643bd26f0fe6173181afceb89e7c659 -> 
  custom:AudioImporter_EditorPlatform: d09bf68614088b80899f8185d706f6e7 -> 
  custom:audio-decoder-ogg-vorbis: bf7c407c2cedff20999df2af8eb42d56 -> 
  custom:audio-encoder-webm-vorbis: bf7c407c2cedff20999df2af8eb42d56 -> 
  custom:video-codec-MediaFoundation-h265: 746d11721c4dcdbdad8f713fa42b33f4 -> 
  custom:video-decoder-ogg-theora: a1e56fd34408186e4bbccfd4996cb3dc -> 
  custom:CustomObjectIndexerAttribute: a3ef5dd2817f97addfee359851a9dba5 -> 
  custom:container-demuxer-webm: 4f35f7cbe854078d1ac9338744f61a02 -> 
  custom:video-encoder-webm-vp8: eb34c28f22e8b96e1ab97ce403110664 -> 
========================================================================
Received Prepare
Begin MonoManager ReloadAssembly
Symbol file data-0000018C4DDE7060 doesn't match image C:\Users\rui02\unity_project\IVRC\IVRC\Library\ScriptAssemblies\UniHumanoid.Editor.dll
Symbol file LoadedFromMemory is not a mono symbol file
Symbol file data-0000018C51AAD050 doesn't match image C:\Users\rui02\unity_project\IVRC\IVRC\Library\ScriptAssemblies\Unity.XR.Management.dll
Symbol file LoadedFromMemory is not a mono symbol file
Symbol file data-0000018BD7B11020 doesn't match image C:\Users\rui02\unity_project\IVRC\IVRC\Library\ScriptAssemblies\UniHumanoid.Editor.Tests.dll
Symbol file LoadedFromMemory is not a mono symbol file
Symbol file data-0000018C52774860 doesn't match image C:\Users\rui02\unity_project\IVRC\IVRC\Library\ScriptAssemblies\Unity.VisualEffectGraph.Runtime.dll
Symbol file LoadedFromMemory is not a mono symbol file
Symbol file data-0000018C55F3D040 doesn't match image C:\Users\rui02\unity_project\IVRC\IVRC\Library\ScriptAssemblies\Unity.RenderPipelines.Core.Runtime.dll
Symbol file LoadedFromMemory is not a mono symbol file
Symbol file data-0000018C4E243810 doesn't match image C:\Users\rui02\unity_project\IVRC\IVRC\Library\ScriptAssemblies\Unity.Burst.Editor.dll
Symbol file LoadedFromMemory is not a mono symbol file
Symbol file data-0000018C06B6A4A0 doesn't match image C:\Users\rui02\unity_project\IVRC\IVRC\Library\ScriptAssemblies\SteamVR.dll
Symbol file LoadedFromMemory is not a mono symbol file
Symbol file data-0000018C08A79020 doesn't match image C:\Users\rui02\unity_project\IVRC\IVRC\Library\ScriptAssemblies\VRMShaders.GLTF.UniUnlit.Runtime.dll
Symbol file LoadedFromMemory is not a mono symbol file
Symbol file data-0000018BD7B11020 doesn't match image C:\Users\rui02\unity_project\IVRC\IVRC\Library\ScriptAssemblies\SteamVR_Windows_EditorHelper.dll
Symbol file LoadedFromMemory is not a mono symbol file
Symbol file data-0000018C094C7360 doesn't match image C:\Users\rui02\unity_project\IVRC\IVRC\Library\ScriptAssemblies\UniGLTF.dll
Symbol file LoadedFromMemory is not a mono symbol file
Symbol file data-0000018C778AC030 doesn't match image C:\Users\rui02\unity_project\IVRC\IVRC\Library\ScriptAssemblies\Unity.Rider.Editor.dll
Symbol file LoadedFromMemory is not a mono symbol file
Symbol file data-0000018C0B9D85A0 doesn't match image C:\Users\rui02\unity_project\IVRC\IVRC\Library\ScriptAssemblies\VRMShaders.VRM10.MToon10.Tests.dll
Symbol file LoadedFromMemory is not a mono symbol file
Symbol file data-0000018BF9D99010 doesn't match image C:\Users\rui02\unity_project\IVRC\IVRC\Library\ScriptAssemblies\Unity.RenderPipelines.Core.Editor.dll
Symbol file LoadedFromMemory is not a mono symbol file
Symbol file data-0000018C03074020 doesn't match image C:\Users\rui02\unity_project\IVRC\IVRC\Library\ScriptAssemblies\Unity.VisualEffectGraph.Editor.dll
Symbol file LoadedFromMemory is not a mono symbol file
Symbol file data-0000018BFB3B7020 doesn't match image C:\Users\rui02\unity_project\IVRC\IVRC\Library\ScriptAssemblies\UnityEditor.TestRunner.dll
Symbol file LoadedFromMemory is not a mono symbol file
Symbol file data-0000018C5040F6C0 doesn't match image C:\Users\rui02\unity_project\IVRC\IVRC\Library\ScriptAssemblies\Unity.VisualScripting.Flow.dll
Symbol file LoadedFromMemory is not a mono symbol file
Symbol file data-0000018C4F00CAD0 doesn't match image C:\Users\rui02\unity_project\IVRC\IVRC\Library\ScriptAssemblies\Unity.Mathematics.Editor.dll
Symbol file LoadedFromMemory is not a mono symbol file
Symbol file data-0000018C4F00CAD0 doesn't match image C:\Users\rui02\unity_project\IVRC\IVRC\Library\ScriptAssemblies\Unity.TestTools.CodeCoverage.Editor.OpenCover.Mono.Reflection.dll
Symbol file LoadedFromMemory is not a mono symbol file
Symbol file data-0000018BD7B11020 doesn't match image C:\Users\rui02\unity_project\IVRC\IVRC\Library\ScriptAssemblies\VRMShaders.VRM10.MToon10.Editor.dll
Symbol file LoadedFromMemory is not a mono symbol file
Symbol file data-0000018BD7B11020 doesn't match image C:\Users\rui02\unity_project\IVRC\IVRC\Library\ScriptAssemblies\UniGLTF.Utils.dll
Symbol file LoadedFromMemory is not a mono symbol file
Symbol file data-0000018C54B67020 doesn't match image C:\Users\rui02\unity_project\IVRC\IVRC\Library\ScriptAssemblies\Unity.RenderPipelines.HighDefinition.Config.Runtime.dll
Symbol file LoadedFromMemory is not a mono symbol file
Symbol file data-0000018C523B6F80 doesn't match image C:\Users\rui02\unity_project\IVRC\IVRC\Library\ScriptAssemblies\MToon.Editor.dll
Symbol file LoadedFromMemory is not a mono symbol file
Symbol file data-0000018C08751510 doesn't match image C:\Users\rui02\unity_project\IVRC\IVRC\Library\ScriptAssemblies\Unity.Performance.Profile-Analyzer.Editor.dll
Symbol file LoadedFromMemory is not a mono symbol file
Symbol file data-0000018C0B9D85A0 doesn't match image C:\Users\rui02\unity_project\IVRC\IVRC\Library\ScriptAssemblies\Unity.RenderPipelines.Core.ShaderLibrary.dll
Symbol file LoadedFromMemory is not a mono symbol file
Symbol file data-0000018BD7FDE010 doesn't match image C:\Users\rui02\unity_project\IVRC\IVRC\Library\ScriptAssemblies\Unity.XR.Management.Editor.dll
Symbol file LoadedFromMemory is not a mono symbol file
Symbol file data-0000018C08A79020 doesn't match image C:\Users\rui02\unity_project\IVRC\IVRC\Library\ScriptAssemblies\VRMShaders.VRM.IO.Runtime.dll
Symbol file LoadedFromMemory is not a mono symbol file
Symbol file data-0000018C55428020 doesn't match image C:\Users\rui02\unity_project\IVRC\IVRC\Library\ScriptAssemblies\Unity.TestTools.CodeCoverage.Editor.dll
Symbol file LoadedFromMemory is not a mono symbol file
Symbol file data-0000018C4F3A3450 doesn't match image C:\Users\rui02\unity_project\IVRC\IVRC\Library\ScriptAssemblies\VRM.dll
Symbol file LoadedFromMemory is not a mono symbol file
Symbol file data-0000018BD7B11020 doesn't match image C:\Users\rui02\unity_project\IVRC\IVRC\Library\ScriptAssemblies\VRMShaders.GLTF.UniUnlit.Editor.dll
Symbol file LoadedFromMemory is not a mono symbol file
Symbol file data-0000018BD7B11020 doesn't match image C:\Users\rui02\unity_project\IVRC\IVRC\Library\ScriptAssemblies\PPv2URPConverters.dll
Symbol file LoadedFromMemory is not a mono symbol file
Symbol file data-0000018C0AFCA290 doesn't match image C:\Users\rui02\unity_project\IVRC\IVRC\Library\ScriptAssemblies\Unity.XR.OpenVR.dll
Symbol file LoadedFromMemory is not a mono symbol file
Symbol file data-0000018C0B0A90A0 doesn't match image C:\Users\rui02\unity_project\IVRC\IVRC\Library\ScriptAssemblies\Unity.Settings.Editor.dll
Symbol file LoadedFromMemory is not a mono symbol file
Symbol file data-0000018C09452010 doesn't match image C:\Users\rui02\unity_project\IVRC\IVRC\Library\ScriptAssemblies\Unity.TextMeshPro.dll
Symbol file LoadedFromMemory is not a mono symbol file
Symbol file data-0000018C0B9D85A0 doesn't match image C:\Users\rui02\unity_project\IVRC\IVRC\Library\ScriptAssemblies\VRMShaders.VRM10.Format.Runtime.dll
Symbol file LoadedFromMemory is not a mono symbol file
Symbol file data-0000018C06F1A6F0 doesn't match image C:\Users\rui02\unity_project\IVRC\IVRC\Library\ScriptAssemblies\Unity.Burst.CodeGen.dll
Symbol file LoadedFromMemory is not a mono symbol file
Symbol file data-0000018C0A4B3030 doesn't match image C:\Users\rui02\unity_project\IVRC\IVRC\Library\ScriptAssemblies\Unity.VSCode.Editor.dll
Symbol file LoadedFromMemory is not a mono symbol file
Symbol file data-0000018C4E852050 doesn't match image C:\Users\rui02\unity_project\IVRC\IVRC\Library\ScriptAssemblies\UniGLTF.Editor.dll
Symbol file LoadedFromMemory is not a mono symbol file
Symbol file data-0000018C046CF020 doesn't match image C:\Users\rui02\unity_project\IVRC\IVRC\Library\ScriptAssemblies\Unity.RenderPipelines.Universal.Editor.dll
Symbol file LoadedFromMemory is not a mono symbol file
Symbol file data-0000018C4CA48070 doesn't match image C:\Users\rui02\unity_project\IVRC\IVRC\Library\ScriptAssemblies\Unity.RenderPipelines.HighDefinition.Editor.dll
Symbol file LoadedFromMemory is not a mono symbol file
Symbol file data-0000018BD7B11020 doesn't match image C:\Users\rui02\unity_project\IVRC\IVRC\Library\ScriptAssemblies\VRM.Samples.Editor.Tests.dll
Symbol file LoadedFromMemory is not a mono symbol file
Symbol file data-0000018C0B9D85A0 doesn't match image C:\Users\rui02\unity_project\IVRC\IVRC\Library\ScriptAssemblies\Unity.RenderPipelines.ShaderGraph.ShaderGraphLibrary.dll
Symbol file LoadedFromMemory is not a mono symbol file
Symbol file data-0000018BD7B11020 doesn't match image C:\Users\rui02\unity_project\IVRC\IVRC\Library\ScriptAssemblies\Unity.EditorCoroutines.Editor.dll
Symbol file LoadedFromMemory is not a mono symbol file
Symbol file data-0000018C0A4B3030 doesn't match image C:\Users\rui02\unity_project\IVRC\IVRC\Library\ScriptAssemblies\FastSpringBone.dll
Symbol file LoadedFromMemory is not a mono symbol file
Symbol file data-0000018BF9CF9040 doesn't match image C:\Users\rui02\unity_project\IVRC\IVRC\Library\ScriptAssemblies\Unity.TerrainTools.Editor.dll
Symbol file LoadedFromMemory is not a mono symbol file
Symbol file data-0000018BD8140010 doesn't match image C:\Users\rui02\unity_project\IVRC\IVRC\Library\ScriptAssemblies\Unity.RenderPipelines.Universal.Runtime.dll
Symbol file LoadedFromMemory is not a mono symbol file
Symbol file data-0000018C059BE020 doesn't match image C:\Users\rui02\unity_project\IVRC\IVRC\Library\ScriptAssemblies\MToon.dll
Symbol file LoadedFromMemory is not a mono symbol file
Symbol file data-0000018C7C8A8020 doesn't match image C:\Users\rui02\unity_project\IVRC\IVRC\Library\ScriptAssemblies\UniHumanoid.dll
Symbol file LoadedFromMemory is not a mono symbol file
Symbol file data-0000018BF9CF9040 doesn't match image C:\Users\rui02\unity_project\IVRC\IVRC\Library\ScriptAssemblies\Unity.Burst.dll
Symbol file LoadedFromMemory is not a mono symbol file
Symbol file data-0000018C4DDE7060 doesn't match image C:\Users\rui02\unity_project\IVRC\IVRC\Library\ScriptAssemblies\UnityEngine.XR.LegacyInputHelpers.dll
Symbol file LoadedFromMemory is not a mono symbol file
Symbol file data-0000018C0C0E3030 doesn't match image C:\Users\rui02\unity_project\IVRC\IVRC\Library\ScriptAssemblies\UniGLTF.Tests.dll
Symbol file LoadedFromMemory is not a mono symbol file
Symbol file data-0000018C08AC2030 doesn't match image C:\Users\rui02\unity_project\IVRC\IVRC\Library\ScriptAssemblies\VRMShaders.GLTF.IO.Runtime.dll
Symbol file LoadedFromMemory is not a mono symbol file
Symbol file data-0000018C05782020 doesn't match image C:\Users\rui02\unity_project\IVRC\IVRC\Library\ScriptAssemblies\Unity.Timeline.Editor.dll
Symbol file LoadedFromMemory is not a mono symbol file
Symbol file data-0000018C059BE020 doesn't match image C:\Users\rui02\unity_project\IVRC\IVRC\Library\ScriptAssemblies\Unity.VisualScripting.Shared.Editor.dll
Symbol file LoadedFromMemory is not a mono symbol file
Symbol file data-0000018C0B9D85A0 doesn't match image C:\Users\rui02\unity_project\IVRC\IVRC\Library\ScriptAssemblies\Unity.TerrainTools.dll
Symbol file LoadedFromMemory is not a mono symbol file
Symbol file data-0000018C0A9EB020 doesn't match image C:\Users\rui02\unity_project\IVRC\IVRC\Library\ScriptAssemblies\Unity.PlasticSCM.Editor.dll
Symbol file LoadedFromMemory is not a mono symbol file
Symbol file data-0000018C523B6F80 doesn't match image C:\Users\rui02\unity_project\IVRC\IVRC\Library\ScriptAssemblies\Unity.CollabProxy.Editor.dll
Symbol file LoadedFromMemory is not a mono symbol file
Symbol file data-0000018C523B6F80 doesn't match image C:\Users\rui02\unity_project\IVRC\IVRC\Library\ScriptAssemblies\UnityEditor.SpatialTracking.dll
Symbol file LoadedFromMemory is not a mono symbol file
Symbol file data-0000018C52774860 doesn't match image C:\Users\rui02\unity_project\IVRC\IVRC\Library\ScriptAssemblies\UniVRM.Editor.dll
Symbol file LoadedFromMemory is not a mono symbol file
Symbol file data-0000018C4FB51070 doesn't match image C:\Users\rui02\unity_project\IVRC\IVRC\Library\ScriptAssemblies\Unity.ShaderGraph.Editor.dll
Symbol file LoadedFromMemory is not a mono symbol file
Symbol file data-0000018C4DF68020 doesn't match image C:\Users\rui02\unity_project\IVRC\IVRC\Library\ScriptAssemblies\Unity.VisualStudio.Editor.dll
Symbol file LoadedFromMemory is not a mono symbol file
Symbol file data-0000018C78664CD0 doesn't match image C:\Users\rui02\unity_project\IVRC\IVRC\Library\ScriptAssemblies\UnityEditor.UI.dll
Symbol file LoadedFromMemory is not a mono symbol file
Symbol file data-0000018C4CE19030 doesn't match image C:\Users\rui02\unity_project\IVRC\IVRC\Library\ScriptAssemblies\Unity.VisualScripting.Core.dll
Symbol file LoadedFromMemory is not a mono symbol file
Symbol file data-0000018C4DF68020 doesn't match image C:\Users\rui02\unity_project\IVRC\IVRC\Library\ScriptAssemblies\SteamVR_Input_Editor.dll
Symbol file LoadedFromMemory is not a mono symbol file
Symbol file data-0000018C4CD54E60 doesn't match image C:\Users\rui02\unity_project\IVRC\IVRC\Library\ScriptAssemblies\Unity.VisualScripting.Core.Editor.dll
Symbol file LoadedFromMemory is not a mono symbol file
Symbol file data-0000018C523B6F80 doesn't match image C:\Users\rui02\unity_project\IVRC\IVRC\Library\ScriptAssemblies\UnityEngine.SpatialTracking.dll
Symbol file LoadedFromMemory is not a mono symbol file
Symbol file data-0000018C50B366C0 doesn't match image C:\Users\rui02\unity_project\IVRC\IVRC\Library\ScriptAssemblies\UnityEngine.UI.dll
Symbol file LoadedFromMemory is not a mono symbol file
Symbol file data-0000018C523B6F80 doesn't match image C:\Users\rui02\unity_project\IVRC\IVRC\Library\ScriptAssemblies\VRMShaders.GLTF.IO.Tests.dll
Symbol file LoadedFromMemory is not a mono symbol file
Symbol file data-0000018C03464010 doesn't match image C:\Users\rui02\unity_project\IVRC\IVRC\Library\ScriptAssemblies\UnityEditor.XR.LegacyInputHelpers.dll
Symbol file LoadedFromMemory is not a mono symbol file
Symbol file data-0000018C0A4B3030 doesn't match image C:\Users\rui02\unity_project\IVRC\IVRC\Library\ScriptAssemblies\SteamVR_Editor.dll
Symbol file LoadedFromMemory is not a mono symbol file
Symbol file data-0000018C085FBEA0 doesn't match image C:\Users\rui02\unity_project\IVRC\IVRC\Library\ScriptAssemblies\Unity.VisualScripting.Flow.Editor.dll
Symbol file LoadedFromMemory is not a mono symbol file
Symbol file data-0000018C08A79020 doesn't match image C:\Users\rui02\unity_project\IVRC\IVRC\Library\ScriptAssemblies\Unity.RenderPipeline.Universal.ShaderLibrary.dll
Symbol file LoadedFromMemory is not a mono symbol file
Symbol file data-0000018BFB68F020 doesn't match image C:\Users\rui02\unity_project\IVRC\IVRC\Library\ScriptAssemblies\Unity.Timeline.dll
Symbol file LoadedFromMemory is not a mono symbol file
Symbol file data-0000018C091C8020 doesn't match image C:\Users\rui02\unity_project\IVRC\IVRC\Library\ScriptAssemblies\Unity.XR.OpenVR.Editor.dll
Symbol file LoadedFromMemory is not a mono symbol file
Symbol file data-0000018C4F2E9090 doesn't match image C:\Users\rui02\unity_project\IVRC\IVRC\Library\ScriptAssemblies\VRMShaders.VRM10.MToon10.Runtime.dll
Symbol file LoadedFromMemory is not a mono symbol file
Symbol file data-0000018C4F00CAD0 doesn't match image C:\Users\rui02\unity_project\IVRC\IVRC\Library\ScriptAssemblies\Unity.VisualScripting.SettingsProvider.Editor.dll
Symbol file LoadedFromMemory is not a mono symbol file
Symbol file data-0000018C52732AA0 doesn't match image C:\Users\rui02\unity_project\IVRC\IVRC\Library\ScriptAssemblies\Unity.TestTools.CodeCoverage.Editor.OpenCover.Model.dll
Symbol file LoadedFromMemory is not a mono symbol file
Symbol file data-0000018C0BAA5040 doesn't match image C:\Users\rui02\unity_project\IVRC\IVRC\Library\ScriptAssemblies\VRMShaders.GLTF.IO.Editor.dll
Symbol file LoadedFromMemory is not a mono symbol file
Symbol file data-0000018C4F8A18C0 doesn't match image C:\Users\rui02\unity_project\IVRC\IVRC\Library\ScriptAssemblies\UnityEngine.TestRunner.dll
Symbol file LoadedFromMemory is not a mono symbol file
Symbol file data-0000018C4DF68020 doesn't match image C:\Users\rui02\unity_project\IVRC\IVRC\Library\ScriptAssemblies\Unity.VisualScripting.State.Editor.dll
Symbol file LoadedFromMemory is not a mono symbol file
Symbol file data-0000018C4E8C4020 doesn't match image C:\Users\rui02\unity_project\IVRC\IVRC\Library\ScriptAssemblies\Unity.Mathematics.dll
Symbol file LoadedFromMemory is not a mono symbol file
Symbol file data-0000018C0B9D85A0 doesn't match image C:\Users\rui02\unity_project\IVRC\IVRC\Library\ScriptAssemblies\Unity.RenderPipelines.Universal.Shaders.dll
Symbol file LoadedFromMemory is not a mono symbol file
Symbol file data-0000018C0847FEA0 doesn't match image C:\Users\rui02\unity_project\IVRC\IVRC\Library\ScriptAssemblies\Unity.TextMeshPro.Editor.dll
Symbol file LoadedFromMemory is not a mono symbol file
Symbol file data-0000018C08AC2030 doesn't match image C:\Users\rui02\unity_project\IVRC\IVRC\Library\ScriptAssemblies\Unity.Searcher.Editor.dll
Symbol file LoadedFromMemory is not a mono symbol file
Symbol file data-0000018C0B2DEA00 doesn't match image C:\Users\rui02\unity_project\IVRC\IVRC\Library\ScriptAssemblies\Unity.VisualScripting.State.dll
Symbol file LoadedFromMemory is not a mono symbol file
Symbol file data-0000018C0BAA5040 doesn't match image C:\Users\rui02\unity_project\IVRC\IVRC\Library\ScriptAssemblies\Unity.ShaderGraph.Utilities.dll
Symbol file LoadedFromMemory is not a mono symbol file
Symbol file data-0000018C55902F90 doesn't match image C:\Users\rui02\unity_project\IVRC\IVRC\Library\ScriptAssemblies\Unity.RenderPipelines.HighDefinition.Runtime.dll
Symbol file LoadedFromMemory is not a mono symbol file
Symbol file data-0000018C52732AA0 doesn't match image C:\Users\rui02\unity_project\IVRC\IVRC\Library\ScriptAssemblies\VRM.Tests.dll
Symbol file LoadedFromMemory is not a mono symbol file
- Loaded All Assemblies, in  0.609 seconds
Refreshing native plugins compatible for Editor in 4.69 ms, found 6 plugins.
Native extension for WindowsStandalone target not found
Native extension for WebGL target not found
[Package Manager] Server::EnsureServerProcessIsRunning -- launch failed, reason: Unity was launched with the -noUpm command-line argument
[Package Manager] UpmClient::Send -- Unable to send message (not connected to UPM process).
[Package Manager] Cannot connect to Unity Package Manager local server
[Package Manager] Server::EnsureServerProcessIsRunning -- launch failed, reason: Unity was launched with the -noUpm command-line argument
[Package Manager] UpmClient::Send -- Unable to send message (not connected to UPM process).
[Package Manager] Cannot connect to Unity Package Manager local server
Mono: successfully reloaded assembly
[Package Manager] Server::EnsureServerProcessIsRunning -- launch failed, reason: Unity was launched with the -noUpm command-line argument
[Package Manager] UpmClient::Send -- Unable to send message (not connected to UPM process).
[Package Manager] Cannot connect to Unity Package Manager local server
- Finished resetting the current domain, in  2.265 seconds
Domain Reload Profiling: 2870ms
	BeginReloadAssembly (159ms)
		ExecutionOrderSort (0ms)
		DisableScriptedObjects (5ms)
		BackupInstance (0ms)
		ReleaseScriptingObjects (0ms)
		CreateAndSetChildDomain (49ms)
	RebuildCommonClasses (31ms)
	RebuildNativeTypeToScriptingClass (10ms)
	initialDomainReloadingComplete (25ms)
	LoadAllAssembliesAndSetupDomain (380ms)
		LoadAssemblies (386ms)
		RebuildTransferFunctionScriptingTraits (0ms)
		AnalyzeDomain (64ms)
			TypeCache.Refresh (13ms)
				TypeCache.ScanAssembly (1ms)
			ScanForSourceGeneratedMonoScriptInfo (34ms)
			ResolveRequiredComponents (16ms)
	FinalizeReload (2265ms)
		ReleaseScriptCaches (0ms)
		RebuildScriptCaches (0ms)
		SetupLoadedEditorAssemblies (473ms)
			LogAssemblyErrors (0ms)
			InitializePlatformSupportModulesInManaged (5ms)
			SetLoadedEditorAssemblies (4ms)
			RefreshPlugins (0ms)
			BeforeProcessingInitializeOnLoad (78ms)
			ProcessInitializeOnLoadAttributes (361ms)
			ProcessInitializeOnLoadMethodAttributes (21ms)
			AfterProcessingInitializeOnLoad (4ms)
			EditorAssembliesLoaded (0ms)
		ExecutionOrderSort2 (0ms)
		AwakeInstancesAfterBackupRestoration (4ms)
Refreshing native plugins compatible for Editor in 3.80 ms, found 6 plugins.
Preloading 0 native plugins for Editor in 0.00 ms.
Unloading 7878 Unused Serialized files (Serialized files now loaded: 0)
Unloading 211 unused Assets / (15.4 MB). Loaded Objects now: 8766.
Memory consumption went from 307.4 MB to 292.0 MB.
Total: 6.265500 ms (FindLiveObjects: 0.459500 ms CreateObjectMapping: 0.364500 ms MarkObjects: 2.955000 ms  DeleteObjects: 2.486100 ms)

Prepare: number of updated asset objects reloaded= 0
AssetImportParameters requested are different than current active one (requested -> active):
  custom:container-demuxer-ogg: 62fdf1f143b41e24485cea50d1cbac27 -> 
  custom:framework-win-MediaFoundation: 216162199b28c13a410421893ffa2e32 -> 
  custom:container-muxer-webm: aa71ff27fc2769a1b78a27578f13a17b -> 
  custom:video-decoder-webm-vp8: 9c59270c3fd7afecdb556c50c9e8de78 -> 
  custom:SearchIndexIgnoredProperties: e643bd26f0fe6173181afceb89e7c659 -> 
  custom:AudioImporter_EditorPlatform: d09bf68614088b80899f8185d706f6e7 -> 
  custom:audio-decoder-ogg-vorbis: bf7c407c2cedff20999df2af8eb42d56 -> 
  custom:audio-encoder-webm-vorbis: bf7c407c2cedff20999df2af8eb42d56 -> 
  custom:video-codec-MediaFoundation-h265: 746d11721c4dcdbdad8f713fa42b33f4 -> 
  custom:video-decoder-ogg-theora: a1e56fd34408186e4bbccfd4996cb3dc -> 
  custom:CustomObjectIndexerAttribute: a3ef5dd2817f97addfee359851a9dba5 -> 
  custom:container-demuxer-webm: 4f35f7cbe854078d1ac9338744f61a02 -> 
  custom:video-encoder-webm-vp8: eb34c28f22e8b96e1ab97ce403110664 -> 
========================================================================
Received Prepare
Begin MonoManager ReloadAssembly
Symbol file data-0000018C4DDE7060 doesn't match image C:\Users\rui02\unity_project\IVRC\IVRC\Library\ScriptAssemblies\UniHumanoid.Editor.dll
Symbol file LoadedFromMemory is not a mono symbol file
Symbol file data-0000018C087F2F90 doesn't match image C:\Users\rui02\unity_project\IVRC\IVRC\Library\ScriptAssemblies\Unity.XR.Management.dll
Symbol file LoadedFromMemory is not a mono symbol file
Symbol file data-0000018BD7B11020 doesn't match image C:\Users\rui02\unity_project\IVRC\IVRC\Library\ScriptAssemblies\UniHumanoid.Editor.Tests.dll
Symbol file LoadedFromMemory is not a mono symbol file
Symbol file data-0000018C52774860 doesn't match image C:\Users\rui02\unity_project\IVRC\IVRC\Library\ScriptAssemblies\Unity.VisualEffectGraph.Runtime.dll
Symbol file LoadedFromMemory is not a mono symbol file
Symbol file data-0000018C55F3D040 doesn't match image C:\Users\rui02\unity_project\IVRC\IVRC\Library\ScriptAssemblies\Unity.RenderPipelines.Core.Runtime.dll
Symbol file LoadedFromMemory is not a mono symbol file
Symbol file data-0000018C0AF07010 doesn't match image C:\Users\rui02\unity_project\IVRC\IVRC\Library\ScriptAssemblies\Unity.Burst.Editor.dll
Symbol file LoadedFromMemory is not a mono symbol file
Symbol file data-0000018C06B6A4A0 doesn't match image C:\Users\rui02\unity_project\IVRC\IVRC\Library\ScriptAssemblies\SteamVR.dll
Symbol file LoadedFromMemory is not a mono symbol file
Symbol file data-0000018BD7B11020 doesn't match image C:\Users\rui02\unity_project\IVRC\IVRC\Library\ScriptAssemblies\VRMShaders.GLTF.UniUnlit.Runtime.dll
Symbol file LoadedFromMemory is not a mono symbol file
Symbol file data-0000018BD7B11020 doesn't match image C:\Users\rui02\unity_project\IVRC\IVRC\Library\ScriptAssemblies\SteamVR_Windows_EditorHelper.dll
Symbol file LoadedFromMemory is not a mono symbol file
Symbol file data-0000018C094C7360 doesn't match image C:\Users\rui02\unity_project\IVRC\IVRC\Library\ScriptAssemblies\UniGLTF.dll
Symbol file LoadedFromMemory is not a mono symbol file
Symbol file data-0000018C06FE0180 doesn't match image C:\Users\rui02\unity_project\IVRC\IVRC\Library\ScriptAssemblies\Unity.Rider.Editor.dll
Symbol file LoadedFromMemory is not a mono symbol file
Symbol file data-0000018C4F8BA030 doesn't match image C:\Users\rui02\unity_project\IVRC\IVRC\Library\ScriptAssemblies\VRMShaders.VRM10.MToon10.Tests.dll
Symbol file LoadedFromMemory is not a mono symbol file
Symbol file data-0000018BF9D99010 doesn't match image C:\Users\rui02\unity_project\IVRC\IVRC\Library\ScriptAssemblies\Unity.RenderPipelines.Core.Editor.dll
Symbol file LoadedFromMemory is not a mono symbol file
Symbol file data-0000018C03074020 doesn't match image C:\Users\rui02\unity_project\IVRC\IVRC\Library\ScriptAssemblies\Unity.VisualEffectGraph.Editor.dll
Symbol file LoadedFromMemory is not a mono symbol file
Symbol file data-0000018C09DAB010 doesn't match image C:\Users\rui02\unity_project\IVRC\IVRC\Library\ScriptAssemblies\UnityEditor.TestRunner.dll
Symbol file LoadedFromMemory is not a mono symbol file
Symbol file data-0000018C5040F6C0 doesn't match image C:\Users\rui02\unity_project\IVRC\IVRC\Library\ScriptAssemblies\Unity.VisualScripting.Flow.dll
Symbol file LoadedFromMemory is not a mono symbol file
Symbol file data-0000018C087F2F90 doesn't match image C:\Users\rui02\unity_project\IVRC\IVRC\Library\ScriptAssemblies\Unity.Mathematics.Editor.dll
Symbol file LoadedFromMemory is not a mono symbol file
Symbol file data-0000018C087F2F90 doesn't match image C:\Users\rui02\unity_project\IVRC\IVRC\Library\ScriptAssemblies\Unity.TestTools.CodeCoverage.Editor.OpenCover.Mono.Reflection.dll
Symbol file LoadedFromMemory is not a mono symbol file
Symbol file data-0000018BD7B11020 doesn't match image C:\Users\rui02\unity_project\IVRC\IVRC\Library\ScriptAssemblies\VRMShaders.VRM10.MToon10.Editor.dll
Symbol file LoadedFromMemory is not a mono symbol file
Symbol file data-0000018BD7B11020 doesn't match image C:\Users\rui02\unity_project\IVRC\IVRC\Library\ScriptAssemblies\UniGLTF.Utils.dll
Symbol file LoadedFromMemory is not a mono symbol file
Symbol file data-0000018BD7B11020 doesn't match image C:\Users\rui02\unity_project\IVRC\IVRC\Library\ScriptAssemblies\Unity.RenderPipelines.HighDefinition.Config.Runtime.dll
Symbol file LoadedFromMemory is not a mono symbol file
Symbol file data-0000018C5132A430 doesn't match image C:\Users\rui02\unity_project\IVRC\IVRC\Library\ScriptAssemblies\MToon.Editor.dll
Symbol file LoadedFromMemory is not a mono symbol file
Symbol file data-0000018C08751510 doesn't match image C:\Users\rui02\unity_project\IVRC\IVRC\Library\ScriptAssemblies\Unity.Performance.Profile-Analyzer.Editor.dll
Symbol file LoadedFromMemory is not a mono symbol file
Symbol file data-0000018C4F8BA030 doesn't match image C:\Users\rui02\unity_project\IVRC\IVRC\Library\ScriptAssemblies\Unity.RenderPipelines.Core.ShaderLibrary.dll
Symbol file LoadedFromMemory is not a mono symbol file
Symbol file data-0000018BD7FDE010 doesn't match image C:\Users\rui02\unity_project\IVRC\IVRC\Library\ScriptAssemblies\Unity.XR.Management.Editor.dll
Symbol file LoadedFromMemory is not a mono symbol file
Symbol file data-0000018BD7B11020 doesn't match image C:\Users\rui02\unity_project\IVRC\IVRC\Library\ScriptAssemblies\VRMShaders.VRM.IO.Runtime.dll
Symbol file LoadedFromMemory is not a mono symbol file
Symbol file data-0000018C55428020 doesn't match image C:\Users\rui02\unity_project\IVRC\IVRC\Library\ScriptAssemblies\Unity.TestTools.CodeCoverage.Editor.dll
Symbol file LoadedFromMemory is not a mono symbol file
Symbol file data-0000018C4F3A3450 doesn't match image C:\Users\rui02\unity_project\IVRC\IVRC\Library\ScriptAssemblies\VRM.dll
Symbol file LoadedFromMemory is not a mono symbol file
Symbol file data-0000018BD7B11020 doesn't match image C:\Users\rui02\unity_project\IVRC\IVRC\Library\ScriptAssemblies\VRMShaders.GLTF.UniUnlit.Editor.dll
Symbol file LoadedFromMemory is not a mono symbol file
Symbol file data-0000018BD7B11020 doesn't match image C:\Users\rui02\unity_project\IVRC\IVRC\Library\ScriptAssemblies\PPv2URPConverters.dll
Symbol file LoadedFromMemory is not a mono symbol file
Symbol file data-0000018C0AFCA290 doesn't match image C:\Users\rui02\unity_project\IVRC\IVRC\Library\ScriptAssemblies\Unity.XR.OpenVR.dll
Symbol file LoadedFromMemory is not a mono symbol file
Symbol file data-0000018C0B0A90A0 doesn't match image C:\Users\rui02\unity_project\IVRC\IVRC\Library\ScriptAssemblies\Unity.Settings.Editor.dll
Symbol file LoadedFromMemory is not a mono symbol file
Symbol file data-0000018C09452010 doesn't match image C:\Users\rui02\unity_project\IVRC\IVRC\Library\ScriptAssemblies\Unity.TextMeshPro.dll
Symbol file LoadedFromMemory is not a mono symbol file
Symbol file data-0000018C4F8BA030 doesn't match image C:\Users\rui02\unity_project\IVRC\IVRC\Library\ScriptAssemblies\VRMShaders.VRM10.Format.Runtime.dll
Symbol file LoadedFromMemory is not a mono symbol file
Symbol file data-0000018C06F1A6F0 doesn't match image C:\Users\rui02\unity_project\IVRC\IVRC\Library\ScriptAssemblies\Unity.Burst.CodeGen.dll
Symbol file LoadedFromMemory is not a mono symbol file
Symbol file data-0000018C0A4B3030 doesn't match image C:\Users\rui02\unity_project\IVRC\IVRC\Library\ScriptAssemblies\Unity.VSCode.Editor.dll
Symbol file LoadedFromMemory is not a mono symbol file
Symbol file data-0000018C4E852050 doesn't match image C:\Users\rui02\unity_project\IVRC\IVRC\Library\ScriptAssemblies\UniGLTF.Editor.dll
Symbol file LoadedFromMemory is not a mono symbol file
Symbol file data-0000018C046CF020 doesn't match image C:\Users\rui02\unity_project\IVRC\IVRC\Library\ScriptAssemblies\Unity.RenderPipelines.Universal.Editor.dll
Symbol file LoadedFromMemory is not a mono symbol file
Symbol file data-0000018C0A210E90 doesn't match image C:\Users\rui02\unity_project\IVRC\IVRC\Library\ScriptAssemblies\Unity.RenderPipelines.HighDefinition.Editor.dll
Symbol file LoadedFromMemory is not a mono symbol file
Symbol file data-0000018BD7B11020 doesn't match image C:\Users\rui02\unity_project\IVRC\IVRC\Library\ScriptAssemblies\VRM.Samples.Editor.Tests.dll
Symbol file LoadedFromMemory is not a mono symbol file
Symbol file data-0000018C4F8BA030 doesn't match image C:\Users\rui02\unity_project\IVRC\IVRC\Library\ScriptAssemblies\Unity.RenderPipelines.ShaderGraph.ShaderGraphLibrary.dll
Symbol file LoadedFromMemory is not a mono symbol file
Symbol file data-0000018BD7B11020 doesn't match image C:\Users\rui02\unity_project\IVRC\IVRC\Library\ScriptAssemblies\Unity.EditorCoroutines.Editor.dll
Symbol file LoadedFromMemory is not a mono symbol file
Symbol file data-0000018C0A4B3030 doesn't match image C:\Users\rui02\unity_project\IVRC\IVRC\Library\ScriptAssemblies\FastSpringBone.dll
Symbol file LoadedFromMemory is not a mono symbol file
Symbol file data-0000018BF9CF9040 doesn't match image C:\Users\rui02\unity_project\IVRC\IVRC\Library\ScriptAssemblies\Unity.TerrainTools.Editor.dll
Symbol file LoadedFromMemory is not a mono symbol file
Symbol file data-0000018BD8140010 doesn't match image C:\Users\rui02\unity_project\IVRC\IVRC\Library\ScriptAssemblies\Unity.RenderPipelines.Universal.Runtime.dll
Symbol file LoadedFromMemory is not a mono symbol file
Symbol file data-0000018C059BE020 doesn't match image C:\Users\rui02\unity_project\IVRC\IVRC\Library\ScriptAssemblies\MToon.dll
Symbol file LoadedFromMemory is not a mono symbol file
Symbol file data-0000018C7C8A8020 doesn't match image C:\Users\rui02\unity_project\IVRC\IVRC\Library\ScriptAssemblies\UniHumanoid.dll
Symbol file LoadedFromMemory is not a mono symbol file
Symbol file data-0000018BF9CF9040 doesn't match image C:\Users\rui02\unity_project\IVRC\IVRC\Library\ScriptAssemblies\Unity.Burst.dll
Symbol file LoadedFromMemory is not a mono symbol file
Symbol file data-0000018C4DDE7060 doesn't match image C:\Users\rui02\unity_project\IVRC\IVRC\Library\ScriptAssemblies\UnityEngine.XR.LegacyInputHelpers.dll
Symbol file LoadedFromMemory is not a mono symbol file
Symbol file data-0000018C0C0E3030 doesn't match image C:\Users\rui02\unity_project\IVRC\IVRC\Library\ScriptAssemblies\UniGLTF.Tests.dll
Symbol file LoadedFromMemory is not a mono symbol file
Symbol file data-0000018C08AC2030 doesn't match image C:\Users\rui02\unity_project\IVRC\IVRC\Library\ScriptAssemblies\VRMShaders.GLTF.IO.Runtime.dll
Symbol file LoadedFromMemory is not a mono symbol file
Symbol file data-0000018C05782020 doesn't match image C:\Users\rui02\unity_project\IVRC\IVRC\Library\ScriptAssemblies\Unity.Timeline.Editor.dll
Symbol file LoadedFromMemory is not a mono symbol file
Symbol file data-0000018C059BE020 doesn't match image C:\Users\rui02\unity_project\IVRC\IVRC\Library\ScriptAssemblies\Unity.VisualScripting.Shared.Editor.dll
Symbol file LoadedFromMemory is not a mono symbol file
Symbol file data-0000018C4F8BA030 doesn't match image C:\Users\rui02\unity_project\IVRC\IVRC\Library\ScriptAssemblies\Unity.TerrainTools.dll
Symbol file LoadedFromMemory is not a mono symbol file
Symbol file data-0000018C0A9EB020 doesn't match image C:\Users\rui02\unity_project\IVRC\IVRC\Library\ScriptAssemblies\Unity.PlasticSCM.Editor.dll
Symbol file LoadedFromMemory is not a mono symbol file
Symbol file data-0000018C5132A430 doesn't match image C:\Users\rui02\unity_project\IVRC\IVRC\Library\ScriptAssemblies\Unity.CollabProxy.Editor.dll
Symbol file LoadedFromMemory is not a mono symbol file
Symbol file data-0000018C5132A430 doesn't match image C:\Users\rui02\unity_project\IVRC\IVRC\Library\ScriptAssemblies\UnityEditor.SpatialTracking.dll
Symbol file LoadedFromMemory is not a mono symbol file
Symbol file data-0000018C52774860 doesn't match image C:\Users\rui02\unity_project\IVRC\IVRC\Library\ScriptAssemblies\UniVRM.Editor.dll
Symbol file LoadedFromMemory is not a mono symbol file
Symbol file data-0000018C4FB51070 doesn't match image C:\Users\rui02\unity_project\IVRC\IVRC\Library\ScriptAssemblies\Unity.ShaderGraph.Editor.dll
Symbol file LoadedFromMemory is not a mono symbol file
Symbol file data-0000018C4DF68020 doesn't match image C:\Users\rui02\unity_project\IVRC\IVRC\Library\ScriptAssemblies\Unity.VisualStudio.Editor.dll
Symbol file LoadedFromMemory is not a mono symbol file
Symbol file data-0000018C78664CD0 doesn't match image C:\Users\rui02\unity_project\IVRC\IVRC\Library\ScriptAssemblies\UnityEditor.UI.dll
Symbol file LoadedFromMemory is not a mono symbol file
Symbol file data-0000018C4CE19030 doesn't match image C:\Users\rui02\unity_project\IVRC\IVRC\Library\ScriptAssemblies\Unity.VisualScripting.Core.dll
Symbol file LoadedFromMemory is not a mono symbol file
Symbol file data-0000018C4DF68020 doesn't match image C:\Users\rui02\unity_project\IVRC\IVRC\Library\ScriptAssemblies\SteamVR_Input_Editor.dll
Symbol file LoadedFromMemory is not a mono symbol file
Symbol file data-0000018C0A210E90 doesn't match image C:\Users\rui02\unity_project\IVRC\IVRC\Library\ScriptAssemblies\Unity.VisualScripting.Core.Editor.dll
Symbol file LoadedFromMemory is not a mono symbol file
Symbol file data-0000018C5132A430 doesn't match image C:\Users\rui02\unity_project\IVRC\IVRC\Library\ScriptAssemblies\UnityEngine.SpatialTracking.dll
Symbol file LoadedFromMemory is not a mono symbol file
Symbol file data-0000018C50B366C0 doesn't match image C:\Users\rui02\unity_project\IVRC\IVRC\Library\ScriptAssemblies\UnityEngine.UI.dll
Symbol file LoadedFromMemory is not a mono symbol file
Symbol file data-0000018C5132A430 doesn't match image C:\Users\rui02\unity_project\IVRC\IVRC\Library\ScriptAssemblies\VRMShaders.GLTF.IO.Tests.dll
Symbol file LoadedFromMemory is not a mono symbol file
Symbol file data-0000018C087F2F90 doesn't match image C:\Users\rui02\unity_project\IVRC\IVRC\Library\ScriptAssemblies\UnityEditor.XR.LegacyInputHelpers.dll
Symbol file LoadedFromMemory is not a mono symbol file
Symbol file data-0000018C52732AA0 doesn't match image C:\Users\rui02\unity_project\IVRC\IVRC\Library\ScriptAssemblies\SteamVR_Editor.dll
Symbol file LoadedFromMemory is not a mono symbol file
Symbol file data-0000018C4F4AA0D0 doesn't match image C:\Users\rui02\unity_project\IVRC\IVRC\Library\ScriptAssemblies\Unity.VisualScripting.Flow.Editor.dll
Symbol file LoadedFromMemory is not a mono symbol file
Symbol file data-0000018C5132A430 doesn't match image C:\Users\rui02\unity_project\IVRC\IVRC\Library\ScriptAssemblies\Unity.RenderPipeline.Universal.ShaderLibrary.dll
Symbol file LoadedFromMemory is not a mono symbol file
Symbol file data-0000018BFB68F020 doesn't match image C:\Users\rui02\unity_project\IVRC\IVRC\Library\ScriptAssemblies\Unity.Timeline.dll
Symbol file LoadedFromMemory is not a mono symbol file
Symbol file data-0000018C087F2F90 doesn't match image C:\Users\rui02\unity_project\IVRC\IVRC\Library\ScriptAssemblies\Unity.XR.OpenVR.Editor.dll
Symbol file LoadedFromMemory is not a mono symbol file
Symbol file data-0000018BD7D1B010 doesn't match image C:\Users\rui02\unity_project\IVRC\IVRC\Library\ScriptAssemblies\VRMShaders.VRM10.MToon10.Runtime.dll
Symbol file LoadedFromMemory is not a mono symbol file
Symbol file data-0000018C087F2F90 doesn't match image C:\Users\rui02\unity_project\IVRC\IVRC\Library\ScriptAssemblies\Unity.VisualScripting.SettingsProvider.Editor.dll
Symbol file LoadedFromMemory is not a mono symbol file
Symbol file data-0000018C52732AA0 doesn't match image C:\Users\rui02\unity_project\IVRC\IVRC\Library\ScriptAssemblies\Unity.TestTools.CodeCoverage.Editor.OpenCover.Model.dll
Symbol file LoadedFromMemory is not a mono symbol file
Symbol file data-0000018C0BAA5040 doesn't match image C:\Users\rui02\unity_project\IVRC\IVRC\Library\ScriptAssemblies\VRMShaders.GLTF.IO.Editor.dll
Symbol file LoadedFromMemory is not a mono symbol file
Symbol file data-0000018C4F8A18C0 doesn't match image C:\Users\rui02\unity_project\IVRC\IVRC\Library\ScriptAssemblies\UnityEngine.TestRunner.dll
Symbol file LoadedFromMemory is not a mono symbol file
Symbol file data-0000018C4DF68020 doesn't match image C:\Users\rui02\unity_project\IVRC\IVRC\Library\ScriptAssemblies\Unity.VisualScripting.State.Editor.dll
Symbol file LoadedFromMemory is not a mono symbol file
Symbol file data-0000018C77CAA930 doesn't match image C:\Users\rui02\unity_project\IVRC\IVRC\Library\ScriptAssemblies\Unity.Mathematics.dll
Symbol file LoadedFromMemory is not a mono symbol file
Symbol file data-0000018C4F8BA030 doesn't match image C:\Users\rui02\unity_project\IVRC\IVRC\Library\ScriptAssemblies\Unity.RenderPipelines.Universal.Shaders.dll
Symbol file LoadedFromMemory is not a mono symbol file
Symbol file data-0000018C0847FEA0 doesn't match image C:\Users\rui02\unity_project\IVRC\IVRC\Library\ScriptAssemblies\Unity.TextMeshPro.Editor.dll
Symbol file LoadedFromMemory is not a mono symbol file
Symbol file data-0000018C08AC2030 doesn't match image C:\Users\rui02\unity_project\IVRC\IVRC\Library\ScriptAssemblies\Unity.Searcher.Editor.dll
Symbol file LoadedFromMemory is not a mono symbol file
Symbol file data-0000018C4ED0CE90 doesn't match image C:\Users\rui02\unity_project\IVRC\IVRC\Library\ScriptAssemblies\Unity.VisualScripting.State.dll
Symbol file LoadedFromMemory is not a mono symbol file
Symbol file data-0000018C0BAA5040 doesn't match image C:\Users\rui02\unity_project\IVRC\IVRC\Library\ScriptAssemblies\Unity.ShaderGraph.Utilities.dll
Symbol file LoadedFromMemory is not a mono symbol file
Symbol file data-0000018C0AF1E2D0 doesn't match image C:\Users\rui02\unity_project\IVRC\IVRC\Library\ScriptAssemblies\Unity.RenderPipelines.HighDefinition.Runtime.dll
Symbol file LoadedFromMemory is not a mono symbol file
Symbol file data-0000018C52732AA0 doesn't match image C:\Users\rui02\unity_project\IVRC\IVRC\Library\ScriptAssemblies\VRM.Tests.dll
Symbol file LoadedFromMemory is not a mono symbol file
- Loaded All Assemblies, in  0.504 seconds
Refreshing native plugins compatible for Editor in 4.06 ms, found 6 plugins.
Native extension for WindowsStandalone target not found
Native extension for WebGL target not found
[Package Manager] Server::EnsureServerProcessIsRunning -- launch failed, reason: Unity was launched with the -noUpm command-line argument
[Package Manager] UpmClient::Send -- Unable to send message (not connected to UPM process).
[Package Manager] Cannot connect to Unity Package Manager local server
[Package Manager] Server::EnsureServerProcessIsRunning -- launch failed, reason: Unity was launched with the -noUpm command-line argument
[Package Manager] UpmClient::Send -- Unable to send message (not connected to UPM process).
[Package Manager] Cannot connect to Unity Package Manager local server
Mono: successfully reloaded assembly
[Package Manager] Server::EnsureServerProcessIsRunning -- launch failed, reason: Unity was launched with the -noUpm command-line argument
[Package Manager] UpmClient::Send -- Unable to send message (not connected to UPM process).
[Package Manager] Cannot connect to Unity Package Manager local server
- Finished resetting the current domain, in  2.370 seconds
Domain Reload Profiling: 2871ms
	BeginReloadAssembly (127ms)
		ExecutionOrderSort (0ms)
		DisableScriptedObjects (3ms)
		BackupInstance (0ms)
		ReleaseScriptingObjects (0ms)
		CreateAndSetChildDomain (33ms)
	RebuildCommonClasses (27ms)
	RebuildNativeTypeToScriptingClass (9ms)
	initialDomainReloadingComplete (26ms)
	LoadAllAssembliesAndSetupDomain (313ms)
		LoadAssemblies (316ms)
		RebuildTransferFunctionScriptingTraits (0ms)
		AnalyzeDomain (59ms)
			TypeCache.Refresh (12ms)
				TypeCache.ScanAssembly (1ms)
			ScanForSourceGeneratedMonoScriptInfo (33ms)
			ResolveRequiredComponents (14ms)
	FinalizeReload (2370ms)
		ReleaseScriptCaches (0ms)
		RebuildScriptCaches (0ms)
		SetupLoadedEditorAssemblies (502ms)
			LogAssemblyErrors (0ms)
			InitializePlatformSupportModulesInManaged (7ms)
			SetLoadedEditorAssemblies (5ms)
			RefreshPlugins (0ms)
			BeforeProcessingInitializeOnLoad (84ms)
			ProcessInitializeOnLoadAttributes (381ms)
			ProcessInitializeOnLoadMethodAttributes (22ms)
			AfterProcessingInitializeOnLoad (4ms)
			EditorAssembliesLoaded (0ms)
		ExecutionOrderSort2 (0ms)
		AwakeInstancesAfterBackupRestoration (5ms)
Refreshing native plugins compatible for Editor in 3.91 ms, found 6 plugins.
Preloading 0 native plugins for Editor in 0.00 ms.
Unloading 7878 Unused Serialized files (Serialized files now loaded: 0)
Unloading 211 unused Assets / (15.4 MB). Loaded Objects now: 8782.
Memory consumption went from 307.3 MB to 291.8 MB.
Total: 5.702900 ms (FindLiveObjects: 0.489500 ms CreateObjectMapping: 0.319300 ms MarkObjects: 2.446900 ms  DeleteObjects: 2.446700 ms)

Prepare: number of updated asset objects reloaded= 0
AssetImportParameters requested are different than current active one (requested -> active):
  custom:container-demuxer-ogg: 62fdf1f143b41e24485cea50d1cbac27 -> 
  custom:framework-win-MediaFoundation: 216162199b28c13a410421893ffa2e32 -> 
  custom:container-muxer-webm: aa71ff27fc2769a1b78a27578f13a17b -> 
  custom:video-decoder-webm-vp8: 9c59270c3fd7afecdb556c50c9e8de78 -> 
  custom:SearchIndexIgnoredProperties: e643bd26f0fe6173181afceb89e7c659 -> 
  custom:AudioImporter_EditorPlatform: d09bf68614088b80899f8185d706f6e7 -> 
  custom:audio-decoder-ogg-vorbis: bf7c407c2cedff20999df2af8eb42d56 -> 
  custom:audio-encoder-webm-vorbis: bf7c407c2cedff20999df2af8eb42d56 -> 
  custom:video-codec-MediaFoundation-h265: 746d11721c4dcdbdad8f713fa42b33f4 -> 
  custom:video-decoder-ogg-theora: a1e56fd34408186e4bbccfd4996cb3dc -> 
  custom:CustomObjectIndexerAttribute: a3ef5dd2817f97addfee359851a9dba5 -> 
  custom:container-demuxer-webm: 4f35f7cbe854078d1ac9338744f61a02 -> 
  custom:video-encoder-webm-vp8: eb34c28f22e8b96e1ab97ce403110664 -> 
========================================================================
Received Prepare
Begin MonoManager ReloadAssembly
Symbol file data-0000018C523B5ED0 doesn't match image C:\Users\rui02\unity_project\IVRC\IVRC\Library\ScriptAssemblies\UniHumanoid.Editor.dll
Symbol file LoadedFromMemory is not a mono symbol file
Symbol file data-0000018C5132A430 doesn't match image C:\Users\rui02\unity_project\IVRC\IVRC\Library\ScriptAssemblies\Unity.XR.Management.dll
Symbol file LoadedFromMemory is not a mono symbol file
Symbol file data-0000018BD7B11020 doesn't match image C:\Users\rui02\unity_project\IVRC\IVRC\Library\ScriptAssemblies\UniHumanoid.Editor.Tests.dll
Symbol file LoadedFromMemory is not a mono symbol file
Symbol file data-0000018C4F774030 doesn't match image C:\Users\rui02\unity_project\IVRC\IVRC\Library\ScriptAssemblies\Unity.VisualEffectGraph.Runtime.dll
Symbol file LoadedFromMemory is not a mono symbol file
Symbol file data-0000018C51672010 doesn't match image C:\Users\rui02\unity_project\IVRC\IVRC\Library\ScriptAssemblies\Unity.RenderPipelines.Core.Runtime.dll
Symbol file LoadedFromMemory is not a mono symbol file
Symbol file data-0000018C4E243810 doesn't match image C:\Users\rui02\unity_project\IVRC\IVRC\Library\ScriptAssemblies\Unity.Burst.Editor.dll
Symbol file LoadedFromMemory is not a mono symbol file
Symbol file data-0000018C4CDAEF50 doesn't match image C:\Users\rui02\unity_project\IVRC\IVRC\Library\ScriptAssemblies\SteamVR.dll
Symbol file LoadedFromMemory is not a mono symbol file
Symbol file data-0000018C54FEF050 doesn't match image C:\Users\rui02\unity_project\IVRC\IVRC\Library\ScriptAssemblies\VRMShaders.GLTF.UniUnlit.Runtime.dll
Symbol file LoadedFromMemory is not a mono symbol file
Symbol file data-0000018BD7B11020 doesn't match image C:\Users\rui02\unity_project\IVRC\IVRC\Library\ScriptAssemblies\SteamVR_Windows_EditorHelper.dll
Symbol file LoadedFromMemory is not a mono symbol file
Symbol file data-0000018C094C7360 doesn't match image C:\Users\rui02\unity_project\IVRC\IVRC\Library\ScriptAssemblies\UniGLTF.dll
Symbol file LoadedFromMemory is not a mono symbol file
Symbol file data-0000018C778AC030 doesn't match image C:\Users\rui02\unity_project\IVRC\IVRC\Library\ScriptAssemblies\Unity.Rider.Editor.dll
Symbol file LoadedFromMemory is not a mono symbol file
Symbol file data-0000018C54B67020 doesn't match image C:\Users\rui02\unity_project\IVRC\IVRC\Library\ScriptAssemblies\VRMShaders.VRM10.MToon10.Tests.dll
Symbol file LoadedFromMemory is not a mono symbol file
Symbol file data-0000018BF9D99010 doesn't match image C:\Users\rui02\unity_project\IVRC\IVRC\Library\ScriptAssemblies\Unity.RenderPipelines.Core.Editor.dll
Symbol file LoadedFromMemory is not a mono symbol file
Symbol file data-0000018C09B1FCC0 doesn't match image C:\Users\rui02\unity_project\IVRC\IVRC\Library\ScriptAssemblies\Unity.VisualEffectGraph.Editor.dll
Symbol file LoadedFromMemory is not a mono symbol file
Symbol file data-0000018C05AFF030 doesn't match image C:\Users\rui02\unity_project\IVRC\IVRC\Library\ScriptAssemblies\UnityEditor.TestRunner.dll
Symbol file LoadedFromMemory is not a mono symbol file
Symbol file data-0000018C09452010 doesn't match image C:\Users\rui02\unity_project\IVRC\IVRC\Library\ScriptAssemblies\Unity.VisualScripting.Flow.dll
Symbol file LoadedFromMemory is not a mono symbol file
Symbol file data-0000018C034F5020 doesn't match image C:\Users\rui02\unity_project\IVRC\IVRC\Library\ScriptAssemblies\Unity.Mathematics.Editor.dll
Symbol file LoadedFromMemory is not a mono symbol file
Symbol file data-0000018C034F5020 doesn't match image C:\Users\rui02\unity_project\IVRC\IVRC\Library\ScriptAssemblies\Unity.TestTools.CodeCoverage.Editor.OpenCover.Mono.Reflection.dll
Symbol file LoadedFromMemory is not a mono symbol file
Symbol file data-0000018BD7B11020 doesn't match image C:\Users\rui02\unity_project\IVRC\IVRC\Library\ScriptAssemblies\VRMShaders.VRM10.MToon10.Editor.dll
Symbol file LoadedFromMemory is not a mono symbol file
Symbol file data-0000018BD7B11020 doesn't match image C:\Users\rui02\unity_project\IVRC\IVRC\Library\ScriptAssemblies\UniGLTF.Utils.dll
Symbol file LoadedFromMemory is not a mono symbol file
Symbol file data-0000018C54B67020 doesn't match image C:\Users\rui02\unity_project\IVRC\IVRC\Library\ScriptAssemblies\Unity.RenderPipelines.HighDefinition.Config.Runtime.dll
Symbol file LoadedFromMemory is not a mono symbol file
Symbol file data-0000018C0B028010 doesn't match image C:\Users\rui02\unity_project\IVRC\IVRC\Library\ScriptAssemblies\MToon.Editor.dll
Symbol file LoadedFromMemory is not a mono symbol file
Symbol file data-0000018C046EF030 doesn't match image C:\Users\rui02\unity_project\IVRC\IVRC\Library\ScriptAssemblies\Unity.Performance.Profile-Analyzer.Editor.dll
Symbol file LoadedFromMemory is not a mono symbol file
Symbol file data-0000018C54B67020 doesn't match image C:\Users\rui02\unity_project\IVRC\IVRC\Library\ScriptAssemblies\Unity.RenderPipelines.Core.ShaderLibrary.dll
Symbol file LoadedFromMemory is not a mono symbol file
Symbol file data-0000018C53DCE110 doesn't match image C:\Users\rui02\unity_project\IVRC\IVRC\Library\ScriptAssemblies\Unity.XR.Management.Editor.dll
Symbol file LoadedFromMemory is not a mono symbol file
Symbol file data-0000018C54FEF050 doesn't match image C:\Users\rui02\unity_project\IVRC\IVRC\Library\ScriptAssemblies\VRMShaders.VRM.IO.Runtime.dll
Symbol file LoadedFromMemory is not a mono symbol file
Symbol file data-0000018C0B98C040 doesn't match image C:\Users\rui02\unity_project\IVRC\IVRC\Library\ScriptAssemblies\Unity.TestTools.CodeCoverage.Editor.dll
Symbol file LoadedFromMemory is not a mono symbol file
Symbol file data-0000018C4F3A3450 doesn't match image C:\Users\rui02\unity_project\IVRC\IVRC\Library\ScriptAssemblies\VRM.dll
Symbol file LoadedFromMemory is not a mono symbol file
Symbol file data-0000018BD7B11020 doesn't match image C:\Users\rui02\unity_project\IVRC\IVRC\Library\ScriptAssemblies\VRMShaders.GLTF.UniUnlit.Editor.dll
Symbol file LoadedFromMemory is not a mono symbol file
Symbol file data-0000018BD7B11020 doesn't match image C:\Users\rui02\unity_project\IVRC\IVRC\Library\ScriptAssemblies\PPv2URPConverters.dll
Symbol file LoadedFromMemory is not a mono symbol file
Symbol file data-0000018C0B62EA80 doesn't match image C:\Users\rui02\unity_project\IVRC\IVRC\Library\ScriptAssemblies\Unity.XR.OpenVR.dll
Symbol file LoadedFromMemory is not a mono symbol file
Symbol file data-0000018C0B0A90A0 doesn't match image C:\Users\rui02\unity_project\IVRC\IVRC\Library\ScriptAssemblies\Unity.Settings.Editor.dll
Symbol file LoadedFromMemory is not a mono symbol file
Symbol file data-0000018C05BBA010 doesn't match image C:\Users\rui02\unity_project\IVRC\IVRC\Library\ScriptAssemblies\Unity.TextMeshPro.dll
Symbol file LoadedFromMemory is not a mono symbol file
Symbol file data-0000018C54B67020 doesn't match image C:\Users\rui02\unity_project\IVRC\IVRC\Library\ScriptAssemblies\VRMShaders.VRM10.Format.Runtime.dll
Symbol file LoadedFromMemory is not a mono symbol file
Symbol file data-0000018C06F1A6F0 doesn't match image C:\Users\rui02\unity_project\IVRC\IVRC\Library\ScriptAssemblies\Unity.Burst.CodeGen.dll
Symbol file LoadedFromMemory is not a mono symbol file
Symbol file data-0000018C06AC2020 doesn't match image C:\Users\rui02\unity_project\IVRC\IVRC\Library\ScriptAssemblies\Unity.VSCode.Editor.dll
Symbol file LoadedFromMemory is not a mono symbol file
Symbol file data-0000018C52F5F020 doesn't match image C:\Users\rui02\unity_project\IVRC\IVRC\Library\ScriptAssemblies\UniGLTF.Editor.dll
Symbol file LoadedFromMemory is not a mono symbol file
Symbol file data-0000018C4EFAB020 doesn't match image C:\Users\rui02\unity_project\IVRC\IVRC\Library\ScriptAssemblies\Unity.RenderPipelines.Universal.Editor.dll
Symbol file LoadedFromMemory is not a mono symbol file
Symbol file data-0000018C52D55040 doesn't match image C:\Users\rui02\unity_project\IVRC\IVRC\Library\ScriptAssemblies\Unity.RenderPipelines.HighDefinition.Editor.dll
Symbol file LoadedFromMemory is not a mono symbol file
Symbol file data-0000018BD7B11020 doesn't match image C:\Users\rui02\unity_project\IVRC\IVRC\Library\ScriptAssemblies\VRM.Samples.Editor.Tests.dll
Symbol file LoadedFromMemory is not a mono symbol file
Symbol file data-0000018C54B67020 doesn't match image C:\Users\rui02\unity_project\IVRC\IVRC\Library\ScriptAssemblies\Unity.RenderPipelines.ShaderGraph.ShaderGraphLibrary.dll
Symbol file LoadedFromMemory is not a mono symbol file
Symbol file data-0000018BD7B11020 doesn't match image C:\Users\rui02\unity_project\IVRC\IVRC\Library\ScriptAssemblies\Unity.EditorCoroutines.Editor.dll
Symbol file LoadedFromMemory is not a mono symbol file
Symbol file data-0000018BD8433010 doesn't match image C:\Users\rui02\unity_project\IVRC\IVRC\Library\ScriptAssemblies\FastSpringBone.dll
Symbol file LoadedFromMemory is not a mono symbol file
Symbol file data-0000018BF9CF9040 doesn't match image C:\Users\rui02\unity_project\IVRC\IVRC\Library\ScriptAssemblies\Unity.TerrainTools.Editor.dll
Symbol file LoadedFromMemory is not a mono symbol file
Symbol file data-0000018BD8140010 doesn't match image C:\Users\rui02\unity_project\IVRC\IVRC\Library\ScriptAssemblies\Unity.RenderPipelines.Universal.Runtime.dll
Symbol file LoadedFromMemory is not a mono symbol file
Symbol file data-0000018C0B028010 doesn't match image C:\Users\rui02\unity_project\IVRC\IVRC\Library\ScriptAssemblies\MToon.dll
Symbol file LoadedFromMemory is not a mono symbol file
Symbol file data-0000018C4EE49ED0 doesn't match image C:\Users\rui02\unity_project\IVRC\IVRC\Library\ScriptAssemblies\UniHumanoid.dll
Symbol file LoadedFromMemory is not a mono symbol file
Symbol file data-0000018BF9CF9040 doesn't match image C:\Users\rui02\unity_project\IVRC\IVRC\Library\ScriptAssemblies\Unity.Burst.dll
Symbol file LoadedFromMemory is not a mono symbol file
Symbol file data-0000018BD7FFB0D0 doesn't match image C:\Users\rui02\unity_project\IVRC\IVRC\Library\ScriptAssemblies\UnityEngine.XR.LegacyInputHelpers.dll
Symbol file LoadedFromMemory is not a mono symbol file
Symbol file data-0000018C7852B0C0 doesn't match image C:\Users\rui02\unity_project\IVRC\IVRC\Library\ScriptAssemblies\UniGLTF.Tests.dll
Symbol file LoadedFromMemory is not a mono symbol file
Symbol file data-0000018C4E169970 doesn't match image C:\Users\rui02\unity_project\IVRC\IVRC\Library\ScriptAssemblies\VRMShaders.GLTF.IO.Runtime.dll
Symbol file LoadedFromMemory is not a mono symbol file
Symbol file data-0000018C05782020 doesn't match image C:\Users\rui02\unity_project\IVRC\IVRC\Library\ScriptAssemblies\Unity.Timeline.Editor.dll
Symbol file LoadedFromMemory is not a mono symbol file
Symbol file data-0000018C0B028010 doesn't match image C:\Users\rui02\unity_project\IVRC\IVRC\Library\ScriptAssemblies\Unity.VisualScripting.Shared.Editor.dll
Symbol file LoadedFromMemory is not a mono symbol file
Symbol file data-0000018C54B67020 doesn't match image C:\Users\rui02\unity_project\IVRC\IVRC\Library\ScriptAssemblies\Unity.TerrainTools.dll
Symbol file LoadedFromMemory is not a mono symbol file
Symbol file data-0000018C553C4460 doesn't match image C:\Users\rui02\unity_project\IVRC\IVRC\Library\ScriptAssemblies\Unity.PlasticSCM.Editor.dll
Symbol file LoadedFromMemory is not a mono symbol file
Symbol file data-0000018C0B028010 doesn't match image C:\Users\rui02\unity_project\IVRC\IVRC\Library\ScriptAssemblies\Unity.CollabProxy.Editor.dll
Symbol file LoadedFromMemory is not a mono symbol file
Symbol file data-0000018C0B028010 doesn't match image C:\Users\rui02\unity_project\IVRC\IVRC\Library\ScriptAssemblies\UnityEditor.SpatialTracking.dll
Symbol file LoadedFromMemory is not a mono symbol file
Symbol file data-0000018C4F774030 doesn't match image C:\Users\rui02\unity_project\IVRC\IVRC\Library\ScriptAssemblies\UniVRM.Editor.dll
Symbol file LoadedFromMemory is not a mono symbol file
Symbol file data-0000018C4DD20030 doesn't match image C:\Users\rui02\unity_project\IVRC\IVRC\Library\ScriptAssemblies\Unity.ShaderGraph.Editor.dll
Symbol file LoadedFromMemory is not a mono symbol file
Symbol file data-0000018C5172A480 doesn't match image C:\Users\rui02\unity_project\IVRC\IVRC\Library\ScriptAssemblies\Unity.VisualStudio.Editor.dll
Symbol file LoadedFromMemory is not a mono symbol file
Symbol file data-0000018C4ED27F10 doesn't match image C:\Users\rui02\unity_project\IVRC\IVRC\Library\ScriptAssemblies\UnityEditor.UI.dll
Symbol file LoadedFromMemory is not a mono symbol file
Symbol file data-0000018C5048C060 doesn't match image C:\Users\rui02\unity_project\IVRC\IVRC\Library\ScriptAssemblies\Unity.VisualScripting.Core.dll
Symbol file LoadedFromMemory is not a mono symbol file
Symbol file data-0000018C4ED27F10 doesn't match image C:\Users\rui02\unity_project\IVRC\IVRC\Library\ScriptAssemblies\SteamVR_Input_Editor.dll
Symbol file LoadedFromMemory is not a mono symbol file
Symbol file data-0000018C4E8C4020 doesn't match image C:\Users\rui02\unity_project\IVRC\IVRC\Library\ScriptAssemblies\Unity.VisualScripting.Core.Editor.dll
Symbol file LoadedFromMemory is not a mono symbol file
Symbol file data-0000018C0B028010 doesn't match image C:\Users\rui02\unity_project\IVRC\IVRC\Library\ScriptAssemblies\UnityEngine.SpatialTracking.dll
Symbol file LoadedFromMemory is not a mono symbol file
Symbol file data-0000018C52CD5230 doesn't match image C:\Users\rui02\unity_project\IVRC\IVRC\Library\ScriptAssemblies\UnityEngine.UI.dll
Symbol file LoadedFromMemory is not a mono symbol file
Symbol file data-0000018C0B028010 doesn't match image C:\Users\rui02\unity_project\IVRC\IVRC\Library\ScriptAssemblies\VRMShaders.GLTF.IO.Tests.dll
Symbol file LoadedFromMemory is not a mono symbol file
Symbol file data-0000018C03464010 doesn't match image C:\Users\rui02\unity_project\IVRC\IVRC\Library\ScriptAssemblies\UnityEditor.XR.LegacyInputHelpers.dll
Symbol file LoadedFromMemory is not a mono symbol file
Symbol file data-0000018BD8433010 doesn't match image C:\Users\rui02\unity_project\IVRC\IVRC\Library\ScriptAssemblies\SteamVR_Editor.dll
Symbol file LoadedFromMemory is not a mono symbol file
Symbol file data-0000018C519A6050 doesn't match image C:\Users\rui02\unity_project\IVRC\IVRC\Library\ScriptAssemblies\Unity.VisualScripting.Flow.Editor.dll
Symbol file LoadedFromMemory is not a mono symbol file
Symbol file data-0000018C54FEF050 doesn't match image C:\Users\rui02\unity_project\IVRC\IVRC\Library\ScriptAssemblies\Unity.RenderPipeline.Universal.ShaderLibrary.dll
Symbol file LoadedFromMemory is not a mono symbol file
Symbol file data-0000018C4E20B050 doesn't match image C:\Users\rui02\unity_project\IVRC\IVRC\Library\ScriptAssemblies\Unity.Timeline.dll
Symbol file LoadedFromMemory is not a mono symbol file
Symbol file data-0000018C091C8020 doesn't match image C:\Users\rui02\unity_project\IVRC\IVRC\Library\ScriptAssemblies\Unity.XR.OpenVR.Editor.dll
Symbol file LoadedFromMemory is not a mono symbol file
Symbol file data-0000018C4F2E9090 doesn't match image C:\Users\rui02\unity_project\IVRC\IVRC\Library\ScriptAssemblies\VRMShaders.VRM10.MToon10.Runtime.dll
Symbol file LoadedFromMemory is not a mono symbol file
Symbol file data-0000018C034F5020 doesn't match image C:\Users\rui02\unity_project\IVRC\IVRC\Library\ScriptAssemblies\Unity.VisualScripting.SettingsProvider.Editor.dll
Symbol file LoadedFromMemory is not a mono symbol file
Symbol file data-0000018C0B2DEA00 doesn't match image C:\Users\rui02\unity_project\IVRC\IVRC\Library\ScriptAssemblies\Unity.TestTools.CodeCoverage.Editor.OpenCover.Model.dll
Symbol file LoadedFromMemory is not a mono symbol file
Symbol file data-0000018C0BAA5040 doesn't match image C:\Users\rui02\unity_project\IVRC\IVRC\Library\ScriptAssemblies\VRMShaders.GLTF.IO.Editor.dll
Symbol file LoadedFromMemory is not a mono symbol file
Symbol file data-0000018C53E8B020 doesn't match image C:\Users\rui02\unity_project\IVRC\IVRC\Library\ScriptAssemblies\UnityEngine.TestRunner.dll
Symbol file LoadedFromMemory is not a mono symbol file
Symbol file data-0000018C4ED27F10 doesn't match image C:\Users\rui02\unity_project\IVRC\IVRC\Library\ScriptAssemblies\Unity.VisualScripting.State.Editor.dll
Symbol file LoadedFromMemory is not a mono symbol file
Symbol file data-0000018C06E1D030 doesn't match image C:\Users\rui02\unity_project\IVRC\IVRC\Library\ScriptAssemblies\Unity.Mathematics.dll
Symbol file LoadedFromMemory is not a mono symbol file
Symbol file data-0000018C54B67020 doesn't match image C:\Users\rui02\unity_project\IVRC\IVRC\Library\ScriptAssemblies\Unity.RenderPipelines.Universal.Shaders.dll
Symbol file LoadedFromMemory is not a mono symbol file
Symbol file data-0000018C09DC8A10 doesn't match image C:\Users\rui02\unity_project\IVRC\IVRC\Library\ScriptAssemblies\Unity.TextMeshPro.Editor.dll
Symbol file LoadedFromMemory is not a mono symbol file
Symbol file data-0000018C0AD73080 doesn't match image C:\Users\rui02\unity_project\IVRC\IVRC\Library\ScriptAssemblies\Unity.Searcher.Editor.dll
Symbol file LoadedFromMemory is not a mono symbol file
Symbol file data-0000018C0B2DEA00 doesn't match image C:\Users\rui02\unity_project\IVRC\IVRC\Library\ScriptAssemblies\Unity.VisualScripting.State.dll
Symbol file LoadedFromMemory is not a mono symbol file
Symbol file data-0000018C0BAA5040 doesn't match image C:\Users\rui02\unity_project\IVRC\IVRC\Library\ScriptAssemblies\Unity.ShaderGraph.Utilities.dll
Symbol file LoadedFromMemory is not a mono symbol file
Symbol file data-0000018C782A1070 doesn't match image C:\Users\rui02\unity_project\IVRC\IVRC\Library\ScriptAssemblies\Unity.RenderPipelines.HighDefinition.Runtime.dll
Symbol file LoadedFromMemory is not a mono symbol file
Symbol file data-0000018C0B2DEA00 doesn't match image C:\Users\rui02\unity_project\IVRC\IVRC\Library\ScriptAssemblies\VRM.Tests.dll
Symbol file LoadedFromMemory is not a mono symbol file
- Loaded All Assemblies, in  0.603 seconds
Refreshing native plugins compatible for Editor in 5.04 ms, found 6 plugins.
Native extension for WindowsStandalone target not found
Native extension for WebGL target not found
[Package Manager] Server::EnsureServerProcessIsRunning -- launch failed, reason: Unity was launched with the -noUpm command-line argument
[Package Manager] UpmClient::Send -- Unable to send message (not connected to UPM process).
[Package Manager] Cannot connect to Unity Package Manager local server
[Package Manager] Server::EnsureServerProcessIsRunning -- launch failed, reason: Unity was launched with the -noUpm command-line argument
[Package Manager] UpmClient::Send -- Unable to send message (not connected to UPM process).
[Package Manager] Cannot connect to Unity Package Manager local server
Mono: successfully reloaded assembly
[Package Manager] Server::EnsureServerProcessIsRunning -- launch failed, reason: Unity was launched with the -noUpm command-line argument
[Package Manager] UpmClient::Send -- Unable to send message (not connected to UPM process).
[Package Manager] Cannot connect to Unity Package Manager local server
- Finished resetting the current domain, in  2.239 seconds
Domain Reload Profiling: 2839ms
	BeginReloadAssembly (162ms)
		ExecutionOrderSort (0ms)
		DisableScriptedObjects (3ms)
		BackupInstance (0ms)
		ReleaseScriptingObjects (0ms)
		CreateAndSetChildDomain (55ms)
	RebuildCommonClasses (30ms)
	RebuildNativeTypeToScriptingClass (11ms)
	initialDomainReloadingComplete (27ms)
	LoadAllAssembliesAndSetupDomain (370ms)
		LoadAssemblies (417ms)
		RebuildTransferFunctionScriptingTraits (0ms)
		AnalyzeDomain (28ms)
			TypeCache.Refresh (8ms)
				TypeCache.ScanAssembly (0ms)
			ScanForSourceGeneratedMonoScriptInfo (0ms)
			ResolveRequiredComponents (18ms)
	FinalizeReload (2240ms)
		ReleaseScriptCaches (0ms)
		RebuildScriptCaches (0ms)
		SetupLoadedEditorAssemblies (561ms)
			LogAssemblyErrors (0ms)
			InitializePlatformSupportModulesInManaged (6ms)
			SetLoadedEditorAssemblies (6ms)
			RefreshPlugins (0ms)
			BeforeProcessingInitializeOnLoad (93ms)
			ProcessInitializeOnLoadAttributes (425ms)
			ProcessInitializeOnLoadMethodAttributes (25ms)
			AfterProcessingInitializeOnLoad (4ms)
			EditorAssembliesLoaded (0ms)
		ExecutionOrderSort2 (0ms)
		AwakeInstancesAfterBackupRestoration (5ms)
Refreshing native plugins compatible for Editor in 5.16 ms, found 6 plugins.
Preloading 0 native plugins for Editor in 0.00 ms.
Unloading 7878 Unused Serialized files (Serialized files now loaded: 0)
Unloading 211 unused Assets / (15.4 MB). Loaded Objects now: 8798.
Memory consumption went from 307.4 MB to 292.0 MB.
Total: 6.317200 ms (FindLiveObjects: 0.483100 ms CreateObjectMapping: 0.314400 ms MarkObjects: 2.602800 ms  DeleteObjects: 2.915900 ms)

Prepare: number of updated asset objects reloaded= 0
AssetImportParameters requested are different than current active one (requested -> active):
  custom:container-demuxer-ogg: 62fdf1f143b41e24485cea50d1cbac27 -> 
  custom:framework-win-MediaFoundation: 216162199b28c13a410421893ffa2e32 -> 
  custom:container-muxer-webm: aa71ff27fc2769a1b78a27578f13a17b -> 
  custom:video-decoder-webm-vp8: 9c59270c3fd7afecdb556c50c9e8de78 -> 
  custom:SearchIndexIgnoredProperties: e643bd26f0fe6173181afceb89e7c659 -> 
  custom:AudioImporter_EditorPlatform: d09bf68614088b80899f8185d706f6e7 -> 
  custom:audio-decoder-ogg-vorbis: bf7c407c2cedff20999df2af8eb42d56 -> 
  custom:audio-encoder-webm-vorbis: bf7c407c2cedff20999df2af8eb42d56 -> 
  custom:video-codec-MediaFoundation-h265: 746d11721c4dcdbdad8f713fa42b33f4 -> 
  custom:video-decoder-ogg-theora: a1e56fd34408186e4bbccfd4996cb3dc -> 
  custom:CustomObjectIndexerAttribute: a3ef5dd2817f97addfee359851a9dba5 -> 
  custom:container-demuxer-webm: 4f35f7cbe854078d1ac9338744f61a02 -> 
  custom:video-encoder-webm-vp8: eb34c28f22e8b96e1ab97ce403110664 -> 
========================================================================
Received Prepare
Begin MonoManager ReloadAssembly
Symbol file data-0000018C523B5ED0 doesn't match image C:\Users\rui02\unity_project\IVRC\IVRC\Library\ScriptAssemblies\UniHumanoid.Editor.dll
Symbol file LoadedFromMemory is not a mono symbol file
Symbol file data-0000018C087F2F90 doesn't match image C:\Users\rui02\unity_project\IVRC\IVRC\Library\ScriptAssemblies\Unity.XR.Management.dll
Symbol file LoadedFromMemory is not a mono symbol file
Symbol file data-0000018BD7B11020 doesn't match image C:\Users\rui02\unity_project\IVRC\IVRC\Library\ScriptAssemblies\UniHumanoid.Editor.Tests.dll
Symbol file LoadedFromMemory is not a mono symbol file
Symbol file data-0000018C4F774030 doesn't match image C:\Users\rui02\unity_project\IVRC\IVRC\Library\ScriptAssemblies\Unity.VisualEffectGraph.Runtime.dll
Symbol file LoadedFromMemory is not a mono symbol file
Symbol file data-0000018C51672010 doesn't match image C:\Users\rui02\unity_project\IVRC\IVRC\Library\ScriptAssemblies\Unity.RenderPipelines.Core.Runtime.dll
Symbol file LoadedFromMemory is not a mono symbol file
Symbol file data-0000018C4E243810 doesn't match image C:\Users\rui02\unity_project\IVRC\IVRC\Library\ScriptAssemblies\Unity.Burst.Editor.dll
Symbol file LoadedFromMemory is not a mono symbol file
Symbol file data-0000018C4CDAEF50 doesn't match image C:\Users\rui02\unity_project\IVRC\IVRC\Library\ScriptAssemblies\SteamVR.dll
Symbol file LoadedFromMemory is not a mono symbol file
Symbol file data-0000018BD7B11020 doesn't match image C:\Users\rui02\unity_project\IVRC\IVRC\Library\ScriptAssemblies\VRMShaders.GLTF.UniUnlit.Runtime.dll
Symbol file LoadedFromMemory is not a mono symbol file
Symbol file data-0000018BD7B11020 doesn't match image C:\Users\rui02\unity_project\IVRC\IVRC\Library\ScriptAssemblies\SteamVR_Windows_EditorHelper.dll
Symbol file LoadedFromMemory is not a mono symbol file
Symbol file data-0000018C094C7360 doesn't match image C:\Users\rui02\unity_project\IVRC\IVRC\Library\ScriptAssemblies\UniGLTF.dll
Symbol file LoadedFromMemory is not a mono symbol file
Symbol file data-0000018C778AC030 doesn't match image C:\Users\rui02\unity_project\IVRC\IVRC\Library\ScriptAssemblies\Unity.Rider.Editor.dll
Symbol file LoadedFromMemory is not a mono symbol file
Symbol file data-0000018C54B67020 doesn't match image C:\Users\rui02\unity_project\IVRC\IVRC\Library\ScriptAssemblies\VRMShaders.VRM10.MToon10.Tests.dll
Symbol file LoadedFromMemory is not a mono symbol file
Symbol file data-0000018BF9D99010 doesn't match image C:\Users\rui02\unity_project\IVRC\IVRC\Library\ScriptAssemblies\Unity.RenderPipelines.Core.Editor.dll
Symbol file LoadedFromMemory is not a mono symbol file
Symbol file data-0000018C09B1FCC0 doesn't match image C:\Users\rui02\unity_project\IVRC\IVRC\Library\ScriptAssemblies\Unity.VisualEffectGraph.Editor.dll
Symbol file LoadedFromMemory is not a mono symbol file
Symbol file data-0000018C05AFF030 doesn't match image C:\Users\rui02\unity_project\IVRC\IVRC\Library\ScriptAssemblies\UnityEditor.TestRunner.dll
Symbol file LoadedFromMemory is not a mono symbol file
Symbol file data-0000018C09452010 doesn't match image C:\Users\rui02\unity_project\IVRC\IVRC\Library\ScriptAssemblies\Unity.VisualScripting.Flow.dll
Symbol file LoadedFromMemory is not a mono symbol file
Symbol file data-0000018C087F2F90 doesn't match image C:\Users\rui02\unity_project\IVRC\IVRC\Library\ScriptAssemblies\Unity.Mathematics.Editor.dll
Symbol file LoadedFromMemory is not a mono symbol file
Symbol file data-0000018C087F2F90 doesn't match image C:\Users\rui02\unity_project\IVRC\IVRC\Library\ScriptAssemblies\Unity.TestTools.CodeCoverage.Editor.OpenCover.Mono.Reflection.dll
Symbol file LoadedFromMemory is not a mono symbol file
Symbol file data-0000018BD7B11020 doesn't match image C:\Users\rui02\unity_project\IVRC\IVRC\Library\ScriptAssemblies\VRMShaders.VRM10.MToon10.Editor.dll
Symbol file LoadedFromMemory is not a mono symbol file
Symbol file data-0000018BD7B11020 doesn't match image C:\Users\rui02\unity_project\IVRC\IVRC\Library\ScriptAssemblies\UniGLTF.Utils.dll
Symbol file LoadedFromMemory is not a mono symbol file
Symbol file data-0000018C54B67020 doesn't match image C:\Users\rui02\unity_project\IVRC\IVRC\Library\ScriptAssemblies\Unity.RenderPipelines.HighDefinition.Config.Runtime.dll
Symbol file LoadedFromMemory is not a mono symbol file
Symbol file data-0000018C0B028010 doesn't match image C:\Users\rui02\unity_project\IVRC\IVRC\Library\ScriptAssemblies\MToon.Editor.dll
Symbol file LoadedFromMemory is not a mono symbol file
Symbol file data-0000018C046EF030 doesn't match image C:\Users\rui02\unity_project\IVRC\IVRC\Library\ScriptAssemblies\Unity.Performance.Profile-Analyzer.Editor.dll
Symbol file LoadedFromMemory is not a mono symbol file
Symbol file data-0000018C54B67020 doesn't match image C:\Users\rui02\unity_project\IVRC\IVRC\Library\ScriptAssemblies\Unity.RenderPipelines.Core.ShaderLibrary.dll
Symbol file LoadedFromMemory is not a mono symbol file
Symbol file data-0000018C53DCE110 doesn't match image C:\Users\rui02\unity_project\IVRC\IVRC\Library\ScriptAssemblies\Unity.XR.Management.Editor.dll
Symbol file LoadedFromMemory is not a mono symbol file
Symbol file data-0000018BD7B11020 doesn't match image C:\Users\rui02\unity_project\IVRC\IVRC\Library\ScriptAssemblies\VRMShaders.VRM.IO.Runtime.dll
Symbol file LoadedFromMemory is not a mono symbol file
Symbol file data-0000018C0B98C040 doesn't match image C:\Users\rui02\unity_project\IVRC\IVRC\Library\ScriptAssemblies\Unity.TestTools.CodeCoverage.Editor.dll
Symbol file LoadedFromMemory is not a mono symbol file
Symbol file data-0000018C4F3A3450 doesn't match image C:\Users\rui02\unity_project\IVRC\IVRC\Library\ScriptAssemblies\VRM.dll
Symbol file LoadedFromMemory is not a mono symbol file
Symbol file data-0000018BD7B11020 doesn't match image C:\Users\rui02\unity_project\IVRC\IVRC\Library\ScriptAssemblies\VRMShaders.GLTF.UniUnlit.Editor.dll
Symbol file LoadedFromMemory is not a mono symbol file
Symbol file data-0000018BD7B11020 doesn't match image C:\Users\rui02\unity_project\IVRC\IVRC\Library\ScriptAssemblies\PPv2URPConverters.dll
Symbol file LoadedFromMemory is not a mono symbol file
Symbol file data-0000018C519B6060 doesn't match image C:\Users\rui02\unity_project\IVRC\IVRC\Library\ScriptAssemblies\Unity.XR.OpenVR.dll
Symbol file LoadedFromMemory is not a mono symbol file
Symbol file data-0000018C0B0A90A0 doesn't match image C:\Users\rui02\unity_project\IVRC\IVRC\Library\ScriptAssemblies\Unity.Settings.Editor.dll
Symbol file LoadedFromMemory is not a mono symbol file
Symbol file data-0000018C05BBA010 doesn't match image C:\Users\rui02\unity_project\IVRC\IVRC\Library\ScriptAssemblies\Unity.TextMeshPro.dll
Symbol file LoadedFromMemory is not a mono symbol file
Symbol file data-0000018C54B67020 doesn't match image C:\Users\rui02\unity_project\IVRC\IVRC\Library\ScriptAssemblies\VRMShaders.VRM10.Format.Runtime.dll
Symbol file LoadedFromMemory is not a mono symbol file
Symbol file data-0000018C06F1A6F0 doesn't match image C:\Users\rui02\unity_project\IVRC\IVRC\Library\ScriptAssemblies\Unity.Burst.CodeGen.dll
Symbol file LoadedFromMemory is not a mono symbol file
Symbol file data-0000018C06AC2020 doesn't match image C:\Users\rui02\unity_project\IVRC\IVRC\Library\ScriptAssemblies\Unity.VSCode.Editor.dll
Symbol file LoadedFromMemory is not a mono symbol file
Symbol file data-0000018C05344050 doesn't match image C:\Users\rui02\unity_project\IVRC\IVRC\Library\ScriptAssemblies\UniGLTF.Editor.dll
Symbol file LoadedFromMemory is not a mono symbol file
Symbol file data-0000018C4EFAB020 doesn't match image C:\Users\rui02\unity_project\IVRC\IVRC\Library\ScriptAssemblies\Unity.RenderPipelines.Universal.Editor.dll
Symbol file LoadedFromMemory is not a mono symbol file
Symbol file data-0000018C0A210E90 doesn't match image C:\Users\rui02\unity_project\IVRC\IVRC\Library\ScriptAssemblies\Unity.RenderPipelines.HighDefinition.Editor.dll
Symbol file LoadedFromMemory is not a mono symbol file
Symbol file data-0000018BD7B11020 doesn't match image C:\Users\rui02\unity_project\IVRC\IVRC\Library\ScriptAssemblies\VRM.Samples.Editor.Tests.dll
Symbol file LoadedFromMemory is not a mono symbol file
Symbol file data-0000018C54B67020 doesn't match image C:\Users\rui02\unity_project\IVRC\IVRC\Library\ScriptAssemblies\Unity.RenderPipelines.ShaderGraph.ShaderGraphLibrary.dll
Symbol file LoadedFromMemory is not a mono symbol file
Symbol file data-0000018BD7B11020 doesn't match image C:\Users\rui02\unity_project\IVRC\IVRC\Library\ScriptAssemblies\Unity.EditorCoroutines.Editor.dll
Symbol file LoadedFromMemory is not a mono symbol file
Symbol file data-0000018C06AC2020 doesn't match image C:\Users\rui02\unity_project\IVRC\IVRC\Library\ScriptAssemblies\FastSpringBone.dll
Symbol file LoadedFromMemory is not a mono symbol file
Symbol file data-0000018BF9CF9040 doesn't match image C:\Users\rui02\unity_project\IVRC\IVRC\Library\ScriptAssemblies\Unity.TerrainTools.Editor.dll
Symbol file LoadedFromMemory is not a mono symbol file
Symbol file data-0000018BD8140010 doesn't match image C:\Users\rui02\unity_project\IVRC\IVRC\Library\ScriptAssemblies\Unity.RenderPipelines.Universal.Runtime.dll
Symbol file LoadedFromMemory is not a mono symbol file
Symbol file data-0000018C0B028010 doesn't match image C:\Users\rui02\unity_project\IVRC\IVRC\Library\ScriptAssemblies\MToon.dll
Symbol file LoadedFromMemory is not a mono symbol file
Symbol file data-0000018C4EE49ED0 doesn't match image C:\Users\rui02\unity_project\IVRC\IVRC\Library\ScriptAssemblies\UniHumanoid.dll
Symbol file LoadedFromMemory is not a mono symbol file
Symbol file data-0000018BF9CF9040 doesn't match image C:\Users\rui02\unity_project\IVRC\IVRC\Library\ScriptAssemblies\Unity.Burst.dll
Symbol file LoadedFromMemory is not a mono symbol file
Symbol file data-0000018C08B3CE80 doesn't match image C:\Users\rui02\unity_project\IVRC\IVRC\Library\ScriptAssemblies\UnityEngine.XR.LegacyInputHelpers.dll
Symbol file LoadedFromMemory is not a mono symbol file
Symbol file data-0000018C7852B0C0 doesn't match image C:\Users\rui02\unity_project\IVRC\IVRC\Library\ScriptAssemblies\UniGLTF.Tests.dll
Symbol file LoadedFromMemory is not a mono symbol file
Symbol file data-0000018C4DBE7040 doesn't match image C:\Users\rui02\unity_project\IVRC\IVRC\Library\ScriptAssemblies\VRMShaders.GLTF.IO.Runtime.dll
Symbol file LoadedFromMemory is not a mono symbol file
Symbol file data-0000018C05782020 doesn't match image C:\Users\rui02\unity_project\IVRC\IVRC\Library\ScriptAssemblies\Unity.Timeline.Editor.dll
Symbol file LoadedFromMemory is not a mono symbol file
Symbol file data-0000018C0B028010 doesn't match image C:\Users\rui02\unity_project\IVRC\IVRC\Library\ScriptAssemblies\Unity.VisualScripting.Shared.Editor.dll
Symbol file LoadedFromMemory is not a mono symbol file
Symbol file data-0000018C54B67020 doesn't match image C:\Users\rui02\unity_project\IVRC\IVRC\Library\ScriptAssemblies\Unity.TerrainTools.dll
Symbol file LoadedFromMemory is not a mono symbol file
Symbol file data-0000018C553C4460 doesn't match image C:\Users\rui02\unity_project\IVRC\IVRC\Library\ScriptAssemblies\Unity.PlasticSCM.Editor.dll
Symbol file LoadedFromMemory is not a mono symbol file
Symbol file data-0000018C5221A010 doesn't match image C:\Users\rui02\unity_project\IVRC\IVRC\Library\ScriptAssemblies\Unity.CollabProxy.Editor.dll
Symbol file LoadedFromMemory is not a mono symbol file
Symbol file data-0000018C5221A010 doesn't match image C:\Users\rui02\unity_project\IVRC\IVRC\Library\ScriptAssemblies\UnityEditor.SpatialTracking.dll
Symbol file LoadedFromMemory is not a mono symbol file
Symbol file data-0000018C4F774030 doesn't match image C:\Users\rui02\unity_project\IVRC\IVRC\Library\ScriptAssemblies\UniVRM.Editor.dll
Symbol file LoadedFromMemory is not a mono symbol file
Symbol file data-0000018C4DD20030 doesn't match image C:\Users\rui02\unity_project\IVRC\IVRC\Library\ScriptAssemblies\Unity.ShaderGraph.Editor.dll
Symbol file LoadedFromMemory is not a mono symbol file
Symbol file data-0000018C53DCE110 doesn't match image C:\Users\rui02\unity_project\IVRC\IVRC\Library\ScriptAssemblies\Unity.VisualStudio.Editor.dll
Symbol file LoadedFromMemory is not a mono symbol file
Symbol file data-0000018C4ED27F10 doesn't match image C:\Users\rui02\unity_project\IVRC\IVRC\Library\ScriptAssemblies\UnityEditor.UI.dll
Symbol file LoadedFromMemory is not a mono symbol file
Symbol file data-0000018C5048C060 doesn't match image C:\Users\rui02\unity_project\IVRC\IVRC\Library\ScriptAssemblies\Unity.VisualScripting.Core.dll
Symbol file LoadedFromMemory is not a mono symbol file
Symbol file data-0000018C4ED27F10 doesn't match image C:\Users\rui02\unity_project\IVRC\IVRC\Library\ScriptAssemblies\SteamVR_Input_Editor.dll
Symbol file LoadedFromMemory is not a mono symbol file
Symbol file data-0000018C4E8C4020 doesn't match image C:\Users\rui02\unity_project\IVRC\IVRC\Library\ScriptAssemblies\Unity.VisualScripting.Core.Editor.dll
Symbol file LoadedFromMemory is not a mono symbol file
Symbol file data-0000018C0B028010 doesn't match image C:\Users\rui02\unity_project\IVRC\IVRC\Library\ScriptAssemblies\UnityEngine.SpatialTracking.dll
Symbol file LoadedFromMemory is not a mono symbol file
Symbol file data-0000018C52CD5230 doesn't match image C:\Users\rui02\unity_project\IVRC\IVRC\Library\ScriptAssemblies\UnityEngine.UI.dll
Symbol file LoadedFromMemory is not a mono symbol file
Symbol file data-0000018C5221A010 doesn't match image C:\Users\rui02\unity_project\IVRC\IVRC\Library\ScriptAssemblies\VRMShaders.GLTF.IO.Tests.dll
Symbol file LoadedFromMemory is not a mono symbol file
Symbol file data-0000018C087F2F90 doesn't match image C:\Users\rui02\unity_project\IVRC\IVRC\Library\ScriptAssemblies\UnityEditor.XR.LegacyInputHelpers.dll
Symbol file LoadedFromMemory is not a mono symbol file
Symbol file data-0000018C06AC2020 doesn't match image C:\Users\rui02\unity_project\IVRC\IVRC\Library\ScriptAssemblies\SteamVR_Editor.dll
Symbol file LoadedFromMemory is not a mono symbol file
Symbol file data-0000018C08751510 doesn't match image C:\Users\rui02\unity_project\IVRC\IVRC\Library\ScriptAssemblies\Unity.VisualScripting.Flow.Editor.dll
Symbol file LoadedFromMemory is not a mono symbol file
Symbol file data-0000018C5221A010 doesn't match image C:\Users\rui02\unity_project\IVRC\IVRC\Library\ScriptAssemblies\Unity.RenderPipeline.Universal.ShaderLibrary.dll
Symbol file LoadedFromMemory is not a mono symbol file
Symbol file data-0000018C09DC8A10 doesn't match image C:\Users\rui02\unity_project\IVRC\IVRC\Library\ScriptAssemblies\Unity.Timeline.dll
Symbol file LoadedFromMemory is not a mono symbol file
Symbol file data-0000018C087F2F90 doesn't match image C:\Users\rui02\unity_project\IVRC\IVRC\Library\ScriptAssemblies\Unity.XR.OpenVR.Editor.dll
Symbol file LoadedFromMemory is not a mono symbol file
Symbol file data-0000018BFB932010 doesn't match image C:\Users\rui02\unity_project\IVRC\IVRC\Library\ScriptAssemblies\VRMShaders.VRM10.MToon10.Runtime.dll
Symbol file LoadedFromMemory is not a mono symbol file
Symbol file data-0000018C087F2F90 doesn't match image C:\Users\rui02\unity_project\IVRC\IVRC\Library\ScriptAssemblies\Unity.VisualScripting.SettingsProvider.Editor.dll
Symbol file LoadedFromMemory is not a mono symbol file
Symbol file data-0000018C0B2DEA00 doesn't match image C:\Users\rui02\unity_project\IVRC\IVRC\Library\ScriptAssemblies\Unity.TestTools.CodeCoverage.Editor.OpenCover.Model.dll
Symbol file LoadedFromMemory is not a mono symbol file
Symbol file data-0000018C5007D010 doesn't match image C:\Users\rui02\unity_project\IVRC\IVRC\Library\ScriptAssemblies\VRMShaders.GLTF.IO.Editor.dll
Symbol file LoadedFromMemory is not a mono symbol file
Symbol file data-0000018C05344050 doesn't match image C:\Users\rui02\unity_project\IVRC\IVRC\Library\ScriptAssemblies\UnityEngine.TestRunner.dll
Symbol file LoadedFromMemory is not a mono symbol file
Symbol file data-0000018C4ED27F10 doesn't match image C:\Users\rui02\unity_project\IVRC\IVRC\Library\ScriptAssemblies\Unity.VisualScripting.State.Editor.dll
Symbol file LoadedFromMemory is not a mono symbol file
Symbol file data-0000018C06E1D030 doesn't match image C:\Users\rui02\unity_project\IVRC\IVRC\Library\ScriptAssemblies\Unity.Mathematics.dll
Symbol file LoadedFromMemory is not a mono symbol file
Symbol file data-0000018C54B67020 doesn't match image C:\Users\rui02\unity_project\IVRC\IVRC\Library\ScriptAssemblies\Unity.RenderPipelines.Universal.Shaders.dll
Symbol file LoadedFromMemory is not a mono symbol file
Symbol file data-0000018C09DC8A10 doesn't match image C:\Users\rui02\unity_project\IVRC\IVRC\Library\ScriptAssemblies\Unity.TextMeshPro.Editor.dll
Symbol file LoadedFromMemory is not a mono symbol file
Symbol file data-0000018C4DBE7040 doesn't match image C:\Users\rui02\unity_project\IVRC\IVRC\Library\ScriptAssemblies\Unity.Searcher.Editor.dll
Symbol file LoadedFromMemory is not a mono symbol file
Symbol file data-0000018C0B2DEA00 doesn't match image C:\Users\rui02\unity_project\IVRC\IVRC\Library\ScriptAssemblies\Unity.VisualScripting.State.dll
Symbol file LoadedFromMemory is not a mono symbol file
Symbol file data-0000018C5007D010 doesn't match image C:\Users\rui02\unity_project\IVRC\IVRC\Library\ScriptAssemblies\Unity.ShaderGraph.Utilities.dll
Symbol file LoadedFromMemory is not a mono symbol file
Symbol file data-0000018C043E2020 doesn't match image C:\Users\rui02\unity_project\IVRC\IVRC\Library\ScriptAssemblies\Unity.RenderPipelines.HighDefinition.Runtime.dll
Symbol file LoadedFromMemory is not a mono symbol file
Symbol file data-0000018C0B2DEA00 doesn't match image C:\Users\rui02\unity_project\IVRC\IVRC\Library\ScriptAssemblies\VRM.Tests.dll
Symbol file LoadedFromMemory is not a mono symbol file
- Loaded All Assemblies, in  0.590 seconds
Refreshing native plugins compatible for Editor in 5.63 ms, found 6 plugins.
Native extension for WindowsStandalone target not found
Native extension for WebGL target not found
[Package Manager] Server::EnsureServerProcessIsRunning -- launch failed, reason: Unity was launched with the -noUpm command-line argument
[Package Manager] UpmClient::Send -- Unable to send message (not connected to UPM process).
[Package Manager] Cannot connect to Unity Package Manager local server
[Package Manager] Server::EnsureServerProcessIsRunning -- launch failed, reason: Unity was launched with the -noUpm command-line argument
[Package Manager] UpmClient::Send -- Unable to send message (not connected to UPM process).
[Package Manager] Cannot connect to Unity Package Manager local server
Mono: successfully reloaded assembly
[Package Manager] Server::EnsureServerProcessIsRunning -- launch failed, reason: Unity was launched with the -noUpm command-line argument
[Package Manager] UpmClient::Send -- Unable to send message (not connected to UPM process).
[Package Manager] Cannot connect to Unity Package Manager local server
- Finished resetting the current domain, in  2.394 seconds
Domain Reload Profiling: 2980ms
	BeginReloadAssembly (166ms)
		ExecutionOrderSort (0ms)
		DisableScriptedObjects (5ms)
		BackupInstance (0ms)
		ReleaseScriptingObjects (0ms)
		CreateAndSetChildDomain (42ms)
	RebuildCommonClasses (35ms)
	RebuildNativeTypeToScriptingClass (11ms)
	initialDomainReloadingComplete (28ms)
	LoadAllAssembliesAndSetupDomain (345ms)
		LoadAssemblies (361ms)
		RebuildTransferFunctionScriptingTraits (0ms)
		AnalyzeDomain (69ms)
			TypeCache.Refresh (12ms)
				TypeCache.ScanAssembly (1ms)
			ScanForSourceGeneratedMonoScriptInfo (41ms)
			ResolveRequiredComponents (14ms)
	FinalizeReload (2394ms)
		ReleaseScriptCaches (0ms)
		RebuildScriptCaches (0ms)
		SetupLoadedEditorAssemblies (524ms)
			LogAssemblyErrors (0ms)
			InitializePlatformSupportModulesInManaged (6ms)
			SetLoadedEditorAssemblies (5ms)
			RefreshPlugins (0ms)
			BeforeProcessingInitializeOnLoad (86ms)
			ProcessInitializeOnLoadAttributes (398ms)
			ProcessInitializeOnLoadMethodAttributes (25ms)
			AfterProcessingInitializeOnLoad (4ms)
			EditorAssembliesLoaded (0ms)
		ExecutionOrderSort2 (0ms)
		AwakeInstancesAfterBackupRestoration (5ms)
Refreshing native plugins compatible for Editor in 4.38 ms, found 6 plugins.
Preloading 0 native plugins for Editor in 0.00 ms.
Unloading 7878 Unused Serialized files (Serialized files now loaded: 0)
Unloading 211 unused Assets / (15.4 MB). Loaded Objects now: 8814.
Memory consumption went from 307.4 MB to 292.0 MB.
Total: 5.802800 ms (FindLiveObjects: 0.455200 ms CreateObjectMapping: 0.289000 ms MarkObjects: 2.532600 ms  DeleteObjects: 2.525100 ms)

Prepare: number of updated asset objects reloaded= 0
AssetImportParameters requested are different than current active one (requested -> active):
  custom:container-demuxer-ogg: 62fdf1f143b41e24485cea50d1cbac27 -> 
  custom:framework-win-MediaFoundation: 216162199b28c13a410421893ffa2e32 -> 
  custom:container-muxer-webm: aa71ff27fc2769a1b78a27578f13a17b -> 
  custom:video-decoder-webm-vp8: 9c59270c3fd7afecdb556c50c9e8de78 -> 
  custom:SearchIndexIgnoredProperties: e643bd26f0fe6173181afceb89e7c659 -> 
  custom:AudioImporter_EditorPlatform: d09bf68614088b80899f8185d706f6e7 -> 
  custom:audio-decoder-ogg-vorbis: bf7c407c2cedff20999df2af8eb42d56 -> 
  custom:audio-encoder-webm-vorbis: bf7c407c2cedff20999df2af8eb42d56 -> 
  custom:video-codec-MediaFoundation-h265: 746d11721c4dcdbdad8f713fa42b33f4 -> 
  custom:video-decoder-ogg-theora: a1e56fd34408186e4bbccfd4996cb3dc -> 
  custom:CustomObjectIndexerAttribute: a3ef5dd2817f97addfee359851a9dba5 -> 
  custom:container-demuxer-webm: 4f35f7cbe854078d1ac9338744f61a02 -> 
  custom:video-encoder-webm-vp8: eb34c28f22e8b96e1ab97ce403110664 -> 
========================================================================
Received Prepare
Begin MonoManager ReloadAssembly
Symbol file data-0000018C52E7D020 doesn't match image C:\Users\rui02\unity_project\IVRC\IVRC\Library\ScriptAssemblies\UniHumanoid.Editor.dll
Symbol file LoadedFromMemory is not a mono symbol file
Symbol file data-0000018C5132A430 doesn't match image C:\Users\rui02\unity_project\IVRC\IVRC\Library\ScriptAssemblies\Unity.XR.Management.dll
Symbol file LoadedFromMemory is not a mono symbol file
Symbol file data-0000018BD7B11020 doesn't match image C:\Users\rui02\unity_project\IVRC\IVRC\Library\ScriptAssemblies\UniHumanoid.Editor.Tests.dll
Symbol file LoadedFromMemory is not a mono symbol file
Symbol file data-0000018C4F774030 doesn't match image C:\Users\rui02\unity_project\IVRC\IVRC\Library\ScriptAssemblies\Unity.VisualEffectGraph.Runtime.dll
Symbol file LoadedFromMemory is not a mono symbol file
Symbol file data-0000018BF9D99010 doesn't match image C:\Users\rui02\unity_project\IVRC\IVRC\Library\ScriptAssemblies\Unity.RenderPipelines.Core.Runtime.dll
Symbol file LoadedFromMemory is not a mono symbol file
Symbol file data-0000018C0B984030 doesn't match image C:\Users\rui02\unity_project\IVRC\IVRC\Library\ScriptAssemblies\Unity.Burst.Editor.dll
Symbol file LoadedFromMemory is not a mono symbol file
Symbol file data-0000018C068F0090 doesn't match image C:\Users\rui02\unity_project\IVRC\IVRC\Library\ScriptAssemblies\SteamVR.dll
Symbol file LoadedFromMemory is not a mono symbol file
Symbol file data-0000018C54FEF050 doesn't match image C:\Users\rui02\unity_project\IVRC\IVRC\Library\ScriptAssemblies\VRMShaders.GLTF.UniUnlit.Runtime.dll
Symbol file LoadedFromMemory is not a mono symbol file
Symbol file data-0000018C0B4FC010 doesn't match image C:\Users\rui02\unity_project\IVRC\IVRC\Library\ScriptAssemblies\SteamVR_Windows_EditorHelper.dll
Symbol file LoadedFromMemory is not a mono symbol file
Symbol file data-0000018C094C7360 doesn't match image C:\Users\rui02\unity_project\IVRC\IVRC\Library\ScriptAssemblies\UniGLTF.dll
Symbol file LoadedFromMemory is not a mono symbol file
Symbol file data-0000018C536F9170 doesn't match image C:\Users\rui02\unity_project\IVRC\IVRC\Library\ScriptAssemblies\Unity.Rider.Editor.dll
Symbol file LoadedFromMemory is not a mono symbol file
Symbol file data-0000018C515A1890 doesn't match image C:\Users\rui02\unity_project\IVRC\IVRC\Library\ScriptAssemblies\VRMShaders.VRM10.MToon10.Tests.dll
Symbol file LoadedFromMemory is not a mono symbol file
Symbol file data-0000018C08895C60 doesn't match image C:\Users\rui02\unity_project\IVRC\IVRC\Library\ScriptAssemblies\Unity.RenderPipelines.Core.Editor.dll
Symbol file LoadedFromMemory is not a mono symbol file
Symbol file data-0000018C546B4020 doesn't match image C:\Users\rui02\unity_project\IVRC\IVRC\Library\ScriptAssemblies\Unity.VisualEffectGraph.Editor.dll
Symbol file LoadedFromMemory is not a mono symbol file
Symbol file data-0000018C78607030 doesn't match image C:\Users\rui02\unity_project\IVRC\IVRC\Library\ScriptAssemblies\UnityEditor.TestRunner.dll
Symbol file LoadedFromMemory is not a mono symbol file
Symbol file data-0000018C5221EFD0 doesn't match image C:\Users\rui02\unity_project\IVRC\IVRC\Library\ScriptAssemblies\Unity.VisualScripting.Flow.dll
Symbol file LoadedFromMemory is not a mono symbol file
Symbol file data-0000018C0AF17020 doesn't match image C:\Users\rui02\unity_project\IVRC\IVRC\Library\ScriptAssemblies\Unity.Mathematics.Editor.dll
Symbol file LoadedFromMemory is not a mono symbol file
Symbol file data-0000018C0AF17020 doesn't match image C:\Users\rui02\unity_project\IVRC\IVRC\Library\ScriptAssemblies\Unity.TestTools.CodeCoverage.Editor.OpenCover.Mono.Reflection.dll
Symbol file LoadedFromMemory is not a mono symbol file
Symbol file data-0000018BD7B11020 doesn't match image C:\Users\rui02\unity_project\IVRC\IVRC\Library\ScriptAssemblies\VRMShaders.VRM10.MToon10.Editor.dll
Symbol file LoadedFromMemory is not a mono symbol file
Symbol file data-0000018BD7B11020 doesn't match image C:\Users\rui02\unity_project\IVRC\IVRC\Library\ScriptAssemblies\UniGLTF.Utils.dll
Symbol file LoadedFromMemory is not a mono symbol file
Symbol file data-0000018C54B67020 doesn't match image C:\Users\rui02\unity_project\IVRC\IVRC\Library\ScriptAssemblies\Unity.RenderPipelines.HighDefinition.Config.Runtime.dll
Symbol file LoadedFromMemory is not a mono symbol file
Symbol file data-0000018C086A3EB0 doesn't match image C:\Users\rui02\unity_project\IVRC\IVRC\Library\ScriptAssemblies\MToon.Editor.dll
Symbol file LoadedFromMemory is not a mono symbol file
Symbol file data-0000018C046EF030 doesn't match image C:\Users\rui02\unity_project\IVRC\IVRC\Library\ScriptAssemblies\Unity.Performance.Profile-Analyzer.Editor.dll
Symbol file LoadedFromMemory is not a mono symbol file
Symbol file data-0000018C52BF0050 doesn't match image C:\Users\rui02\unity_project\IVRC\IVRC\Library\ScriptAssemblies\Unity.RenderPipelines.Core.ShaderLibrary.dll
Symbol file LoadedFromMemory is not a mono symbol file
Symbol file data-0000018C4F8128A0 doesn't match image C:\Users\rui02\unity_project\IVRC\IVRC\Library\ScriptAssemblies\Unity.XR.Management.Editor.dll
Symbol file LoadedFromMemory is not a mono symbol file
Symbol file data-0000018C54FEF050 doesn't match image C:\Users\rui02\unity_project\IVRC\IVRC\Library\ScriptAssemblies\VRMShaders.VRM.IO.Runtime.dll
Symbol file LoadedFromMemory is not a mono symbol file
Symbol file data-0000018C036E0C70 doesn't match image C:\Users\rui02\unity_project\IVRC\IVRC\Library\ScriptAssemblies\Unity.TestTools.CodeCoverage.Editor.dll
Symbol file LoadedFromMemory is not a mono symbol file
Symbol file data-0000018C0A0E1460 doesn't match image C:\Users\rui02\unity_project\IVRC\IVRC\Library\ScriptAssemblies\VRM.dll
Symbol file LoadedFromMemory is not a mono symbol file
Symbol file data-0000018BD7B11020 doesn't match image C:\Users\rui02\unity_project\IVRC\IVRC\Library\ScriptAssemblies\VRMShaders.GLTF.UniUnlit.Editor.dll
Symbol file LoadedFromMemory is not a mono symbol file
Symbol file data-0000018BD7B11020 doesn't match image C:\Users\rui02\unity_project\IVRC\IVRC\Library\ScriptAssemblies\PPv2URPConverters.dll
Symbol file LoadedFromMemory is not a mono symbol file
Symbol file data-0000018BFBB1B020 doesn't match image C:\Users\rui02\unity_project\IVRC\IVRC\Library\ScriptAssemblies\Unity.XR.OpenVR.dll
Symbol file LoadedFromMemory is not a mono symbol file
Symbol file data-0000018C0B0A90A0 doesn't match image C:\Users\rui02\unity_project\IVRC\IVRC\Library\ScriptAssemblies\Unity.Settings.Editor.dll
Symbol file LoadedFromMemory is not a mono symbol file
Symbol file data-0000018C558D1C80 doesn't match image C:\Users\rui02\unity_project\IVRC\IVRC\Library\ScriptAssemblies\Unity.TextMeshPro.dll
Symbol file LoadedFromMemory is not a mono symbol file
Symbol file data-0000018C515A1890 doesn't match image C:\Users\rui02\unity_project\IVRC\IVRC\Library\ScriptAssemblies\VRMShaders.VRM10.Format.Runtime.dll
Symbol file LoadedFromMemory is not a mono symbol file
Symbol file data-0000018C06F1A6F0 doesn't match image C:\Users\rui02\unity_project\IVRC\IVRC\Library\ScriptAssemblies\Unity.Burst.CodeGen.dll
Symbol file LoadedFromMemory is not a mono symbol file
Symbol file data-0000018BB391D230 doesn't match image C:\Users\rui02\unity_project\IVRC\IVRC\Library\ScriptAssemblies\Unity.VSCode.Editor.dll
Symbol file LoadedFromMemory is not a mono symbol file
Symbol file data-0000018C53A33060 doesn't match image C:\Users\rui02\unity_project\IVRC\IVRC\Library\ScriptAssemblies\UniGLTF.Editor.dll
Symbol file LoadedFromMemory is not a mono symbol file
Symbol file data-0000018C08895C60 doesn't match image C:\Users\rui02\unity_project\IVRC\IVRC\Library\ScriptAssemblies\Unity.RenderPipelines.Universal.Editor.dll
Symbol file LoadedFromMemory is not a mono symbol file
Symbol file data-0000018C09A3FDD0 doesn't match image C:\Users\rui02\unity_project\IVRC\IVRC\Library\ScriptAssemblies\Unity.RenderPipelines.HighDefinition.Editor.dll
Symbol file LoadedFromMemory is not a mono symbol file
Symbol file data-0000018BD7B11020 doesn't match image C:\Users\rui02\unity_project\IVRC\IVRC\Library\ScriptAssemblies\VRM.Samples.Editor.Tests.dll
Symbol file LoadedFromMemory is not a mono symbol file
Symbol file data-0000018C52BF0050 doesn't match image C:\Users\rui02\unity_project\IVRC\IVRC\Library\ScriptAssemblies\Unity.RenderPipelines.ShaderGraph.ShaderGraphLibrary.dll
Symbol file LoadedFromMemory is not a mono symbol file
Symbol file data-0000018BD7B11020 doesn't match image C:\Users\rui02\unity_project\IVRC\IVRC\Library\ScriptAssemblies\Unity.EditorCoroutines.Editor.dll
Symbol file LoadedFromMemory is not a mono symbol file
Symbol file data-0000018C55430030 doesn't match image C:\Users\rui02\unity_project\IVRC\IVRC\Library\ScriptAssemblies\FastSpringBone.dll
Symbol file LoadedFromMemory is not a mono symbol file
Symbol file data-0000018C4EE29040 doesn't match image C:\Users\rui02\unity_project\IVRC\IVRC\Library\ScriptAssemblies\Unity.TerrainTools.Editor.dll
Symbol file LoadedFromMemory is not a mono symbol file
Symbol file data-0000018BD8140010 doesn't match image C:\Users\rui02\unity_project\IVRC\IVRC\Library\ScriptAssemblies\Unity.RenderPipelines.Universal.Runtime.dll
Symbol file LoadedFromMemory is not a mono symbol file
Symbol file data-0000018C0B028010 doesn't match image C:\Users\rui02\unity_project\IVRC\IVRC\Library\ScriptAssemblies\MToon.dll
Symbol file LoadedFromMemory is not a mono symbol file
Symbol file data-0000018C0AD57240 doesn't match image C:\Users\rui02\unity_project\IVRC\IVRC\Library\ScriptAssemblies\UniHumanoid.dll
Symbol file LoadedFromMemory is not a mono symbol file
Symbol file data-0000018C4FDB1050 doesn't match image C:\Users\rui02\unity_project\IVRC\IVRC\Library\ScriptAssemblies\Unity.Burst.dll
Symbol file LoadedFromMemory is not a mono symbol file
Symbol file data-0000018C06E8F020 doesn't match image C:\Users\rui02\unity_project\IVRC\IVRC\Library\ScriptAssemblies\UnityEngine.XR.LegacyInputHelpers.dll
Symbol file LoadedFromMemory is not a mono symbol file
Symbol file data-0000018C082E9D90 doesn't match image C:\Users\rui02\unity_project\IVRC\IVRC\Library\ScriptAssemblies\UniGLTF.Tests.dll
Symbol file LoadedFromMemory is not a mono symbol file
Symbol file data-0000018C0A5E1010 doesn't match image C:\Users\rui02\unity_project\IVRC\IVRC\Library\ScriptAssemblies\VRMShaders.GLTF.IO.Runtime.dll
Symbol file LoadedFromMemory is not a mono symbol file
Symbol file data-0000018C55F2D030 doesn't match image C:\Users\rui02\unity_project\IVRC\IVRC\Library\ScriptAssemblies\Unity.Timeline.Editor.dll
Symbol file LoadedFromMemory is not a mono symbol file
Symbol file data-0000018C0B028010 doesn't match image C:\Users\rui02\unity_project\IVRC\IVRC\Library\ScriptAssemblies\Unity.VisualScripting.Shared.Editor.dll
Symbol file LoadedFromMemory is not a mono symbol file
Symbol file data-0000018C515A1890 doesn't match image C:\Users\rui02\unity_project\IVRC\IVRC\Library\ScriptAssemblies\Unity.TerrainTools.dll
Symbol file LoadedFromMemory is not a mono symbol file
Symbol file data-0000018C532700A0 doesn't match image C:\Users\rui02\unity_project\IVRC\IVRC\Library\ScriptAssemblies\Unity.PlasticSCM.Editor.dll
Symbol file LoadedFromMemory is not a mono symbol file
Symbol file data-0000018C5277C870 doesn't match image C:\Users\rui02\unity_project\IVRC\IVRC\Library\ScriptAssemblies\Unity.CollabProxy.Editor.dll
Symbol file LoadedFromMemory is not a mono symbol file
Symbol file data-0000018C5277C870 doesn't match image C:\Users\rui02\unity_project\IVRC\IVRC\Library\ScriptAssemblies\UnityEditor.SpatialTracking.dll
Symbol file LoadedFromMemory is not a mono symbol file
Symbol file data-0000018C4F774030 doesn't match image C:\Users\rui02\unity_project\IVRC\IVRC\Library\ScriptAssemblies\UniVRM.Editor.dll
Symbol file LoadedFromMemory is not a mono symbol file
Symbol file data-0000018C5183F020 doesn't match image C:\Users\rui02\unity_project\IVRC\IVRC\Library\ScriptAssemblies\Unity.ShaderGraph.Editor.dll
Symbol file LoadedFromMemory is not a mono symbol file
Symbol file data-0000018C51AA7030 doesn't match image C:\Users\rui02\unity_project\IVRC\IVRC\Library\ScriptAssemblies\Unity.VisualStudio.Editor.dll
Symbol file LoadedFromMemory is not a mono symbol file
Symbol file data-0000018C7C8A7030 doesn't match image C:\Users\rui02\unity_project\IVRC\IVRC\Library\ScriptAssemblies\UnityEditor.UI.dll
Symbol file LoadedFromMemory is not a mono symbol file
Symbol file data-0000018C5048C060 doesn't match image C:\Users\rui02\unity_project\IVRC\IVRC\Library\ScriptAssemblies\Unity.VisualScripting.Core.dll
Symbol file LoadedFromMemory is not a mono symbol file
Symbol file data-0000018C51AA7030 doesn't match image C:\Users\rui02\unity_project\IVRC\IVRC\Library\ScriptAssemblies\SteamVR_Input_Editor.dll
Symbol file LoadedFromMemory is not a mono symbol file
Symbol file data-0000018C4ED17F00 doesn't match image C:\Users\rui02\unity_project\IVRC\IVRC\Library\ScriptAssemblies\Unity.VisualScripting.Core.Editor.dll
Symbol file LoadedFromMemory is not a mono symbol file
Symbol file data-0000018C086A3EB0 doesn't match image C:\Users\rui02\unity_project\IVRC\IVRC\Library\ScriptAssemblies\UnityEngine.SpatialTracking.dll
Symbol file LoadedFromMemory is not a mono symbol file
Symbol file data-0000018C4F393440 doesn't match image C:\Users\rui02\unity_project\IVRC\IVRC\Library\ScriptAssemblies\UnityEngine.UI.dll
Symbol file LoadedFromMemory is not a mono symbol file
Symbol file data-0000018C5277C870 doesn't match image C:\Users\rui02\unity_project\IVRC\IVRC\Library\ScriptAssemblies\VRMShaders.GLTF.IO.Tests.dll
Symbol file LoadedFromMemory is not a mono symbol file
Symbol file data-0000018C03464010 doesn't match image C:\Users\rui02\unity_project\IVRC\IVRC\Library\ScriptAssemblies\UnityEditor.XR.LegacyInputHelpers.dll
Symbol file LoadedFromMemory is not a mono symbol file
Symbol file data-0000018C55430030 doesn't match image C:\Users\rui02\unity_project\IVRC\IVRC\Library\ScriptAssemblies\SteamVR_Editor.dll
Symbol file LoadedFromMemory is not a mono symbol file
Symbol file data-0000018BD7C76010 doesn't match image C:\Users\rui02\unity_project\IVRC\IVRC\Library\ScriptAssemblies\Unity.VisualScripting.Flow.Editor.dll
Symbol file LoadedFromMemory is not a mono symbol file
Symbol file data-0000018C54FEF050 doesn't match image C:\Users\rui02\unity_project\IVRC\IVRC\Library\ScriptAssemblies\Unity.RenderPipeline.Universal.ShaderLibrary.dll
Symbol file LoadedFromMemory is not a mono symbol file
Symbol file data-0000018C53FE6090 doesn't match image C:\Users\rui02\unity_project\IVRC\IVRC\Library\ScriptAssemblies\Unity.Timeline.dll
Symbol file LoadedFromMemory is not a mono symbol file
Symbol file data-0000018C091C8020 doesn't match image C:\Users\rui02\unity_project\IVRC\IVRC\Library\ScriptAssemblies\Unity.XR.OpenVR.Editor.dll
Symbol file LoadedFromMemory is not a mono symbol file
Symbol file data-0000018C034F5020 doesn't match image C:\Users\rui02\unity_project\IVRC\IVRC\Library\ScriptAssemblies\VRMShaders.VRM10.MToon10.Runtime.dll
Symbol file LoadedFromMemory is not a mono symbol file
Symbol file data-0000018C0AF17020 doesn't match image C:\Users\rui02\unity_project\IVRC\IVRC\Library\ScriptAssemblies\Unity.VisualScripting.SettingsProvider.Editor.dll
Symbol file LoadedFromMemory is not a mono symbol file
Symbol file data-0000018BB391D230 doesn't match image C:\Users\rui02\unity_project\IVRC\IVRC\Library\ScriptAssemblies\Unity.TestTools.CodeCoverage.Editor.OpenCover.Model.dll
Symbol file LoadedFromMemory is not a mono symbol file
Symbol file data-0000018C78221020 doesn't match image C:\Users\rui02\unity_project\IVRC\IVRC\Library\ScriptAssemblies\VRMShaders.GLTF.IO.Editor.dll
Symbol file LoadedFromMemory is not a mono symbol file
Symbol file data-0000018C534D8110 doesn't match image C:\Users\rui02\unity_project\IVRC\IVRC\Library\ScriptAssemblies\UnityEngine.TestRunner.dll
Symbol file LoadedFromMemory is not a mono symbol file
Symbol file data-0000018C51AA7030 doesn't match image C:\Users\rui02\unity_project\IVRC\IVRC\Library\ScriptAssemblies\Unity.VisualScripting.State.Editor.dll
Symbol file LoadedFromMemory is not a mono symbol file
Symbol file data-0000018C09D699C0 doesn't match image C:\Users\rui02\unity_project\IVRC\IVRC\Library\ScriptAssemblies\Unity.Mathematics.dll
Symbol file LoadedFromMemory is not a mono symbol file
Symbol file data-0000018C52BF0050 doesn't match image C:\Users\rui02\unity_project\IVRC\IVRC\Library\ScriptAssemblies\Unity.RenderPipelines.Universal.Shaders.dll
Symbol file LoadedFromMemory is not a mono symbol file
Symbol file data-0000018C09DC8A10 doesn't match image C:\Users\rui02\unity_project\IVRC\IVRC\Library\ScriptAssemblies\Unity.TextMeshPro.Editor.dll
Symbol file LoadedFromMemory is not a mono symbol file
Symbol file data-0000018C0A5E1010 doesn't match image C:\Users\rui02\unity_project\IVRC\IVRC\Library\ScriptAssemblies\Unity.Searcher.Editor.dll
Symbol file LoadedFromMemory is not a mono symbol file
Symbol file data-0000018C06D35FC0 doesn't match image C:\Users\rui02\unity_project\IVRC\IVRC\Library\ScriptAssemblies\Unity.VisualScripting.State.dll
Symbol file LoadedFromMemory is not a mono symbol file
Symbol file data-0000018C78221020 doesn't match image C:\Users\rui02\unity_project\IVRC\IVRC\Library\ScriptAssemblies\Unity.ShaderGraph.Utilities.dll
Symbol file LoadedFromMemory is not a mono symbol file
Symbol file data-0000018C4CE59050 doesn't match image C:\Users\rui02\unity_project\IVRC\IVRC\Library\ScriptAssemblies\Unity.RenderPipelines.HighDefinition.Runtime.dll
Symbol file LoadedFromMemory is not a mono symbol file
Symbol file data-0000018BB391D230 doesn't match image C:\Users\rui02\unity_project\IVRC\IVRC\Library\ScriptAssemblies\VRM.Tests.dll
Symbol file LoadedFromMemory is not a mono symbol file
- Loaded All Assemblies, in  0.490 seconds
Refreshing native plugins compatible for Editor in 5.16 ms, found 6 plugins.
Native extension for WindowsStandalone target not found
Native extension for WebGL target not found
[Package Manager] Server::EnsureServerProcessIsRunning -- launch failed, reason: Unity was launched with the -noUpm command-line argument
[Package Manager] UpmClient::Send -- Unable to send message (not connected to UPM process).
[Package Manager] Cannot connect to Unity Package Manager local server
[Package Manager] Server::EnsureServerProcessIsRunning -- launch failed, reason: Unity was launched with the -noUpm command-line argument
[Package Manager] UpmClient::Send -- Unable to send message (not connected to UPM process).
[Package Manager] Cannot connect to Unity Package Manager local server
Mono: successfully reloaded assembly
[Package Manager] Server::EnsureServerProcessIsRunning -- launch failed, reason: Unity was launched with the -noUpm command-line argument
[Package Manager] UpmClient::Send -- Unable to send message (not connected to UPM process).
[Package Manager] Cannot connect to Unity Package Manager local server
- Finished resetting the current domain, in  1.204 seconds
Domain Reload Profiling: 1692ms
	BeginReloadAssembly (149ms)
		ExecutionOrderSort (0ms)
		DisableScriptedObjects (3ms)
		BackupInstance (0ms)
		ReleaseScriptingObjects (0ms)
		CreateAndSetChildDomain (44ms)
	RebuildCommonClasses (36ms)
	RebuildNativeTypeToScriptingClass (12ms)
	initialDomainReloadingComplete (29ms)
	LoadAllAssembliesAndSetupDomain (262ms)
		LoadAssemblies (307ms)
		RebuildTransferFunctionScriptingTraits (0ms)
		AnalyzeDomain (27ms)
			TypeCache.Refresh (8ms)
				TypeCache.ScanAssembly (0ms)
			ScanForSourceGeneratedMonoScriptInfo (0ms)
			ResolveRequiredComponents (16ms)
	FinalizeReload (1205ms)
		ReleaseScriptCaches (0ms)
		RebuildScriptCaches (0ms)
		SetupLoadedEditorAssemblies (506ms)
			LogAssemblyErrors (0ms)
			InitializePlatformSupportModulesInManaged (5ms)
			SetLoadedEditorAssemblies (4ms)
			RefreshPlugins (0ms)
			BeforeProcessingInitializeOnLoad (85ms)
			ProcessInitializeOnLoadAttributes (386ms)
			ProcessInitializeOnLoadMethodAttributes (22ms)
			AfterProcessingInitializeOnLoad (4ms)
			EditorAssembliesLoaded (0ms)
		ExecutionOrderSort2 (0ms)
		AwakeInstancesAfterBackupRestoration (5ms)
Refreshing native plugins compatible for Editor in 7.79 ms, found 6 plugins.
Preloading 0 native plugins for Editor in 0.00 ms.
Unloading 7878 Unused Serialized files (Serialized files now loaded: 0)
Unloading 211 unused Assets / (15.4 MB). Loaded Objects now: 8830.
Memory consumption went from 307.4 MB to 292.0 MB.
Total: 6.209400 ms (FindLiveObjects: 0.491300 ms CreateObjectMapping: 0.311800 ms MarkObjects: 2.753500 ms  DeleteObjects: 2.652000 ms)

Prepare: number of updated asset objects reloaded= 0
AssetImportParameters requested are different than current active one (requested -> active):
  custom:container-demuxer-ogg: 62fdf1f143b41e24485cea50d1cbac27 -> 
  custom:framework-win-MediaFoundation: 216162199b28c13a410421893ffa2e32 -> 
  custom:container-muxer-webm: aa71ff27fc2769a1b78a27578f13a17b -> 
  custom:video-decoder-webm-vp8: 9c59270c3fd7afecdb556c50c9e8de78 -> 
  custom:SearchIndexIgnoredProperties: e643bd26f0fe6173181afceb89e7c659 -> 
  custom:AudioImporter_EditorPlatform: d09bf68614088b80899f8185d706f6e7 -> 
  custom:audio-decoder-ogg-vorbis: bf7c407c2cedff20999df2af8eb42d56 -> 
  custom:audio-encoder-webm-vorbis: bf7c407c2cedff20999df2af8eb42d56 -> 
  custom:video-codec-MediaFoundation-h265: 746d11721c4dcdbdad8f713fa42b33f4 -> 
  custom:video-decoder-ogg-theora: a1e56fd34408186e4bbccfd4996cb3dc -> 
  custom:CustomObjectIndexerAttribute: a3ef5dd2817f97addfee359851a9dba5 -> 
  custom:container-demuxer-webm: 4f35f7cbe854078d1ac9338744f61a02 -> 
  custom:video-encoder-webm-vp8: eb34c28f22e8b96e1ab97ce403110664 -> 
========================================================================
Received Prepare
Begin MonoManager ReloadAssembly
Symbol file data-0000018C52E7D020 doesn't match image C:\Users\rui02\unity_project\IVRC\IVRC\Library\ScriptAssemblies\UniHumanoid.Editor.dll
Symbol file LoadedFromMemory is not a mono symbol file
Symbol file data-0000018C087F2F90 doesn't match image C:\Users\rui02\unity_project\IVRC\IVRC\Library\ScriptAssemblies\Unity.XR.Management.dll
Symbol file LoadedFromMemory is not a mono symbol file
Symbol file data-0000018C4F475060 doesn't match image C:\Users\rui02\unity_project\IVRC\IVRC\Library\ScriptAssemblies\UniHumanoid.Editor.Tests.dll
Symbol file LoadedFromMemory is not a mono symbol file
Symbol file data-0000018C4F774030 doesn't match image C:\Users\rui02\unity_project\IVRC\IVRC\Library\ScriptAssemblies\Unity.VisualEffectGraph.Runtime.dll
Symbol file LoadedFromMemory is not a mono symbol file
Symbol file data-0000018BF9D99010 doesn't match image C:\Users\rui02\unity_project\IVRC\IVRC\Library\ScriptAssemblies\Unity.RenderPipelines.Core.Runtime.dll
Symbol file LoadedFromMemory is not a mono symbol file
Symbol file data-0000018C0B984030 doesn't match image C:\Users\rui02\unity_project\IVRC\IVRC\Library\ScriptAssemblies\Unity.Burst.Editor.dll
Symbol file LoadedFromMemory is not a mono symbol file
Symbol file data-0000018C068F0090 doesn't match image C:\Users\rui02\unity_project\IVRC\IVRC\Library\ScriptAssemblies\SteamVR.dll
Symbol file LoadedFromMemory is not a mono symbol file
Symbol file data-0000018C5007D010 doesn't match image C:\Users\rui02\unity_project\IVRC\IVRC\Library\ScriptAssemblies\VRMShaders.GLTF.UniUnlit.Runtime.dll
Symbol file LoadedFromMemory is not a mono symbol file
Symbol file data-0000018C5007D010 doesn't match image C:\Users\rui02\unity_project\IVRC\IVRC\Library\ScriptAssemblies\SteamVR_Windows_EditorHelper.dll
Symbol file LoadedFromMemory is not a mono symbol file
Symbol file data-0000018C094C7360 doesn't match image C:\Users\rui02\unity_project\IVRC\IVRC\Library\ScriptAssemblies\UniGLTF.dll
Symbol file LoadedFromMemory is not a mono symbol file
Symbol file data-0000018C4EC18060 doesn't match image C:\Users\rui02\unity_project\IVRC\IVRC\Library\ScriptAssemblies\Unity.Rider.Editor.dll
Symbol file LoadedFromMemory is not a mono symbol file
Symbol file data-0000018C4F6C2EC0 doesn't match image C:\Users\rui02\unity_project\IVRC\IVRC\Library\ScriptAssemblies\VRMShaders.VRM10.MToon10.Tests.dll
Symbol file LoadedFromMemory is not a mono symbol file
Symbol file data-0000018C08895C60 doesn't match image C:\Users\rui02\unity_project\IVRC\IVRC\Library\ScriptAssemblies\Unity.RenderPipelines.Core.Editor.dll
Symbol file LoadedFromMemory is not a mono symbol file
Symbol file data-0000018C546B4020 doesn't match image C:\Users\rui02\unity_project\IVRC\IVRC\Library\ScriptAssemblies\Unity.VisualEffectGraph.Editor.dll
Symbol file LoadedFromMemory is not a mono symbol file
Symbol file data-0000018C78607030 doesn't match image C:\Users\rui02\unity_project\IVRC\IVRC\Library\ScriptAssemblies\UnityEditor.TestRunner.dll
Symbol file LoadedFromMemory is not a mono symbol file
Symbol file data-0000018C5221EFD0 doesn't match image C:\Users\rui02\unity_project\IVRC\IVRC\Library\ScriptAssemblies\Unity.VisualScripting.Flow.dll
Symbol file LoadedFromMemory is not a mono symbol file
Symbol file data-0000018C505E69A0 doesn't match image C:\Users\rui02\unity_project\IVRC\IVRC\Library\ScriptAssemblies\Unity.Mathematics.Editor.dll
Symbol file LoadedFromMemory is not a mono symbol file
Symbol file data-0000018C505E69A0 doesn't match image C:\Users\rui02\unity_project\IVRC\IVRC\Library\ScriptAssemblies\Unity.TestTools.CodeCoverage.Editor.OpenCover.Mono.Reflection.dll
Symbol file LoadedFromMemory is not a mono symbol file
Symbol file data-0000018C4F475060 doesn't match image C:\Users\rui02\unity_project\IVRC\IVRC\Library\ScriptAssemblies\VRMShaders.VRM10.MToon10.Editor.dll
Symbol file LoadedFromMemory is not a mono symbol file
Symbol file data-0000018C4F475060 doesn't match image C:\Users\rui02\unity_project\IVRC\IVRC\Library\ScriptAssemblies\UniGLTF.Utils.dll
Symbol file LoadedFromMemory is not a mono symbol file
Symbol file data-0000018C54B67020 doesn't match image C:\Users\rui02\unity_project\IVRC\IVRC\Library\ScriptAssemblies\Unity.RenderPipelines.HighDefinition.Config.Runtime.dll
Symbol file LoadedFromMemory is not a mono symbol file
Symbol file data-0000018C086A3EB0 doesn't match image C:\Users\rui02\unity_project\IVRC\IVRC\Library\ScriptAssemblies\MToon.Editor.dll
Symbol file LoadedFromMemory is not a mono symbol file
Symbol file data-0000018C046EF030 doesn't match image C:\Users\rui02\unity_project\IVRC\IVRC\Library\ScriptAssemblies\Unity.Performance.Profile-Analyzer.Editor.dll
Symbol file LoadedFromMemory is not a mono symbol file
Symbol file data-0000018C52BF0050 doesn't match image C:\Users\rui02\unity_project\IVRC\IVRC\Library\ScriptAssemblies\Unity.RenderPipelines.Core.ShaderLibrary.dll
Symbol file LoadedFromMemory is not a mono symbol file
Symbol file data-0000018C4F8128A0 doesn't match image C:\Users\rui02\unity_project\IVRC\IVRC\Library\ScriptAssemblies\Unity.XR.Management.Editor.dll
Symbol file LoadedFromMemory is not a mono symbol file
Symbol file data-0000018C5007D010 doesn't match image C:\Users\rui02\unity_project\IVRC\IVRC\Library\ScriptAssemblies\VRMShaders.VRM.IO.Runtime.dll
Symbol file LoadedFromMemory is not a mono symbol file
Symbol file data-0000018C036E0C70 doesn't match image C:\Users\rui02\unity_project\IVRC\IVRC\Library\ScriptAssemblies\Unity.TestTools.CodeCoverage.Editor.dll
Symbol file LoadedFromMemory is not a mono symbol file
Symbol file data-0000018C0A0E1460 doesn't match image C:\Users\rui02\unity_project\IVRC\IVRC\Library\ScriptAssemblies\VRM.dll
Symbol file LoadedFromMemory is not a mono symbol file
Symbol file data-0000018C4F475060 doesn't match image C:\Users\rui02\unity_project\IVRC\IVRC\Library\ScriptAssemblies\VRMShaders.GLTF.UniUnlit.Editor.dll
Symbol file LoadedFromMemory is not a mono symbol file
Symbol file data-0000018C4F475060 doesn't match image C:\Users\rui02\unity_project\IVRC\IVRC\Library\ScriptAssemblies\PPv2URPConverters.dll
Symbol file LoadedFromMemory is not a mono symbol file
Symbol file data-0000018BFBB1B020 doesn't match image C:\Users\rui02\unity_project\IVRC\IVRC\Library\ScriptAssemblies\Unity.XR.OpenVR.dll
Symbol file LoadedFromMemory is not a mono symbol file
Symbol file data-0000018C0B0A90A0 doesn't match image C:\Users\rui02\unity_project\IVRC\IVRC\Library\ScriptAssemblies\Unity.Settings.Editor.dll
Symbol file LoadedFromMemory is not a mono symbol file
Symbol file data-0000018C558D1C80 doesn't match image C:\Users\rui02\unity_project\IVRC\IVRC\Library\ScriptAssemblies\Unity.TextMeshPro.dll
Symbol file LoadedFromMemory is not a mono symbol file
Symbol file data-0000018C4F6C2EC0 doesn't match image C:\Users\rui02\unity_project\IVRC\IVRC\Library\ScriptAssemblies\VRMShaders.VRM10.Format.Runtime.dll
Symbol file LoadedFromMemory is not a mono symbol file
Symbol file data-0000018C06F1A6F0 doesn't match image C:\Users\rui02\unity_project\IVRC\IVRC\Library\ScriptAssemblies\Unity.Burst.CodeGen.dll
Symbol file LoadedFromMemory is not a mono symbol file
Symbol file data-0000018BB391D230 doesn't match image C:\Users\rui02\unity_project\IVRC\IVRC\Library\ScriptAssemblies\Unity.VSCode.Editor.dll
Symbol file LoadedFromMemory is not a mono symbol file
Symbol file data-0000018C51FE0010 doesn't match image C:\Users\rui02\unity_project\IVRC\IVRC\Library\ScriptAssemblies\UniGLTF.Editor.dll
Symbol file LoadedFromMemory is not a mono symbol file
Symbol file data-0000018C08895C60 doesn't match image C:\Users\rui02\unity_project\IVRC\IVRC\Library\ScriptAssemblies\Unity.RenderPipelines.Universal.Editor.dll
Symbol file LoadedFromMemory is not a mono symbol file
Symbol file data-0000018C09A3FDD0 doesn't match image C:\Users\rui02\unity_project\IVRC\IVRC\Library\ScriptAssemblies\Unity.RenderPipelines.HighDefinition.Editor.dll
Symbol file LoadedFromMemory is not a mono symbol file
Symbol file data-0000018BD7B11020 doesn't match image C:\Users\rui02\unity_project\IVRC\IVRC\Library\ScriptAssemblies\VRM.Samples.Editor.Tests.dll
Symbol file LoadedFromMemory is not a mono symbol file
Symbol file data-0000018C52BF0050 doesn't match image C:\Users\rui02\unity_project\IVRC\IVRC\Library\ScriptAssemblies\Unity.RenderPipelines.ShaderGraph.ShaderGraphLibrary.dll
Symbol file LoadedFromMemory is not a mono symbol file
Symbol file data-0000018C4F475060 doesn't match image C:\Users\rui02\unity_project\IVRC\IVRC\Library\ScriptAssemblies\Unity.EditorCoroutines.Editor.dll
Symbol file LoadedFromMemory is not a mono symbol file
Symbol file data-0000018C55430030 doesn't match image C:\Users\rui02\unity_project\IVRC\IVRC\Library\ScriptAssemblies\FastSpringBone.dll
Symbol file LoadedFromMemory is not a mono symbol file
Symbol file data-0000018C4EE29040 doesn't match image C:\Users\rui02\unity_project\IVRC\IVRC\Library\ScriptAssemblies\Unity.TerrainTools.Editor.dll
Symbol file LoadedFromMemory is not a mono symbol file
Symbol file data-0000018BD8140010 doesn't match image C:\Users\rui02\unity_project\IVRC\IVRC\Library\ScriptAssemblies\Unity.RenderPipelines.Universal.Runtime.dll
Symbol file LoadedFromMemory is not a mono symbol file
Symbol file data-0000018C0967E020 doesn't match image C:\Users\rui02\unity_project\IVRC\IVRC\Library\ScriptAssemblies\MToon.dll
Symbol file LoadedFromMemory is not a mono symbol file
Symbol file data-0000018C0AD57240 doesn't match image C:\Users\rui02\unity_project\IVRC\IVRC\Library\ScriptAssemblies\UniHumanoid.dll
Symbol file LoadedFromMemory is not a mono symbol file
Symbol file data-0000018C4FDB1050 doesn't match image C:\Users\rui02\unity_project\IVRC\IVRC\Library\ScriptAssemblies\Unity.Burst.dll
Symbol file LoadedFromMemory is not a mono symbol file
Symbol file data-0000018C06E8F020 doesn't match image C:\Users\rui02\unity_project\IVRC\IVRC\Library\ScriptAssemblies\UnityEngine.XR.LegacyInputHelpers.dll
Symbol file LoadedFromMemory is not a mono symbol file
Symbol file data-0000018C082E9D90 doesn't match image C:\Users\rui02\unity_project\IVRC\IVRC\Library\ScriptAssemblies\UniGLTF.Tests.dll
Symbol file LoadedFromMemory is not a mono symbol file
Symbol file data-0000018C0A5E1010 doesn't match image C:\Users\rui02\unity_project\IVRC\IVRC\Library\ScriptAssemblies\VRMShaders.GLTF.IO.Runtime.dll
Symbol file LoadedFromMemory is not a mono symbol file
Symbol file data-0000018C55F2D030 doesn't match image C:\Users\rui02\unity_project\IVRC\IVRC\Library\ScriptAssemblies\Unity.Timeline.Editor.dll
Symbol file LoadedFromMemory is not a mono symbol file
Symbol file data-0000018C0967E020 doesn't match image C:\Users\rui02\unity_project\IVRC\IVRC\Library\ScriptAssemblies\Unity.VisualScripting.Shared.Editor.dll
Symbol file LoadedFromMemory is not a mono symbol file
Symbol file data-0000018C4F6C2EC0 doesn't match image C:\Users\rui02\unity_project\IVRC\IVRC\Library\ScriptAssemblies\Unity.TerrainTools.dll
Symbol file LoadedFromMemory is not a mono symbol file
Symbol file data-0000018C532700A0 doesn't match image C:\Users\rui02\unity_project\IVRC\IVRC\Library\ScriptAssemblies\Unity.PlasticSCM.Editor.dll
Symbol file LoadedFromMemory is not a mono symbol file
Symbol file data-0000018BD7B11020 doesn't match image C:\Users\rui02\unity_project\IVRC\IVRC\Library\ScriptAssemblies\Unity.CollabProxy.Editor.dll
Symbol file LoadedFromMemory is not a mono symbol file
Symbol file data-0000018BD7B11020 doesn't match image C:\Users\rui02\unity_project\IVRC\IVRC\Library\ScriptAssemblies\UnityEditor.SpatialTracking.dll
Symbol file LoadedFromMemory is not a mono symbol file
Symbol file data-0000018C08A71010 doesn't match image C:\Users\rui02\unity_project\IVRC\IVRC\Library\ScriptAssemblies\UniVRM.Editor.dll
Symbol file LoadedFromMemory is not a mono symbol file
Symbol file data-0000018C5183F020 doesn't match image C:\Users\rui02\unity_project\IVRC\IVRC\Library\ScriptAssemblies\Unity.ShaderGraph.Editor.dll
Symbol file LoadedFromMemory is not a mono symbol file
Symbol file data-0000018C51AA7030 doesn't match image C:\Users\rui02\unity_project\IVRC\IVRC\Library\ScriptAssemblies\Unity.VisualStudio.Editor.dll
Symbol file LoadedFromMemory is not a mono symbol file
Symbol file data-0000018C7C8A7030 doesn't match image C:\Users\rui02\unity_project\IVRC\IVRC\Library\ScriptAssemblies\UnityEditor.UI.dll
Symbol file LoadedFromMemory is not a mono symbol file
Symbol file data-0000018C5048C060 doesn't match image C:\Users\rui02\unity_project\IVRC\IVRC\Library\ScriptAssemblies\Unity.VisualScripting.Core.dll
Symbol file LoadedFromMemory is not a mono symbol file
Symbol file data-0000018C51AA7030 doesn't match image C:\Users\rui02\unity_project\IVRC\IVRC\Library\ScriptAssemblies\SteamVR_Input_Editor.dll
Symbol file LoadedFromMemory is not a mono symbol file
Symbol file data-0000018C4CD54E60 doesn't match image C:\Users\rui02\unity_project\IVRC\IVRC\Library\ScriptAssemblies\Unity.VisualScripting.Core.Editor.dll
Symbol file LoadedFromMemory is not a mono symbol file
Symbol file data-0000018C086A3EB0 doesn't match image C:\Users\rui02\unity_project\IVRC\IVRC\Library\ScriptAssemblies\UnityEngine.SpatialTracking.dll
Symbol file LoadedFromMemory is not a mono symbol file
Symbol file data-0000018C5575A090 doesn't match image C:\Users\rui02\unity_project\IVRC\IVRC\Library\ScriptAssemblies\UnityEngine.UI.dll
Symbol file LoadedFromMemory is not a mono symbol file
Symbol file data-0000018BD7B11020 doesn't match image C:\Users\rui02\unity_project\IVRC\IVRC\Library\ScriptAssemblies\VRMShaders.GLTF.IO.Tests.dll
Symbol file LoadedFromMemory is not a mono symbol file
Symbol file data-0000018C087F2F90 doesn't match image C:\Users\rui02\unity_project\IVRC\IVRC\Library\ScriptAssemblies\UnityEditor.XR.LegacyInputHelpers.dll
Symbol file LoadedFromMemory is not a mono symbol file
Symbol file data-0000018C55430030 doesn't match image C:\Users\rui02\unity_project\IVRC\IVRC\Library\ScriptAssemblies\SteamVR_Editor.dll
Symbol file LoadedFromMemory is not a mono symbol file
Symbol file data-0000018BD7C76010 doesn't match image C:\Users\rui02\unity_project\IVRC\IVRC\Library\ScriptAssemblies\Unity.VisualScripting.Flow.Editor.dll
Symbol file LoadedFromMemory is not a mono symbol file
Symbol file data-0000018C5007D010 doesn't match image C:\Users\rui02\unity_project\IVRC\IVRC\Library\ScriptAssemblies\Unity.RenderPipeline.Universal.ShaderLibrary.dll
Symbol file LoadedFromMemory is not a mono symbol file
Symbol file data-0000018C0B298030 doesn't match image C:\Users\rui02\unity_project\IVRC\IVRC\Library\ScriptAssemblies\Unity.Timeline.dll
Symbol file LoadedFromMemory is not a mono symbol file
Symbol file data-0000018C091C8020 doesn't match image C:\Users\rui02\unity_project\IVRC\IVRC\Library\ScriptAssemblies\Unity.XR.OpenVR.Editor.dll
Symbol file LoadedFromMemory is not a mono symbol file
Symbol file data-0000018C034F5020 doesn't match image C:\Users\rui02\unity_project\IVRC\IVRC\Library\ScriptAssemblies\VRMShaders.VRM10.MToon10.Runtime.dll
Symbol file LoadedFromMemory is not a mono symbol file
Symbol file data-0000018C505E69A0 doesn't match image C:\Users\rui02\unity_project\IVRC\IVRC\Library\ScriptAssemblies\Unity.VisualScripting.SettingsProvider.Editor.dll
Symbol file LoadedFromMemory is not a mono symbol file
Symbol file data-0000018BB391D230 doesn't match image C:\Users\rui02\unity_project\IVRC\IVRC\Library\ScriptAssemblies\Unity.TestTools.CodeCoverage.Editor.OpenCover.Model.dll
Symbol file LoadedFromMemory is not a mono symbol file
Symbol file data-0000018C5277C870 doesn't match image C:\Users\rui02\unity_project\IVRC\IVRC\Library\ScriptAssemblies\VRMShaders.GLTF.IO.Editor.dll
Symbol file LoadedFromMemory is not a mono symbol file
Symbol file data-0000018C51FE0010 doesn't match image C:\Users\rui02\unity_project\IVRC\IVRC\Library\ScriptAssemblies\UnityEngine.TestRunner.dll
Symbol file LoadedFromMemory is not a mono symbol file
Symbol file data-0000018C51AA7030 doesn't match image C:\Users\rui02\unity_project\IVRC\IVRC\Library\ScriptAssemblies\Unity.VisualScripting.State.Editor.dll
Symbol file LoadedFromMemory is not a mono symbol file
Symbol file data-0000018C09D699C0 doesn't match image C:\Users\rui02\unity_project\IVRC\IVRC\Library\ScriptAssemblies\Unity.Mathematics.dll
Symbol file LoadedFromMemory is not a mono symbol file
Symbol file data-0000018C52BF0050 doesn't match image C:\Users\rui02\unity_project\IVRC\IVRC\Library\ScriptAssemblies\Unity.RenderPipelines.Universal.Shaders.dll
Symbol file LoadedFromMemory is not a mono symbol file
Symbol file data-0000018C09DC8A10 doesn't match image C:\Users\rui02\unity_project\IVRC\IVRC\Library\ScriptAssemblies\Unity.TextMeshPro.Editor.dll
Symbol file LoadedFromMemory is not a mono symbol file
Symbol file data-0000018C0A5E1010 doesn't match image C:\Users\rui02\unity_project\IVRC\IVRC\Library\ScriptAssemblies\Unity.Searcher.Editor.dll
Symbol file LoadedFromMemory is not a mono symbol file
Symbol file data-0000018C06D35FC0 doesn't match image C:\Users\rui02\unity_project\IVRC\IVRC\Library\ScriptAssemblies\Unity.VisualScripting.State.dll
Symbol file LoadedFromMemory is not a mono symbol file
Symbol file data-0000018C5277C870 doesn't match image C:\Users\rui02\unity_project\IVRC\IVRC\Library\ScriptAssemblies\Unity.ShaderGraph.Utilities.dll
Symbol file LoadedFromMemory is not a mono symbol file
Symbol file data-0000018C4F232030 doesn't match image C:\Users\rui02\unity_project\IVRC\IVRC\Library\ScriptAssemblies\Unity.RenderPipelines.HighDefinition.Runtime.dll
Symbol file LoadedFromMemory is not a mono symbol file
Symbol file data-0000018BB391D230 doesn't match image C:\Users\rui02\unity_project\IVRC\IVRC\Library\ScriptAssemblies\VRM.Tests.dll
Symbol file LoadedFromMemory is not a mono symbol file
- Loaded All Assemblies, in  0.556 seconds
Refreshing native plugins compatible for Editor in 5.26 ms, found 6 plugins.
Native extension for WindowsStandalone target not found
Native extension for WebGL target not found
[Package Manager] Server::EnsureServerProcessIsRunning -- launch failed, reason: Unity was launched with the -noUpm command-line argument
[Package Manager] UpmClient::Send -- Unable to send message (not connected to UPM process).
[Package Manager] Cannot connect to Unity Package Manager local server
[Package Manager] Server::EnsureServerProcessIsRunning -- launch failed, reason: Unity was launched with the -noUpm command-line argument
[Package Manager] UpmClient::Send -- Unable to send message (not connected to UPM process).
[Package Manager] Cannot connect to Unity Package Manager local server
Mono: successfully reloaded assembly
[Package Manager] Server::EnsureServerProcessIsRunning -- launch failed, reason: Unity was launched with the -noUpm command-line argument
[Package Manager] UpmClient::Send -- Unable to send message (not connected to UPM process).
[Package Manager] Cannot connect to Unity Package Manager local server
- Finished resetting the current domain, in  1.240 seconds
Domain Reload Profiling: 1792ms
	BeginReloadAssembly (153ms)
		ExecutionOrderSort (0ms)
		DisableScriptedObjects (4ms)
		BackupInstance (0ms)
		ReleaseScriptingObjects (0ms)
		CreateAndSetChildDomain (39ms)
	RebuildCommonClasses (30ms)
	RebuildNativeTypeToScriptingClass (11ms)
	initialDomainReloadingComplete (25ms)
	LoadAllAssembliesAndSetupDomain (332ms)
		LoadAssemblies (335ms)
		RebuildTransferFunctionScriptingTraits (0ms)
		AnalyzeDomain (75ms)
			TypeCache.Refresh (14ms)
				TypeCache.ScanAssembly (1ms)
			ScanForSourceGeneratedMonoScriptInfo (42ms)
			ResolveRequiredComponents (17ms)
	FinalizeReload (1240ms)
		ReleaseScriptCaches (0ms)
		RebuildScriptCaches (0ms)
		SetupLoadedEditorAssemblies (545ms)
			LogAssemblyErrors (0ms)
			InitializePlatformSupportModulesInManaged (6ms)
			SetLoadedEditorAssemblies (5ms)
			RefreshPlugins (0ms)
			BeforeProcessingInitializeOnLoad (94ms)
			ProcessInitializeOnLoadAttributes (413ms)
			ProcessInitializeOnLoadMethodAttributes (23ms)
			AfterProcessingInitializeOnLoad (4ms)
			EditorAssembliesLoaded (0ms)
		ExecutionOrderSort2 (0ms)
		AwakeInstancesAfterBackupRestoration (5ms)
Refreshing native plugins compatible for Editor in 5.05 ms, found 6 plugins.
Preloading 0 native plugins for Editor in 0.00 ms.
Unloading 7878 Unused Serialized files (Serialized files now loaded: 0)
Unloading 211 unused Assets / (15.4 MB). Loaded Objects now: 8846.
Memory consumption went from 307.5 MB to 292.0 MB.
Total: 5.853100 ms (FindLiveObjects: 0.465100 ms CreateObjectMapping: 0.319200 ms MarkObjects: 2.467600 ms  DeleteObjects: 2.600400 ms)

Prepare: number of updated asset objects reloaded= 0
AssetImportParameters requested are different than current active one (requested -> active):
  custom:container-demuxer-ogg: 62fdf1f143b41e24485cea50d1cbac27 -> 
  custom:framework-win-MediaFoundation: 216162199b28c13a410421893ffa2e32 -> 
  custom:container-muxer-webm: aa71ff27fc2769a1b78a27578f13a17b -> 
  custom:video-decoder-webm-vp8: 9c59270c3fd7afecdb556c50c9e8de78 -> 
  custom:SearchIndexIgnoredProperties: e643bd26f0fe6173181afceb89e7c659 -> 
  custom:AudioImporter_EditorPlatform: d09bf68614088b80899f8185d706f6e7 -> 
  custom:audio-decoder-ogg-vorbis: bf7c407c2cedff20999df2af8eb42d56 -> 
  custom:audio-encoder-webm-vorbis: bf7c407c2cedff20999df2af8eb42d56 -> 
  custom:video-codec-MediaFoundation-h265: 746d11721c4dcdbdad8f713fa42b33f4 -> 
  custom:video-decoder-ogg-theora: a1e56fd34408186e4bbccfd4996cb3dc -> 
  custom:CustomObjectIndexerAttribute: a3ef5dd2817f97addfee359851a9dba5 -> 
  custom:container-demuxer-webm: 4f35f7cbe854078d1ac9338744f61a02 -> 
  custom:video-encoder-webm-vp8: eb34c28f22e8b96e1ab97ce403110664 -> 
========================================================================
Received Prepare
Begin MonoManager ReloadAssembly
Symbol file data-0000018C09ADB050 doesn't match image C:\Users\rui02\unity_project\IVRC\IVRC\Library\ScriptAssemblies\UniHumanoid.Editor.dll
Symbol file LoadedFromMemory is not a mono symbol file
Symbol file data-0000018C5132A430 doesn't match image C:\Users\rui02\unity_project\IVRC\IVRC\Library\ScriptAssemblies\Unity.XR.Management.dll
Symbol file LoadedFromMemory is not a mono symbol file
Symbol file data-0000018C4F475060 doesn't match image C:\Users\rui02\unity_project\IVRC\IVRC\Library\ScriptAssemblies\UniHumanoid.Editor.Tests.dll
Symbol file LoadedFromMemory is not a mono symbol file
Symbol file data-0000018C5313C060 doesn't match image C:\Users\rui02\unity_project\IVRC\IVRC\Library\ScriptAssemblies\Unity.VisualEffectGraph.Runtime.dll
Symbol file LoadedFromMemory is not a mono symbol file
Symbol file data-0000018C4F7E2040 doesn't match image C:\Users\rui02\unity_project\IVRC\IVRC\Library\ScriptAssemblies\Unity.RenderPipelines.Core.Runtime.dll
Symbol file LoadedFromMemory is not a mono symbol file
Symbol file data-0000018C4E243810 doesn't match image C:\Users\rui02\unity_project\IVRC\IVRC\Library\ScriptAssemblies\Unity.Burst.Editor.dll
Symbol file LoadedFromMemory is not a mono symbol file
Symbol file data-0000018C05324040 doesn't match image C:\Users\rui02\unity_project\IVRC\IVRC\Library\ScriptAssemblies\SteamVR.dll
Symbol file LoadedFromMemory is not a mono symbol file
Symbol file data-0000018C54FEF050 doesn't match image C:\Users\rui02\unity_project\IVRC\IVRC\Library\ScriptAssemblies\VRMShaders.GLTF.UniUnlit.Runtime.dll
Symbol file LoadedFromMemory is not a mono symbol file
Symbol file data-0000018C0B4FC010 doesn't match image C:\Users\rui02\unity_project\IVRC\IVRC\Library\ScriptAssemblies\SteamVR_Windows_EditorHelper.dll
Symbol file LoadedFromMemory is not a mono symbol file
Symbol file data-0000018C094C7360 doesn't match image C:\Users\rui02\unity_project\IVRC\IVRC\Library\ScriptAssemblies\UniGLTF.dll
Symbol file LoadedFromMemory is not a mono symbol file
Symbol file data-0000018C536F9170 doesn't match image C:\Users\rui02\unity_project\IVRC\IVRC\Library\ScriptAssemblies\Unity.Rider.Editor.dll
Symbol file LoadedFromMemory is not a mono symbol file
Symbol file data-0000018C515A1890 doesn't match image C:\Users\rui02\unity_project\IVRC\IVRC\Library\ScriptAssemblies\VRMShaders.VRM10.MToon10.Tests.dll
Symbol file LoadedFromMemory is not a mono symbol file
Symbol file data-0000018C4F7E2040 doesn't match image C:\Users\rui02\unity_project\IVRC\IVRC\Library\ScriptAssemblies\Unity.RenderPipelines.Core.Editor.dll
Symbol file LoadedFromMemory is not a mono symbol file
Symbol file data-0000018C03DE3040 doesn't match image C:\Users\rui02\unity_project\IVRC\IVRC\Library\ScriptAssemblies\Unity.VisualEffectGraph.Editor.dll
Symbol file LoadedFromMemory is not a mono symbol file
Symbol file data-0000018C091674F0 doesn't match image C:\Users\rui02\unity_project\IVRC\IVRC\Library\ScriptAssemblies\UnityEditor.TestRunner.dll
Symbol file LoadedFromMemory is not a mono symbol file
Symbol file data-0000018C09452010 doesn't match image C:\Users\rui02\unity_project\IVRC\IVRC\Library\ScriptAssemblies\Unity.VisualScripting.Flow.dll
Symbol file LoadedFromMemory is not a mono symbol file
Symbol file data-0000018C4EAF18B0 doesn't match image C:\Users\rui02\unity_project\IVRC\IVRC\Library\ScriptAssemblies\Unity.Mathematics.Editor.dll
Symbol file LoadedFromMemory is not a mono symbol file
Symbol file data-0000018C4EAF18B0 doesn't match image C:\Users\rui02\unity_project\IVRC\IVRC\Library\ScriptAssemblies\Unity.TestTools.CodeCoverage.Editor.OpenCover.Mono.Reflection.dll
Symbol file LoadedFromMemory is not a mono symbol file
Symbol file data-0000018C4F475060 doesn't match image C:\Users\rui02\unity_project\IVRC\IVRC\Library\ScriptAssemblies\VRMShaders.VRM10.MToon10.Editor.dll
Symbol file LoadedFromMemory is not a mono symbol file
Symbol file data-0000018C4F475060 doesn't match image C:\Users\rui02\unity_project\IVRC\IVRC\Library\ScriptAssemblies\UniGLTF.Utils.dll
Symbol file LoadedFromMemory is not a mono symbol file
Symbol file data-0000018C54B67020 doesn't match image C:\Users\rui02\unity_project\IVRC\IVRC\Library\ScriptAssemblies\Unity.RenderPipelines.HighDefinition.Config.Runtime.dll
Symbol file LoadedFromMemory is not a mono symbol file
Symbol file data-0000018C7779EA60 doesn't match image C:\Users\rui02\unity_project\IVRC\IVRC\Library\ScriptAssemblies\MToon.Editor.dll
Symbol file LoadedFromMemory is not a mono symbol file
Symbol file data-0000018C046EF030 doesn't match image C:\Users\rui02\unity_project\IVRC\IVRC\Library\ScriptAssemblies\Unity.Performance.Profile-Analyzer.Editor.dll
Symbol file LoadedFromMemory is not a mono symbol file
Symbol file data-0000018C515A1890 doesn't match image C:\Users\rui02\unity_project\IVRC\IVRC\Library\ScriptAssemblies\Unity.RenderPipelines.Core.ShaderLibrary.dll
Symbol file LoadedFromMemory is not a mono symbol file
Symbol file data-0000018C0AD57240 doesn't match image C:\Users\rui02\unity_project\IVRC\IVRC\Library\ScriptAssemblies\Unity.XR.Management.Editor.dll
Symbol file LoadedFromMemory is not a mono symbol file
Symbol file data-0000018C54FEF050 doesn't match image C:\Users\rui02\unity_project\IVRC\IVRC\Library\ScriptAssemblies\VRMShaders.VRM.IO.Runtime.dll
Symbol file LoadedFromMemory is not a mono symbol file
Symbol file data-0000018C0A4AB020 doesn't match image C:\Users\rui02\unity_project\IVRC\IVRC\Library\ScriptAssemblies\Unity.TestTools.CodeCoverage.Editor.dll
Symbol file LoadedFromMemory is not a mono symbol file
Symbol file data-0000018C0A0E1460 doesn't match image C:\Users\rui02\unity_project\IVRC\IVRC\Library\ScriptAssemblies\VRM.dll
Symbol file LoadedFromMemory is not a mono symbol file
Symbol file data-0000018C4F475060 doesn't match image C:\Users\rui02\unity_project\IVRC\IVRC\Library\ScriptAssemblies\VRMShaders.GLTF.UniUnlit.Editor.dll
Symbol file LoadedFromMemory is not a mono symbol file
Symbol file data-0000018C4F475060 doesn't match image C:\Users\rui02\unity_project\IVRC\IVRC\Library\ScriptAssemblies\PPv2URPConverters.dll
Symbol file LoadedFromMemory is not a mono symbol file
Symbol file data-0000018BFBB1B020 doesn't match image C:\Users\rui02\unity_project\IVRC\IVRC\Library\ScriptAssemblies\Unity.XR.OpenVR.dll
Symbol file LoadedFromMemory is not a mono symbol file
Symbol file data-0000018C0B0A90A0 doesn't match image C:\Users\rui02\unity_project\IVRC\IVRC\Library\ScriptAssemblies\Unity.Settings.Editor.dll
Symbol file LoadedFromMemory is not a mono symbol file
Symbol file data-0000018C558D1C80 doesn't match image C:\Users\rui02\unity_project\IVRC\IVRC\Library\ScriptAssemblies\Unity.TextMeshPro.dll
Symbol file LoadedFromMemory is not a mono symbol file
Symbol file data-0000018C515A1890 doesn't match image C:\Users\rui02\unity_project\IVRC\IVRC\Library\ScriptAssemblies\VRMShaders.VRM10.Format.Runtime.dll
Symbol file LoadedFromMemory is not a mono symbol file
Symbol file data-0000018C06F1A6F0 doesn't match image C:\Users\rui02\unity_project\IVRC\IVRC\Library\ScriptAssemblies\Unity.Burst.CodeGen.dll
Symbol file LoadedFromMemory is not a mono symbol file
Symbol file data-0000018C06AC2020 doesn't match image C:\Users\rui02\unity_project\IVRC\IVRC\Library\ScriptAssemblies\Unity.VSCode.Editor.dll
Symbol file LoadedFromMemory is not a mono symbol file
Symbol file data-0000018C0AB3FD90 doesn't match image C:\Users\rui02\unity_project\IVRC\IVRC\Library\ScriptAssemblies\UniGLTF.Editor.dll
Symbol file LoadedFromMemory is not a mono symbol file
Symbol file data-0000018C4F7E2040 doesn't match image C:\Users\rui02\unity_project\IVRC\IVRC\Library\ScriptAssemblies\Unity.RenderPipelines.Universal.Editor.dll
Symbol file LoadedFromMemory is not a mono symbol file
Symbol file data-0000018C09336930 doesn't match image C:\Users\rui02\unity_project\IVRC\IVRC\Library\ScriptAssemblies\Unity.RenderPipelines.HighDefinition.Editor.dll
Symbol file LoadedFromMemory is not a mono symbol file
Symbol file data-0000018BD7B11020 doesn't match image C:\Users\rui02\unity_project\IVRC\IVRC\Library\ScriptAssemblies\VRM.Samples.Editor.Tests.dll
Symbol file LoadedFromMemory is not a mono symbol file
Symbol file data-0000018C515A1890 doesn't match image C:\Users\rui02\unity_project\IVRC\IVRC\Library\ScriptAssemblies\Unity.RenderPipelines.ShaderGraph.ShaderGraphLibrary.dll
Symbol file LoadedFromMemory is not a mono symbol file
Symbol file data-0000018C4F475060 doesn't match image C:\Users\rui02\unity_project\IVRC\IVRC\Library\ScriptAssemblies\Unity.EditorCoroutines.Editor.dll
Symbol file LoadedFromMemory is not a mono symbol file
Symbol file data-0000018C55430030 doesn't match image C:\Users\rui02\unity_project\IVRC\IVRC\Library\ScriptAssemblies\FastSpringBone.dll
Symbol file LoadedFromMemory is not a mono symbol file
Symbol file data-0000018C558D1C80 doesn't match image C:\Users\rui02\unity_project\IVRC\IVRC\Library\ScriptAssemblies\Unity.TerrainTools.Editor.dll
Symbol file LoadedFromMemory is not a mono symbol file
Symbol file data-0000018BD8140010 doesn't match image C:\Users\rui02\unity_project\IVRC\IVRC\Library\ScriptAssemblies\Unity.RenderPipelines.Universal.Runtime.dll
Symbol file LoadedFromMemory is not a mono symbol file
Symbol file data-0000018C0B028010 doesn't match image C:\Users\rui02\unity_project\IVRC\IVRC\Library\ScriptAssemblies\MToon.dll
Symbol file LoadedFromMemory is not a mono symbol file
Symbol file data-0000018C53B45030 doesn't match image C:\Users\rui02\unity_project\IVRC\IVRC\Library\ScriptAssemblies\UniHumanoid.dll
Symbol file LoadedFromMemory is not a mono symbol file
Symbol file data-0000018C558D1C80 doesn't match image C:\Users\rui02\unity_project\IVRC\IVRC\Library\ScriptAssemblies\Unity.Burst.dll
Symbol file LoadedFromMemory is not a mono symbol file
Symbol file data-0000018C0393F050 doesn't match image C:\Users\rui02\unity_project\IVRC\IVRC\Library\ScriptAssemblies\UnityEngine.XR.LegacyInputHelpers.dll
Symbol file LoadedFromMemory is not a mono symbol file
Symbol file data-0000018C0C0E3030 doesn't match image C:\Users\rui02\unity_project\IVRC\IVRC\Library\ScriptAssemblies\UniGLTF.Tests.dll
Symbol file LoadedFromMemory is not a mono symbol file
Symbol file data-0000018C08F66010 doesn't match image C:\Users\rui02\unity_project\IVRC\IVRC\Library\ScriptAssemblies\VRMShaders.GLTF.IO.Runtime.dll
Symbol file LoadedFromMemory is not a mono symbol file
Symbol file data-0000018C7C8A7030 doesn't match image C:\Users\rui02\unity_project\IVRC\IVRC\Library\ScriptAssemblies\Unity.Timeline.Editor.dll
Symbol file LoadedFromMemory is not a mono symbol file
Symbol file data-0000018C0B028010 doesn't match image C:\Users\rui02\unity_project\IVRC\IVRC\Library\ScriptAssemblies\Unity.VisualScripting.Shared.Editor.dll
Symbol file LoadedFromMemory is not a mono symbol file
Symbol file data-0000018C515A1890 doesn't match image C:\Users\rui02\unity_project\IVRC\IVRC\Library\ScriptAssemblies\Unity.TerrainTools.dll
Symbol file LoadedFromMemory is not a mono symbol file
Symbol file data-0000018C557AD4F0 doesn't match image C:\Users\rui02\unity_project\IVRC\IVRC\Library\ScriptAssemblies\Unity.PlasticSCM.Editor.dll
Symbol file LoadedFromMemory is not a mono symbol file
Symbol file data-0000018BD7B11020 doesn't match image C:\Users\rui02\unity_project\IVRC\IVRC\Library\ScriptAssemblies\Unity.CollabProxy.Editor.dll
Symbol file LoadedFromMemory is not a mono symbol file
Symbol file data-0000018BD7B11020 doesn't match image C:\Users\rui02\unity_project\IVRC\IVRC\Library\ScriptAssemblies\UnityEditor.SpatialTracking.dll
Symbol file LoadedFromMemory is not a mono symbol file
Symbol file data-0000018C5313C060 doesn't match image C:\Users\rui02\unity_project\IVRC\IVRC\Library\ScriptAssemblies\UniVRM.Editor.dll
Symbol file LoadedFromMemory is not a mono symbol file
Symbol file data-0000018C4E3D9020 doesn't match image C:\Users\rui02\unity_project\IVRC\IVRC\Library\ScriptAssemblies\Unity.ShaderGraph.Editor.dll
Symbol file LoadedFromMemory is not a mono symbol file
Symbol file data-0000018C51AA7030 doesn't match image C:\Users\rui02\unity_project\IVRC\IVRC\Library\ScriptAssemblies\Unity.VisualStudio.Editor.dll
Symbol file LoadedFromMemory is not a mono symbol file
Symbol file data-0000018C4EE49050 doesn't match image C:\Users\rui02\unity_project\IVRC\IVRC\Library\ScriptAssemblies\UnityEditor.UI.dll
Symbol file LoadedFromMemory is not a mono symbol file
Symbol file data-0000018C4CC1A060 doesn't match image C:\Users\rui02\unity_project\IVRC\IVRC\Library\ScriptAssemblies\Unity.VisualScripting.Core.dll
Symbol file LoadedFromMemory is not a mono symbol file
Symbol file data-0000018C51AA7030 doesn't match image C:\Users\rui02\unity_project\IVRC\IVRC\Library\ScriptAssemblies\SteamVR_Input_Editor.dll
Symbol file LoadedFromMemory is not a mono symbol file
Symbol file data-0000018C516BA440 doesn't match image C:\Users\rui02\unity_project\IVRC\IVRC\Library\ScriptAssemblies\Unity.VisualScripting.Core.Editor.dll
Symbol file LoadedFromMemory is not a mono symbol file
Symbol file data-0000018C7779EA60 doesn't match image C:\Users\rui02\unity_project\IVRC\IVRC\Library\ScriptAssemblies\UnityEngine.SpatialTracking.dll
Symbol file LoadedFromMemory is not a mono symbol file
Symbol file data-0000018C4C985E60 doesn't match image C:\Users\rui02\unity_project\IVRC\IVRC\Library\ScriptAssemblies\UnityEngine.UI.dll
Symbol file LoadedFromMemory is not a mono symbol file
Symbol file data-0000018BD7B11020 doesn't match image C:\Users\rui02\unity_project\IVRC\IVRC\Library\ScriptAssemblies\VRMShaders.GLTF.IO.Tests.dll
Symbol file LoadedFromMemory is not a mono symbol file
Symbol file data-0000018C03464010 doesn't match image C:\Users\rui02\unity_project\IVRC\IVRC\Library\ScriptAssemblies\UnityEditor.XR.LegacyInputHelpers.dll
Symbol file LoadedFromMemory is not a mono symbol file
Symbol file data-0000018C55430030 doesn't match image C:\Users\rui02\unity_project\IVRC\IVRC\Library\ScriptAssemblies\SteamVR_Editor.dll
Symbol file LoadedFromMemory is not a mono symbol file
Symbol file data-0000018C08751510 doesn't match image C:\Users\rui02\unity_project\IVRC\IVRC\Library\ScriptAssemblies\Unity.VisualScripting.Flow.Editor.dll
Symbol file LoadedFromMemory is not a mono symbol file
Symbol file data-0000018C54FEF050 doesn't match image C:\Users\rui02\unity_project\IVRC\IVRC\Library\ScriptAssemblies\Unity.RenderPipeline.Universal.ShaderLibrary.dll
Symbol file LoadedFromMemory is not a mono symbol file
Symbol file data-0000018C51587030 doesn't match image C:\Users\rui02\unity_project\IVRC\IVRC\Library\ScriptAssemblies\Unity.Timeline.dll
Symbol file LoadedFromMemory is not a mono symbol file
Symbol file data-0000018C4EAF18B0 doesn't match image C:\Users\rui02\unity_project\IVRC\IVRC\Library\ScriptAssemblies\Unity.XR.OpenVR.Editor.dll
Symbol file LoadedFromMemory is not a mono symbol file
Symbol file data-0000018BFB932010 doesn't match image C:\Users\rui02\unity_project\IVRC\IVRC\Library\ScriptAssemblies\VRMShaders.VRM10.MToon10.Runtime.dll
Symbol file LoadedFromMemory is not a mono symbol file
Symbol file data-0000018C4EAF18B0 doesn't match image C:\Users\rui02\unity_project\IVRC\IVRC\Library\ScriptAssemblies\Unity.VisualScripting.SettingsProvider.Editor.dll
Symbol file LoadedFromMemory is not a mono symbol file
Symbol file data-0000018C06AC2020 doesn't match image C:\Users\rui02\unity_project\IVRC\IVRC\Library\ScriptAssemblies\Unity.TestTools.CodeCoverage.Editor.OpenCover.Model.dll
Symbol file LoadedFromMemory is not a mono symbol file
Symbol file data-0000018BFB2E4630 doesn't match image C:\Users\rui02\unity_project\IVRC\IVRC\Library\ScriptAssemblies\VRMShaders.GLTF.IO.Editor.dll
Symbol file LoadedFromMemory is not a mono symbol file
Symbol file data-0000018BD85E9F20 doesn't match image C:\Users\rui02\unity_project\IVRC\IVRC\Library\ScriptAssemblies\UnityEngine.TestRunner.dll
Symbol file LoadedFromMemory is not a mono symbol file
Symbol file data-0000018C51AA7030 doesn't match image C:\Users\rui02\unity_project\IVRC\IVRC\Library\ScriptAssemblies\Unity.VisualScripting.State.Editor.dll
Symbol file LoadedFromMemory is not a mono symbol file
Symbol file data-0000018C09D699C0 doesn't match image C:\Users\rui02\unity_project\IVRC\IVRC\Library\ScriptAssemblies\Unity.Mathematics.dll
Symbol file LoadedFromMemory is not a mono symbol file
Symbol file data-0000018C515A1890 doesn't match image C:\Users\rui02\unity_project\IVRC\IVRC\Library\ScriptAssemblies\Unity.RenderPipelines.Universal.Shaders.dll
Symbol file LoadedFromMemory is not a mono symbol file
Symbol file data-0000018C09DC8A10 doesn't match image C:\Users\rui02\unity_project\IVRC\IVRC\Library\ScriptAssemblies\Unity.TextMeshPro.Editor.dll
Symbol file LoadedFromMemory is not a mono symbol file
Symbol file data-0000018C0A898520 doesn't match image C:\Users\rui02\unity_project\IVRC\IVRC\Library\ScriptAssemblies\Unity.Searcher.Editor.dll
Symbol file LoadedFromMemory is not a mono symbol file
Symbol file data-0000018C52257000 doesn't match image C:\Users\rui02\unity_project\IVRC\IVRC\Library\ScriptAssemblies\Unity.VisualScripting.State.dll
Symbol file LoadedFromMemory is not a mono symbol file
Symbol file data-0000018BFB2E4630 doesn't match image C:\Users\rui02\unity_project\IVRC\IVRC\Library\ScriptAssemblies\Unity.ShaderGraph.Utilities.dll
Symbol file LoadedFromMemory is not a mono symbol file
Symbol file data-0000018C4CE59050 doesn't match image C:\Users\rui02\unity_project\IVRC\IVRC\Library\ScriptAssemblies\Unity.RenderPipelines.HighDefinition.Runtime.dll
Symbol file LoadedFromMemory is not a mono symbol file
Symbol file data-0000018C06AC2020 doesn't match image C:\Users\rui02\unity_project\IVRC\IVRC\Library\ScriptAssemblies\VRM.Tests.dll
Symbol file LoadedFromMemory is not a mono symbol file
- Loaded All Assemblies, in  0.436 seconds
Refreshing native plugins compatible for Editor in 5.56 ms, found 6 plugins.
Native extension for WindowsStandalone target not found
Native extension for WebGL target not found
[Package Manager] Server::EnsureServerProcessIsRunning -- launch failed, reason: Unity was launched with the -noUpm command-line argument
[Package Manager] UpmClient::Send -- Unable to send message (not connected to UPM process).
[Package Manager] Cannot connect to Unity Package Manager local server
[Package Manager] Server::EnsureServerProcessIsRunning -- launch failed, reason: Unity was launched with the -noUpm command-line argument
[Package Manager] UpmClient::Send -- Unable to send message (not connected to UPM process).
[Package Manager] Cannot connect to Unity Package Manager local server
Mono: successfully reloaded assembly
[Package Manager] Server::EnsureServerProcessIsRunning -- launch failed, reason: Unity was launched with the -noUpm command-line argument
[Package Manager] UpmClient::Send -- Unable to send message (not connected to UPM process).
[Package Manager] Cannot connect to Unity Package Manager local server
- Finished resetting the current domain, in  1.132 seconds
Domain Reload Profiling: 1565ms
	BeginReloadAssembly (131ms)
		ExecutionOrderSort (0ms)
		DisableScriptedObjects (3ms)
		BackupInstance (0ms)
		ReleaseScriptingObjects (0ms)
		CreateAndSetChildDomain (35ms)
	RebuildCommonClasses (26ms)
	RebuildNativeTypeToScriptingClass (10ms)
	initialDomainReloadingComplete (24ms)
	LoadAllAssembliesAndSetupDomain (242ms)
		LoadAssemblies (281ms)
		RebuildTransferFunctionScriptingTraits (0ms)
		AnalyzeDomain (25ms)
			TypeCache.Refresh (8ms)
				TypeCache.ScanAssembly (0ms)
			ScanForSourceGeneratedMonoScriptInfo (0ms)
			ResolveRequiredComponents (15ms)
	FinalizeReload (1132ms)
		ReleaseScriptCaches (0ms)
		RebuildScriptCaches (0ms)
		SetupLoadedEditorAssemblies (471ms)
			LogAssemblyErrors (0ms)
			InitializePlatformSupportModulesInManaged (5ms)
			SetLoadedEditorAssemblies (6ms)
			RefreshPlugins (0ms)
			BeforeProcessingInitializeOnLoad (78ms)
			ProcessInitializeOnLoadAttributes (355ms)
			ProcessInitializeOnLoadMethodAttributes (23ms)
			AfterProcessingInitializeOnLoad (3ms)
			EditorAssembliesLoaded (0ms)
		ExecutionOrderSort2 (0ms)
		AwakeInstancesAfterBackupRestoration (4ms)
Refreshing native plugins compatible for Editor in 7.64 ms, found 6 plugins.
Preloading 0 native plugins for Editor in 0.00 ms.
Unloading 7878 Unused Serialized files (Serialized files now loaded: 0)
Unloading 211 unused Assets / (15.4 MB). Loaded Objects now: 8862.
Memory consumption went from 307.3 MB to 291.9 MB.
Total: 6.074000 ms (FindLiveObjects: 0.506400 ms CreateObjectMapping: 0.325200 ms MarkObjects: 2.537800 ms  DeleteObjects: 2.703600 ms)

Prepare: number of updated asset objects reloaded= 0
AssetImportParameters requested are different than current active one (requested -> active):
  custom:container-demuxer-ogg: 62fdf1f143b41e24485cea50d1cbac27 -> 
  custom:framework-win-MediaFoundation: 216162199b28c13a410421893ffa2e32 -> 
  custom:container-muxer-webm: aa71ff27fc2769a1b78a27578f13a17b -> 
  custom:video-decoder-webm-vp8: 9c59270c3fd7afecdb556c50c9e8de78 -> 
  custom:SearchIndexIgnoredProperties: e643bd26f0fe6173181afceb89e7c659 -> 
  custom:AudioImporter_EditorPlatform: d09bf68614088b80899f8185d706f6e7 -> 
  custom:audio-decoder-ogg-vorbis: bf7c407c2cedff20999df2af8eb42d56 -> 
  custom:audio-encoder-webm-vorbis: bf7c407c2cedff20999df2af8eb42d56 -> 
  custom:video-codec-MediaFoundation-h265: 746d11721c4dcdbdad8f713fa42b33f4 -> 
  custom:video-decoder-ogg-theora: a1e56fd34408186e4bbccfd4996cb3dc -> 
  custom:CustomObjectIndexerAttribute: a3ef5dd2817f97addfee359851a9dba5 -> 
  custom:container-demuxer-webm: 4f35f7cbe854078d1ac9338744f61a02 -> 
  custom:video-encoder-webm-vp8: eb34c28f22e8b96e1ab97ce403110664 -> 
========================================================================
Received Prepare
Begin MonoManager ReloadAssembly
Symbol file data-0000018C09ADB050 doesn't match image C:\Users\rui02\unity_project\IVRC\IVRC\Library\ScriptAssemblies\UniHumanoid.Editor.dll
Symbol file LoadedFromMemory is not a mono symbol file
Symbol file data-0000018C087F2F90 doesn't match image C:\Users\rui02\unity_project\IVRC\IVRC\Library\ScriptAssemblies\Unity.XR.Management.dll
Symbol file LoadedFromMemory is not a mono symbol file
Symbol file data-0000018C4F475060 doesn't match image C:\Users\rui02\unity_project\IVRC\IVRC\Library\ScriptAssemblies\UniHumanoid.Editor.Tests.dll
Symbol file LoadedFromMemory is not a mono symbol file
Symbol file data-0000018C037A1050 doesn't match image C:\Users\rui02\unity_project\IVRC\IVRC\Library\ScriptAssemblies\Unity.VisualEffectGraph.Runtime.dll
Symbol file LoadedFromMemory is not a mono symbol file
Symbol file data-0000018C4F7E2040 doesn't match image C:\Users\rui02\unity_project\IVRC\IVRC\Library\ScriptAssemblies\Unity.RenderPipelines.Core.Runtime.dll
Symbol file LoadedFromMemory is not a mono symbol file
Symbol file data-0000018C4E243810 doesn't match image C:\Users\rui02\unity_project\IVRC\IVRC\Library\ScriptAssemblies\Unity.Burst.Editor.dll
Symbol file LoadedFromMemory is not a mono symbol file
Symbol file data-0000018C05324040 doesn't match image C:\Users\rui02\unity_project\IVRC\IVRC\Library\ScriptAssemblies\SteamVR.dll
Symbol file LoadedFromMemory is not a mono symbol file
Symbol file data-0000018C54FEF050 doesn't match image C:\Users\rui02\unity_project\IVRC\IVRC\Library\ScriptAssemblies\VRMShaders.GLTF.UniUnlit.Runtime.dll
Symbol file LoadedFromMemory is not a mono symbol file
Symbol file data-0000018C5007D010 doesn't match image C:\Users\rui02\unity_project\IVRC\IVRC\Library\ScriptAssemblies\SteamVR_Windows_EditorHelper.dll
Symbol file LoadedFromMemory is not a mono symbol file
Symbol file data-0000018C77764020 doesn't match image C:\Users\rui02\unity_project\IVRC\IVRC\Library\ScriptAssemblies\UniGLTF.dll
Symbol file LoadedFromMemory is not a mono symbol file
Symbol file data-0000018C778AC030 doesn't match image C:\Users\rui02\unity_project\IVRC\IVRC\Library\ScriptAssemblies\Unity.Rider.Editor.dll
Symbol file LoadedFromMemory is not a mono symbol file
Symbol file data-0000018C54B67020 doesn't match image C:\Users\rui02\unity_project\IVRC\IVRC\Library\ScriptAssemblies\VRMShaders.VRM10.MToon10.Tests.dll
Symbol file LoadedFromMemory is not a mono symbol file
Symbol file data-0000018C4F7E2040 doesn't match image C:\Users\rui02\unity_project\IVRC\IVRC\Library\ScriptAssemblies\Unity.RenderPipelines.Core.Editor.dll
Symbol file LoadedFromMemory is not a mono symbol file
Symbol file data-0000018C03DE3040 doesn't match image C:\Users\rui02\unity_project\IVRC\IVRC\Library\ScriptAssemblies\Unity.VisualEffectGraph.Editor.dll
Symbol file LoadedFromMemory is not a mono symbol file
Symbol file data-0000018C091674F0 doesn't match image C:\Users\rui02\unity_project\IVRC\IVRC\Library\ScriptAssemblies\UnityEditor.TestRunner.dll
Symbol file LoadedFromMemory is not a mono symbol file
Symbol file data-0000018C09452010 doesn't match image C:\Users\rui02\unity_project\IVRC\IVRC\Library\ScriptAssemblies\Unity.VisualScripting.Flow.dll
Symbol file LoadedFromMemory is not a mono symbol file
Symbol file data-0000018C4EAF18B0 doesn't match image C:\Users\rui02\unity_project\IVRC\IVRC\Library\ScriptAssemblies\Unity.Mathematics.Editor.dll
Symbol file LoadedFromMemory is not a mono symbol file
Symbol file data-0000018C4EAF18B0 doesn't match image C:\Users\rui02\unity_project\IVRC\IVRC\Library\ScriptAssemblies\Unity.TestTools.CodeCoverage.Editor.OpenCover.Mono.Reflection.dll
Symbol file LoadedFromMemory is not a mono symbol file
Symbol file data-0000018C4F475060 doesn't match image C:\Users\rui02\unity_project\IVRC\IVRC\Library\ScriptAssemblies\VRMShaders.VRM10.MToon10.Editor.dll
Symbol file LoadedFromMemory is not a mono symbol file
Symbol file data-0000018C4F475060 doesn't match image C:\Users\rui02\unity_project\IVRC\IVRC\Library\ScriptAssemblies\UniGLTF.Utils.dll
Symbol file LoadedFromMemory is not a mono symbol file
Symbol file data-0000018C54B67020 doesn't match image C:\Users\rui02\unity_project\IVRC\IVRC\Library\ScriptAssemblies\Unity.RenderPipelines.HighDefinition.Config.Runtime.dll
Symbol file LoadedFromMemory is not a mono symbol file
Symbol file data-0000018C0A514040 doesn't match image C:\Users\rui02\unity_project\IVRC\IVRC\Library\ScriptAssemblies\MToon.Editor.dll
Symbol file LoadedFromMemory is not a mono symbol file
Symbol file data-0000018C046EF030 doesn't match image C:\Users\rui02\unity_project\IVRC\IVRC\Library\ScriptAssemblies\Unity.Performance.Profile-Analyzer.Editor.dll
Symbol file LoadedFromMemory is not a mono symbol file
Symbol file data-0000018C54B67020 doesn't match image C:\Users\rui02\unity_project\IVRC\IVRC\Library\ScriptAssemblies\Unity.RenderPipelines.Core.ShaderLibrary.dll
Symbol file LoadedFromMemory is not a mono symbol file
Symbol file data-0000018C0AD57240 doesn't match image C:\Users\rui02\unity_project\IVRC\IVRC\Library\ScriptAssemblies\Unity.XR.Management.Editor.dll
Symbol file LoadedFromMemory is not a mono symbol file
Symbol file data-0000018C54FEF050 doesn't match image C:\Users\rui02\unity_project\IVRC\IVRC\Library\ScriptAssemblies\VRMShaders.VRM.IO.Runtime.dll
Symbol file LoadedFromMemory is not a mono symbol file
Symbol file data-0000018C0A4AB020 doesn't match image C:\Users\rui02\unity_project\IVRC\IVRC\Library\ScriptAssemblies\Unity.TestTools.CodeCoverage.Editor.dll
Symbol file LoadedFromMemory is not a mono symbol file
Symbol file data-0000018C0A0E1460 doesn't match image C:\Users\rui02\unity_project\IVRC\IVRC\Library\ScriptAssemblies\VRM.dll
Symbol file LoadedFromMemory is not a mono symbol file
Symbol file data-0000018C4F475060 doesn't match image C:\Users\rui02\unity_project\IVRC\IVRC\Library\ScriptAssemblies\VRMShaders.GLTF.UniUnlit.Editor.dll
Symbol file LoadedFromMemory is not a mono symbol file
Symbol file data-0000018C4F475060 doesn't match image C:\Users\rui02\unity_project\IVRC\IVRC\Library\ScriptAssemblies\PPv2URPConverters.dll
Symbol file LoadedFromMemory is not a mono symbol file
Symbol file data-0000018BFBB1B020 doesn't match image C:\Users\rui02\unity_project\IVRC\IVRC\Library\ScriptAssemblies\Unity.XR.OpenVR.dll
Symbol file LoadedFromMemory is not a mono symbol file
Symbol file data-0000018C0AF164A0 doesn't match image C:\Users\rui02\unity_project\IVRC\IVRC\Library\ScriptAssemblies\Unity.Settings.Editor.dll
Symbol file LoadedFromMemory is not a mono symbol file
Symbol file data-0000018C558D1C80 doesn't match image C:\Users\rui02\unity_project\IVRC\IVRC\Library\ScriptAssemblies\Unity.TextMeshPro.dll
Symbol file LoadedFromMemory is not a mono symbol file
Symbol file data-0000018C54B67020 doesn't match image C:\Users\rui02\unity_project\IVRC\IVRC\Library\ScriptAssemblies\VRMShaders.VRM10.Format.Runtime.dll
Symbol file LoadedFromMemory is not a mono symbol file
Symbol file data-0000018BD8520030 doesn't match image C:\Users\rui02\unity_project\IVRC\IVRC\Library\ScriptAssemblies\Unity.Burst.CodeGen.dll
Symbol file LoadedFromMemory is not a mono symbol file
Symbol file data-0000018C06AC2020 doesn't match image C:\Users\rui02\unity_project\IVRC\IVRC\Library\ScriptAssemblies\Unity.VSCode.Editor.dll
Symbol file LoadedFromMemory is not a mono symbol file
Symbol file data-0000018C55584020 doesn't match image C:\Users\rui02\unity_project\IVRC\IVRC\Library\ScriptAssemblies\UniGLTF.Editor.dll
Symbol file LoadedFromMemory is not a mono symbol file
Symbol file data-0000018C4F7E2040 doesn't match image C:\Users\rui02\unity_project\IVRC\IVRC\Library\ScriptAssemblies\Unity.RenderPipelines.Universal.Editor.dll
Symbol file LoadedFromMemory is not a mono symbol file
Symbol file data-0000018C4CE59050 doesn't match image C:\Users\rui02\unity_project\IVRC\IVRC\Library\ScriptAssemblies\Unity.RenderPipelines.HighDefinition.Editor.dll
Symbol file LoadedFromMemory is not a mono symbol file
Symbol file data-0000018BD7B11020 doesn't match image C:\Users\rui02\unity_project\IVRC\IVRC\Library\ScriptAssemblies\VRM.Samples.Editor.Tests.dll
Symbol file LoadedFromMemory is not a mono symbol file
Symbol file data-0000018C54B67020 doesn't match image C:\Users\rui02\unity_project\IVRC\IVRC\Library\ScriptAssemblies\Unity.RenderPipelines.ShaderGraph.ShaderGraphLibrary.dll
Symbol file LoadedFromMemory is not a mono symbol file
Symbol file data-0000018C4F475060 doesn't match image C:\Users\rui02\unity_project\IVRC\IVRC\Library\ScriptAssemblies\Unity.EditorCoroutines.Editor.dll
Symbol file LoadedFromMemory is not a mono symbol file
Symbol file data-0000018C55430030 doesn't match image C:\Users\rui02\unity_project\IVRC\IVRC\Library\ScriptAssemblies\FastSpringBone.dll
Symbol file LoadedFromMemory is not a mono symbol file
Symbol file data-0000018C558D1C80 doesn't match image C:\Users\rui02\unity_project\IVRC\IVRC\Library\ScriptAssemblies\Unity.TerrainTools.Editor.dll
Symbol file LoadedFromMemory is not a mono symbol file
Symbol file data-0000018BD8140010 doesn't match image C:\Users\rui02\unity_project\IVRC\IVRC\Library\ScriptAssemblies\Unity.RenderPipelines.Universal.Runtime.dll
Symbol file LoadedFromMemory is not a mono symbol file
Symbol file data-0000018C54348020 doesn't match image C:\Users\rui02\unity_project\IVRC\IVRC\Library\ScriptAssemblies\MToon.dll
Symbol file LoadedFromMemory is not a mono symbol file
Symbol file data-0000018C536F9170 doesn't match image C:\Users\rui02\unity_project\IVRC\IVRC\Library\ScriptAssemblies\UniHumanoid.dll
Symbol file LoadedFromMemory is not a mono symbol file
Symbol file data-0000018C558D1C80 doesn't match image C:\Users\rui02\unity_project\IVRC\IVRC\Library\ScriptAssemblies\Unity.Burst.dll
Symbol file LoadedFromMemory is not a mono symbol file
Symbol file data-0000018C08B3CE80 doesn't match image C:\Users\rui02\unity_project\IVRC\IVRC\Library\ScriptAssemblies\UnityEngine.XR.LegacyInputHelpers.dll
Symbol file LoadedFromMemory is not a mono symbol file
Symbol file data-0000018C0C0E3030 doesn't match image C:\Users\rui02\unity_project\IVRC\IVRC\Library\ScriptAssemblies\UniGLTF.Tests.dll
Symbol file LoadedFromMemory is not a mono symbol file
Symbol file data-0000018C52774860 doesn't match image C:\Users\rui02\unity_project\IVRC\IVRC\Library\ScriptAssemblies\VRMShaders.GLTF.IO.Runtime.dll
Symbol file LoadedFromMemory is not a mono symbol file
Symbol file data-0000018C7C8A7030 doesn't match image C:\Users\rui02\unity_project\IVRC\IVRC\Library\ScriptAssemblies\Unity.Timeline.Editor.dll
Symbol file LoadedFromMemory is not a mono symbol file
Symbol file data-0000018C54348020 doesn't match image C:\Users\rui02\unity_project\IVRC\IVRC\Library\ScriptAssemblies\Unity.VisualScripting.Shared.Editor.dll
Symbol file LoadedFromMemory is not a mono symbol file
Symbol file data-0000018C54B67020 doesn't match image C:\Users\rui02\unity_project\IVRC\IVRC\Library\ScriptAssemblies\Unity.TerrainTools.dll
Symbol file LoadedFromMemory is not a mono symbol file
Symbol file data-0000018C557AD4F0 doesn't match image C:\Users\rui02\unity_project\IVRC\IVRC\Library\ScriptAssemblies\Unity.PlasticSCM.Editor.dll
Symbol file LoadedFromMemory is not a mono symbol file
Symbol file data-0000018BD7B11020 doesn't match image C:\Users\rui02\unity_project\IVRC\IVRC\Library\ScriptAssemblies\Unity.CollabProxy.Editor.dll
Symbol file LoadedFromMemory is not a mono symbol file
Symbol file data-0000018BD7B11020 doesn't match image C:\Users\rui02\unity_project\IVRC\IVRC\Library\ScriptAssemblies\UnityEditor.SpatialTracking.dll
Symbol file LoadedFromMemory is not a mono symbol file
Symbol file data-0000018C037A1050 doesn't match image C:\Users\rui02\unity_project\IVRC\IVRC\Library\ScriptAssemblies\UniVRM.Editor.dll
Symbol file LoadedFromMemory is not a mono symbol file
Symbol file data-0000018C4E3D9020 doesn't match image C:\Users\rui02\unity_project\IVRC\IVRC\Library\ScriptAssemblies\Unity.ShaderGraph.Editor.dll
Symbol file LoadedFromMemory is not a mono symbol file
Symbol file data-0000018C51AA7030 doesn't match image C:\Users\rui02\unity_project\IVRC\IVRC\Library\ScriptAssemblies\Unity.VisualStudio.Editor.dll
Symbol file LoadedFromMemory is not a mono symbol file
Symbol file data-0000018C4EE49050 doesn't match image C:\Users\rui02\unity_project\IVRC\IVRC\Library\ScriptAssemblies\UnityEditor.UI.dll
Symbol file LoadedFromMemory is not a mono symbol file
Symbol file data-0000018C4CC1A060 doesn't match image C:\Users\rui02\unity_project\IVRC\IVRC\Library\ScriptAssemblies\Unity.VisualScripting.Core.dll
Symbol file LoadedFromMemory is not a mono symbol file
Symbol file data-0000018C51AA7030 doesn't match image C:\Users\rui02\unity_project\IVRC\IVRC\Library\ScriptAssemblies\SteamVR_Input_Editor.dll
Symbol file LoadedFromMemory is not a mono symbol file
Symbol file data-0000018C516BA440 doesn't match image C:\Users\rui02\unity_project\IVRC\IVRC\Library\ScriptAssemblies\Unity.VisualScripting.Core.Editor.dll
Symbol file LoadedFromMemory is not a mono symbol file
Symbol file data-0000018C0A514040 doesn't match image C:\Users\rui02\unity_project\IVRC\IVRC\Library\ScriptAssemblies\UnityEngine.SpatialTracking.dll
Symbol file LoadedFromMemory is not a mono symbol file
Symbol file data-0000018C4C985E60 doesn't match image C:\Users\rui02\unity_project\IVRC\IVRC\Library\ScriptAssemblies\UnityEngine.UI.dll
Symbol file LoadedFromMemory is not a mono symbol file
Symbol file data-0000018BD7B11020 doesn't match image C:\Users\rui02\unity_project\IVRC\IVRC\Library\ScriptAssemblies\VRMShaders.GLTF.IO.Tests.dll
Symbol file LoadedFromMemory is not a mono symbol file
Symbol file data-0000018C087F2F90 doesn't match image C:\Users\rui02\unity_project\IVRC\IVRC\Library\ScriptAssemblies\UnityEditor.XR.LegacyInputHelpers.dll
Symbol file LoadedFromMemory is not a mono symbol file
Symbol file data-0000018C55430030 doesn't match image C:\Users\rui02\unity_project\IVRC\IVRC\Library\ScriptAssemblies\SteamVR_Editor.dll
Symbol file LoadedFromMemory is not a mono symbol file
Symbol file data-0000018C08751510 doesn't match image C:\Users\rui02\unity_project\IVRC\IVRC\Library\ScriptAssemblies\Unity.VisualScripting.Flow.Editor.dll
Symbol file LoadedFromMemory is not a mono symbol file
Symbol file data-0000018C54FEF050 doesn't match image C:\Users\rui02\unity_project\IVRC\IVRC\Library\ScriptAssemblies\Unity.RenderPipeline.Universal.ShaderLibrary.dll
Symbol file LoadedFromMemory is not a mono symbol file
Symbol file data-0000018C09DC8A10 doesn't match image C:\Users\rui02\unity_project\IVRC\IVRC\Library\ScriptAssemblies\Unity.Timeline.dll
Symbol file LoadedFromMemory is not a mono symbol file
Symbol file data-0000018C4EAF18B0 doesn't match image C:\Users\rui02\unity_project\IVRC\IVRC\Library\ScriptAssemblies\Unity.XR.OpenVR.Editor.dll
Symbol file LoadedFromMemory is not a mono symbol file
Symbol file data-0000018BFB932010 doesn't match image C:\Users\rui02\unity_project\IVRC\IVRC\Library\ScriptAssemblies\VRMShaders.VRM10.MToon10.Runtime.dll
Symbol file LoadedFromMemory is not a mono symbol file
Symbol file data-0000018C4EAF18B0 doesn't match image C:\Users\rui02\unity_project\IVRC\IVRC\Library\ScriptAssemblies\Unity.VisualScripting.SettingsProvider.Editor.dll
Symbol file LoadedFromMemory is not a mono symbol file
Symbol file data-0000018C06AC2020 doesn't match image C:\Users\rui02\unity_project\IVRC\IVRC\Library\ScriptAssemblies\Unity.TestTools.CodeCoverage.Editor.OpenCover.Model.dll
Symbol file LoadedFromMemory is not a mono symbol file
Symbol file data-0000018C0344F040 doesn't match image C:\Users\rui02\unity_project\IVRC\IVRC\Library\ScriptAssemblies\VRMShaders.GLTF.IO.Editor.dll
Symbol file LoadedFromMemory is not a mono symbol file
Symbol file data-0000018C55584020 doesn't match image C:\Users\rui02\unity_project\IVRC\IVRC\Library\ScriptAssemblies\UnityEngine.TestRunner.dll
Symbol file LoadedFromMemory is not a mono symbol file
Symbol file data-0000018C51AA7030 doesn't match image C:\Users\rui02\unity_project\IVRC\IVRC\Library\ScriptAssemblies\Unity.VisualScripting.State.Editor.dll
Symbol file LoadedFromMemory is not a mono symbol file
Symbol file data-0000018C54847010 doesn't match image C:\Users\rui02\unity_project\IVRC\IVRC\Library\ScriptAssemblies\Unity.Mathematics.dll
Symbol file LoadedFromMemory is not a mono symbol file
Symbol file data-0000018C54B67020 doesn't match image C:\Users\rui02\unity_project\IVRC\IVRC\Library\ScriptAssemblies\Unity.RenderPipelines.Universal.Shaders.dll
Symbol file LoadedFromMemory is not a mono symbol file
Symbol file data-0000018C09DC8A10 doesn't match image C:\Users\rui02\unity_project\IVRC\IVRC\Library\ScriptAssemblies\Unity.TextMeshPro.Editor.dll
Symbol file LoadedFromMemory is not a mono symbol file
Symbol file data-0000018C52774860 doesn't match image C:\Users\rui02\unity_project\IVRC\IVRC\Library\ScriptAssemblies\Unity.Searcher.Editor.dll
Symbol file LoadedFromMemory is not a mono symbol file
Symbol file data-0000018C52257000 doesn't match image C:\Users\rui02\unity_project\IVRC\IVRC\Library\ScriptAssemblies\Unity.VisualScripting.State.dll
Symbol file LoadedFromMemory is not a mono symbol file
Symbol file data-0000018C0344F040 doesn't match image C:\Users\rui02\unity_project\IVRC\IVRC\Library\ScriptAssemblies\Unity.ShaderGraph.Utilities.dll
Symbol file LoadedFromMemory is not a mono symbol file
Symbol file data-0000018C51F5C010 doesn't match image C:\Users\rui02\unity_project\IVRC\IVRC\Library\ScriptAssemblies\Unity.RenderPipelines.HighDefinition.Runtime.dll
Symbol file LoadedFromMemory is not a mono symbol file
Symbol file data-0000018C06AC2020 doesn't match image C:\Users\rui02\unity_project\IVRC\IVRC\Library\ScriptAssemblies\VRM.Tests.dll
Symbol file LoadedFromMemory is not a mono symbol file
- Loaded All Assemblies, in  0.496 seconds
Refreshing native plugins compatible for Editor in 5.56 ms, found 6 plugins.
Native extension for WindowsStandalone target not found
Native extension for WebGL target not found
[Package Manager] Server::EnsureServerProcessIsRunning -- launch failed, reason: Unity was launched with the -noUpm command-line argument
[Package Manager] UpmClient::Send -- Unable to send message (not connected to UPM process).
[Package Manager] Cannot connect to Unity Package Manager local server
[Package Manager] Server::EnsureServerProcessIsRunning -- launch failed, reason: Unity was launched with the -noUpm command-line argument
[Package Manager] UpmClient::Send -- Unable to send message (not connected to UPM process).
[Package Manager] Cannot connect to Unity Package Manager local server
Mono: successfully reloaded assembly
[Package Manager] Server::EnsureServerProcessIsRunning -- launch failed, reason: Unity was launched with the -noUpm command-line argument
[Package Manager] UpmClient::Send -- Unable to send message (not connected to UPM process).
[Package Manager] Cannot connect to Unity Package Manager local server
- Finished resetting the current domain, in  1.297 seconds
Domain Reload Profiling: 1790ms
	BeginReloadAssembly (147ms)
		ExecutionOrderSort (0ms)
		DisableScriptedObjects (4ms)
		BackupInstance (0ms)
		ReleaseScriptingObjects (0ms)
		CreateAndSetChildDomain (41ms)
	RebuildCommonClasses (33ms)
	RebuildNativeTypeToScriptingClass (11ms)
	initialDomainReloadingComplete (25ms)
	LoadAllAssembliesAndSetupDomain (275ms)
		LoadAssemblies (319ms)
		RebuildTransferFunctionScriptingTraits (0ms)
		AnalyzeDomain (28ms)
			TypeCache.Refresh (8ms)
				TypeCache.ScanAssembly (0ms)
			ScanForSourceGeneratedMonoScriptInfo (0ms)
			ResolveRequiredComponents (18ms)
	FinalizeReload (1298ms)
		ReleaseScriptCaches (0ms)
		RebuildScriptCaches (0ms)
		SetupLoadedEditorAssemblies (524ms)
			LogAssemblyErrors (0ms)
			InitializePlatformSupportModulesInManaged (6ms)
			SetLoadedEditorAssemblies (5ms)
			RefreshPlugins (0ms)
			BeforeProcessingInitializeOnLoad (91ms)
			ProcessInitializeOnLoadAttributes (393ms)
			ProcessInitializeOnLoadMethodAttributes (24ms)
			AfterProcessingInitializeOnLoad (4ms)
			EditorAssembliesLoaded (0ms)
		ExecutionOrderSort2 (0ms)
		AwakeInstancesAfterBackupRestoration (6ms)
Refreshing native plugins compatible for Editor in 5.76 ms, found 6 plugins.
Preloading 0 native plugins for Editor in 0.00 ms.
Unloading 7878 Unused Serialized files (Serialized files now loaded: 0)
Unloading 211 unused Assets / (15.4 MB). Loaded Objects now: 8878.
Memory consumption went from 307.5 MB to 292.0 MB.
Total: 7.199300 ms (FindLiveObjects: 0.481700 ms CreateObjectMapping: 0.324900 ms MarkObjects: 3.075600 ms  DeleteObjects: 3.315900 ms)

Prepare: number of updated asset objects reloaded= 0
AssetImportParameters requested are different than current active one (requested -> active):
  custom:container-demuxer-ogg: 62fdf1f143b41e24485cea50d1cbac27 -> 
  custom:framework-win-MediaFoundation: 216162199b28c13a410421893ffa2e32 -> 
  custom:container-muxer-webm: aa71ff27fc2769a1b78a27578f13a17b -> 
  custom:video-decoder-webm-vp8: 9c59270c3fd7afecdb556c50c9e8de78 -> 
  custom:SearchIndexIgnoredProperties: e643bd26f0fe6173181afceb89e7c659 -> 
  custom:AudioImporter_EditorPlatform: d09bf68614088b80899f8185d706f6e7 -> 
  custom:audio-decoder-ogg-vorbis: bf7c407c2cedff20999df2af8eb42d56 -> 
  custom:audio-encoder-webm-vorbis: bf7c407c2cedff20999df2af8eb42d56 -> 
  custom:video-codec-MediaFoundation-h265: 746d11721c4dcdbdad8f713fa42b33f4 -> 
  custom:video-decoder-ogg-theora: a1e56fd34408186e4bbccfd4996cb3dc -> 
  custom:CustomObjectIndexerAttribute: a3ef5dd2817f97addfee359851a9dba5 -> 
  custom:container-demuxer-webm: 4f35f7cbe854078d1ac9338744f61a02 -> 
  custom:video-encoder-webm-vp8: eb34c28f22e8b96e1ab97ce403110664 -> 
