Using pre-set license
Built from '2022.3/staging' branch; Version is '2022.3.10f1 (ff3792e53c62) revision 16725906'; Using compiler version '192829333'; Build Type 'Release'
OS: 'Windows 11  (10.0.22631) 64bit Core' Language: 'ja' Physical Memory: 16124 MB
BatchMode: 1, IsHumanControllingUs: 0, StartBugReporterOnCrash: 0, Is64bit: 1, IsPro: 1

COMMAND LINE ARGUMENTS:
C:\Program Files\Unity\Hub\Editor\2022.3.10f1\Editor\Unity.exe
-adb2
-batchMode
-noUpm
-name
AssetImportWorker1
-projectPath
C:/Users/rui02/unity_project/IVRC/IVRC
-logFile
Logs/AssetImportWorker1.log
-srvPort
50260
Successfully changed project path to: C:/Users/rui02/unity_project/IVRC/IVRC
C:/Users/rui02/unity_project/IVRC/IVRC
[UnityMemory] Configuration Parameters - Can be set up in boot.config
    "memorysetup-bucket-allocator-granularity=16"
    "memorysetup-bucket-allocator-bucket-count=8"
    "memorysetup-bucket-allocator-block-size=33554432"
    "memorysetup-bucket-allocator-block-count=8"
    "memorysetup-main-allocator-block-size=16777216"
    "memorysetup-thread-allocator-block-size=16777216"
    "memorysetup-gfx-main-allocator-block-size=16777216"
    "memorysetup-gfx-thread-allocator-block-size=16777216"
    "memorysetup-cache-allocator-block-size=4194304"
    "memorysetup-typetree-allocator-block-size=2097152"
    "memorysetup-profiler-bucket-allocator-granularity=16"
    "memorysetup-profiler-bucket-allocator-bucket-count=8"
    "memorysetup-profiler-bucket-allocator-block-size=33554432"
    "memorysetup-profiler-bucket-allocator-block-count=8"
    "memorysetup-profiler-allocator-block-size=16777216"
    "memorysetup-profiler-editor-allocator-block-size=1048576"
    "memorysetup-temp-allocator-size-main=16777216"
    "memorysetup-job-temp-allocator-block-size=2097152"
    "memorysetup-job-temp-allocator-block-size-background=1048576"
    "memorysetup-job-temp-allocator-reduction-small-platforms=262144"
    "memorysetup-allocator-temp-initial-block-size-main=262144"
    "memorysetup-allocator-temp-initial-block-size-worker=262144"
    "memorysetup-temp-allocator-size-background-worker=32768"
    "memorysetup-temp-allocator-size-job-worker=262144"
    "memorysetup-temp-allocator-size-preload-manager=33554432"
    "memorysetup-temp-allocator-size-nav-mesh-worker=65536"
    "memorysetup-temp-allocator-size-audio-worker=65536"
    "memorysetup-temp-allocator-size-cloud-worker=32768"
    "memorysetup-temp-allocator-size-gi-baking-worker=262144"
    "memorysetup-temp-allocator-size-gfx=262144"
Player connection [24596] Host "[IP] 192.168.11.222 [Port] 0 [Flags] 2 [Guid] 4197114518 [EditorId] 4197114518 [Version] 1048832 [Id] WindowsEditor(7,YamaguchiRui) [Debug] 1 [PackageName] WindowsEditor [ProjectName] Editor" joined multi-casting on [225.0.0.222:54997]...

Player connection [24596] Host "[IP] 192.168.11.222 [Port] 0 [Flags] 2 [Guid] 4197114518 [EditorId] 4197114518 [Version] 1048832 [Id] WindowsEditor(7,YamaguchiRui) [Debug] 1 [PackageName] WindowsEditor [ProjectName] Editor" joined alternative multi-casting on [225.0.0.222:34997]...

[Physics::Module] Initialized MultithreadedJobDispatcher with 19 workers.
Refreshing native plugins compatible for Editor in 14.74 ms, found 6 plugins.
Preloading 0 native plugins for Editor in 0.00 ms.
Initialize engine version: 2022.3.10f1 (ff3792e53c62)
[Subsystems] Discovering subsystems at path C:/Program Files/Unity/Hub/Editor/2022.3.10f1/Editor/Data/Resources/UnitySubsystems
[Subsystems] Discovering subsystems at path C:/Users/rui02/unity_project/IVRC/IVRC/Assets
GfxDevice: creating device client; threaded=0; jobified=0
Direct3D:
    Version:  Direct3D 11.0 [level 11.1]
    Renderer: NVIDIA GeForce RTX 3060 Laptop GPU (ID=0x2520)
    Vendor:   NVIDIA
    VRAM:     5996 MB
    Driver:   32.0.15.6081
Initialize mono
Mono path[0] = 'C:/Program Files/Unity/Hub/Editor/2022.3.10f1/Editor/Data/Managed'
Mono path[1] = 'C:/Program Files/Unity/Hub/Editor/2022.3.10f1/Editor/Data/MonoBleedingEdge/lib/mono/unityjit-win32'
Mono config path = 'C:/Program Files/Unity/Hub/Editor/2022.3.10f1/Editor/Data/MonoBleedingEdge/etc'
Using monoOptions --debugger-agent=transport=dt_socket,embedding=1,server=y,suspend=n,address=127.0.0.1:56116
Begin MonoManager ReloadAssembly
Registering precompiled unity dll's ...
Register platform support module: C:/Program Files/Unity/Hub/Editor/2022.3.10f1/Editor/Data/PlaybackEngines/WebGLSupport/UnityEditor.WebGL.Extensions.dll
Register platform support module: C:/Program Files/Unity/Hub/Editor/2022.3.10f1/Editor/Data/PlaybackEngines/WindowsStandaloneSupport/UnityEditor.WindowsStandalone.Extensions.dll
Registered in 0.007445 seconds.
- Loaded All Assemblies, in  0.330 seconds
Native extension for WindowsStandalone target not found
Native extension for WebGL target not found
Mono: successfully reloaded assembly
- Finished resetting the current domain, in  0.243 seconds
Domain Reload Profiling: 572ms
	BeginReloadAssembly (100ms)
		ExecutionOrderSort (0ms)
		DisableScriptedObjects (0ms)
		BackupInstance (0ms)
		ReleaseScriptingObjects (0ms)
		CreateAndSetChildDomain (1ms)
	RebuildCommonClasses (33ms)
	RebuildNativeTypeToScriptingClass (10ms)
	initialDomainReloadingComplete (55ms)
	LoadAllAssembliesAndSetupDomain (131ms)
		LoadAssemblies (99ms)
		RebuildTransferFunctionScriptingTraits (0ms)
		AnalyzeDomain (129ms)
			TypeCache.Refresh (128ms)
				TypeCache.ScanAssembly (116ms)
			ScanForSourceGeneratedMonoScriptInfo (0ms)
			ResolveRequiredComponents (0ms)
	FinalizeReload (243ms)
		ReleaseScriptCaches (0ms)
		RebuildScriptCaches (0ms)
		SetupLoadedEditorAssemblies (189ms)
			LogAssemblyErrors (0ms)
			InitializePlatformSupportModulesInManaged (9ms)
			SetLoadedEditorAssemblies (6ms)
			RefreshPlugins (0ms)
			BeforeProcessingInitializeOnLoad (2ms)
			ProcessInitializeOnLoadAttributes (124ms)
			ProcessInitializeOnLoadMethodAttributes (47ms)
			AfterProcessingInitializeOnLoad (0ms)
			EditorAssembliesLoaded (0ms)
		ExecutionOrderSort2 (0ms)
		AwakeInstancesAfterBackupRestoration (0ms)
========================================================================
Worker process is ready to serve import requests
Begin MonoManager ReloadAssembly
Symbol file data-000002036B422160 doesn't match image C:\Users\rui02\unity_project\IVRC\IVRC\Library\ScriptAssemblies\UniHumanoid.Editor.dll
Symbol file LoadedFromMemory is not a mono symbol file
Symbol file data-000002036B18F240 doesn't match image C:\Users\rui02\unity_project\IVRC\IVRC\Library\ScriptAssemblies\Unity.XR.Management.dll
Symbol file LoadedFromMemory is not a mono symbol file
Symbol file data-000002038E8A84D0 doesn't match image C:\Users\rui02\unity_project\IVRC\IVRC\Library\ScriptAssemblies\UniHumanoid.Editor.Tests.dll
Symbol file LoadedFromMemory is not a mono symbol file
Symbol file data-000002036B18F240 doesn't match image C:\Users\rui02\unity_project\IVRC\IVRC\Library\ScriptAssemblies\Unity.VisualEffectGraph.Runtime.dll
Symbol file LoadedFromMemory is not a mono symbol file
Symbol file data-000002038D946020 doesn't match image C:\Users\rui02\unity_project\IVRC\IVRC\Library\ScriptAssemblies\Unity.RenderPipelines.Core.Runtime.dll
Symbol file LoadedFromMemory is not a mono symbol file
Symbol file data-000002038D983030 doesn't match image C:\Users\rui02\unity_project\IVRC\IVRC\Library\ScriptAssemblies\Unity.Burst.Editor.dll
Symbol file LoadedFromMemory is not a mono symbol file
Symbol file data-000002036ACCE010 doesn't match image C:\Users\rui02\unity_project\IVRC\IVRC\Library\ScriptAssemblies\SteamVR.dll
Symbol file LoadedFromMemory is not a mono symbol file
Symbol file data-000002038E8A84D0 doesn't match image C:\Users\rui02\unity_project\IVRC\IVRC\Library\ScriptAssemblies\VRMShaders.GLTF.UniUnlit.Runtime.dll
Symbol file LoadedFromMemory is not a mono symbol file
Symbol file data-000002038E8A84D0 doesn't match image C:\Users\rui02\unity_project\IVRC\IVRC\Library\ScriptAssemblies\SteamVR_Windows_EditorHelper.dll
Symbol file LoadedFromMemory is not a mono symbol file
Symbol file data-000002038D599010 doesn't match image C:\Users\rui02\unity_project\IVRC\IVRC\Library\ScriptAssemblies\UniGLTF.dll
Symbol file LoadedFromMemory is not a mono symbol file
Symbol file data-000002036B197250 doesn't match image C:\Users\rui02\unity_project\IVRC\IVRC\Library\ScriptAssemblies\Unity.Rider.Editor.dll
Symbol file LoadedFromMemory is not a mono symbol file
Symbol file data-000002038E8A84D0 doesn't match image C:\Users\rui02\unity_project\IVRC\IVRC\Library\ScriptAssemblies\VRMShaders.VRM10.MToon10.Tests.dll
Symbol file LoadedFromMemory is not a mono symbol file
Symbol file data-000002038D599010 doesn't match image C:\Users\rui02\unity_project\IVRC\IVRC\Library\ScriptAssemblies\Unity.RenderPipelines.Core.Editor.dll
Symbol file LoadedFromMemory is not a mono symbol file
Symbol file data-000002036B59F020 doesn't match image C:\Users\rui02\unity_project\IVRC\IVRC\Library\ScriptAssemblies\Unity.VisualEffectGraph.Editor.dll
Symbol file LoadedFromMemory is not a mono symbol file
Symbol file data-000002036B566CE0 doesn't match image C:\Users\rui02\unity_project\IVRC\IVRC\Library\ScriptAssemblies\UnityEditor.TestRunner.dll
Symbol file LoadedFromMemory is not a mono symbol file
Symbol file data-000002038D5D0620 doesn't match image C:\Users\rui02\unity_project\IVRC\IVRC\Library\ScriptAssemblies\Unity.VisualScripting.Flow.dll
Symbol file LoadedFromMemory is not a mono symbol file
Symbol file data-000002036AD3A830 doesn't match image C:\Users\rui02\unity_project\IVRC\IVRC\Library\ScriptAssemblies\Unity.Mathematics.Editor.dll
Symbol file LoadedFromMemory is not a mono symbol file
Symbol file data-000002036AD3A830 doesn't match image C:\Users\rui02\unity_project\IVRC\IVRC\Library\ScriptAssemblies\Unity.TestTools.CodeCoverage.Editor.OpenCover.Mono.Reflection.dll
Symbol file LoadedFromMemory is not a mono symbol file
Symbol file data-000002036AD3A830 doesn't match image C:\Users\rui02\unity_project\IVRC\IVRC\Library\ScriptAssemblies\VRMShaders.VRM10.MToon10.Editor.dll
Symbol file LoadedFromMemory is not a mono symbol file
Symbol file data-000002036AD3A830 doesn't match image C:\Users\rui02\unity_project\IVRC\IVRC\Library\ScriptAssemblies\UniGLTF.Utils.dll
Symbol file LoadedFromMemory is not a mono symbol file
Symbol file data-000002036AD3A830 doesn't match image C:\Users\rui02\unity_project\IVRC\IVRC\Library\ScriptAssemblies\Unity.RenderPipelines.HighDefinition.Config.Runtime.dll
Symbol file LoadedFromMemory is not a mono symbol file
Symbol file data-000002036B19F260 doesn't match image C:\Users\rui02\unity_project\IVRC\IVRC\Library\ScriptAssemblies\MToon.Editor.dll
Symbol file LoadedFromMemory is not a mono symbol file
Symbol file data-000002038D4E1430 doesn't match image C:\Users\rui02\unity_project\IVRC\IVRC\Library\ScriptAssemblies\Unity.Performance.Profile-Analyzer.Editor.dll
Symbol file LoadedFromMemory is not a mono symbol file
Symbol file data-000002038D9A3050 doesn't match image C:\Users\rui02\unity_project\IVRC\IVRC\Library\ScriptAssemblies\Unity.RenderPipelines.Core.ShaderLibrary.dll
Symbol file LoadedFromMemory is not a mono symbol file
Symbol file data-000002036B566CE0 doesn't match image C:\Users\rui02\unity_project\IVRC\IVRC\Library\ScriptAssemblies\Unity.XR.Management.Editor.dll
Symbol file LoadedFromMemory is not a mono symbol file
Symbol file data-000002038D9A3050 doesn't match image C:\Users\rui02\unity_project\IVRC\IVRC\Library\ScriptAssemblies\VRMShaders.VRM.IO.Runtime.dll
Symbol file LoadedFromMemory is not a mono symbol file
Symbol file data-000002038D1AA010 doesn't match image C:\Users\rui02\unity_project\IVRC\IVRC\Library\ScriptAssemblies\Unity.TestTools.CodeCoverage.Editor.dll
Symbol file LoadedFromMemory is not a mono symbol file
Symbol file data-000002038D1D4620 doesn't match image C:\Users\rui02\unity_project\IVRC\IVRC\Library\ScriptAssemblies\VRM.dll
Symbol file LoadedFromMemory is not a mono symbol file
Symbol file data-000002038D9A3050 doesn't match image C:\Users\rui02\unity_project\IVRC\IVRC\Library\ScriptAssemblies\VRMShaders.GLTF.UniUnlit.Editor.dll
Symbol file LoadedFromMemory is not a mono symbol file
Symbol file data-000002038D9A3050 doesn't match image C:\Users\rui02\unity_project\IVRC\IVRC\Library\ScriptAssemblies\PPv2URPConverters.dll
Symbol file LoadedFromMemory is not a mono symbol file
Symbol file data-000002038D1F4630 doesn't match image C:\Users\rui02\unity_project\IVRC\IVRC\Library\ScriptAssemblies\Unity.XR.OpenVR.dll
Symbol file LoadedFromMemory is not a mono symbol file
Symbol file data-000002038D611A30 doesn't match image C:\Users\rui02\unity_project\IVRC\IVRC\Library\ScriptAssemblies\Unity.Settings.Editor.dll
Symbol file LoadedFromMemory is not a mono symbol file
Symbol file data-000002038D1F4630 doesn't match image C:\Users\rui02\unity_project\IVRC\IVRC\Library\ScriptAssemblies\Unity.TextMeshPro.dll
Symbol file LoadedFromMemory is not a mono symbol file
Symbol file data-000002038D9A3050 doesn't match image C:\Users\rui02\unity_project\IVRC\IVRC\Library\ScriptAssemblies\VRMShaders.VRM10.Format.Runtime.dll
Symbol file LoadedFromMemory is not a mono symbol file
Symbol file data-000002038D611A30 doesn't match image C:\Users\rui02\unity_project\IVRC\IVRC\Library\ScriptAssemblies\Unity.Burst.CodeGen.dll
Symbol file LoadedFromMemory is not a mono symbol file
Symbol file data-000002038D611A30 doesn't match image C:\Users\rui02\unity_project\IVRC\IVRC\Library\ScriptAssemblies\Unity.VSCode.Editor.dll
Symbol file LoadedFromMemory is not a mono symbol file
Symbol file data-000002038D217260 doesn't match image C:\Users\rui02\unity_project\IVRC\IVRC\Library\ScriptAssemblies\UniGLTF.Editor.dll
Symbol file LoadedFromMemory is not a mono symbol file
Symbol file data-000002036B600430 doesn't match image C:\Users\rui02\unity_project\IVRC\IVRC\Library\ScriptAssemblies\Unity.RenderPipelines.Universal.Editor.dll
Symbol file LoadedFromMemory is not a mono symbol file
Symbol file data-000002036B600430 doesn't match image C:\Users\rui02\unity_project\IVRC\IVRC\Library\ScriptAssemblies\Unity.RenderPipelines.HighDefinition.Editor.dll
Symbol file LoadedFromMemory is not a mono symbol file
Symbol file data-000002038D9A3050 doesn't match image C:\Users\rui02\unity_project\IVRC\IVRC\Library\ScriptAssemblies\VRM.Samples.Editor.Tests.dll
Symbol file LoadedFromMemory is not a mono symbol file
Symbol file data-000002038D9A3050 doesn't match image C:\Users\rui02\unity_project\IVRC\IVRC\Library\ScriptAssemblies\Unity.RenderPipelines.ShaderGraph.ShaderGraphLibrary.dll
Symbol file LoadedFromMemory is not a mono symbol file
Symbol file data-000002038D9A3050 doesn't match image C:\Users\rui02\unity_project\IVRC\IVRC\Library\ScriptAssemblies\Unity.EditorCoroutines.Editor.dll
Symbol file LoadedFromMemory is not a mono symbol file
Symbol file data-000002038D227270 doesn't match image C:\Users\rui02\unity_project\IVRC\IVRC\Library\ScriptAssemblies\FastSpringBone.dll
Symbol file LoadedFromMemory is not a mono symbol file
Symbol file data-000002036AB798B0 doesn't match image C:\Users\rui02\unity_project\IVRC\IVRC\Library\ScriptAssemblies\Unity.TerrainTools.Editor.dll
Symbol file LoadedFromMemory is not a mono symbol file
Symbol file data-000002038D39B020 doesn't match image C:\Users\rui02\unity_project\IVRC\IVRC\Library\ScriptAssemblies\Unity.RenderPipelines.Universal.Runtime.dll
Symbol file LoadedFromMemory is not a mono symbol file
Symbol file data-000002036B587EF0 doesn't match image C:\Users\rui02\unity_project\IVRC\IVRC\Library\ScriptAssemblies\MToon.dll
Symbol file LoadedFromMemory is not a mono symbol file
Symbol file data-000002038D611A30 doesn't match image C:\Users\rui02\unity_project\IVRC\IVRC\Library\ScriptAssemblies\UniHumanoid.dll
Symbol file LoadedFromMemory is not a mono symbol file
Symbol file data-000002036B600430 doesn't match image C:\Users\rui02\unity_project\IVRC\IVRC\Library\ScriptAssemblies\Unity.Burst.dll
Symbol file LoadedFromMemory is not a mono symbol file
Symbol file data-000002038D3F0230 doesn't match image C:\Users\rui02\unity_project\IVRC\IVRC\Library\ScriptAssemblies\UnityEngine.XR.LegacyInputHelpers.dll
Symbol file LoadedFromMemory is not a mono symbol file
Symbol file data-000002038D3F0230 doesn't match image C:\Users\rui02\unity_project\IVRC\IVRC\Library\ScriptAssemblies\UniGLTF.Tests.dll
Symbol file LoadedFromMemory is not a mono symbol file
Symbol file data-000002036ABA34D0 doesn't match image C:\Users\rui02\unity_project\IVRC\IVRC\Library\ScriptAssemblies\VRMShaders.GLTF.IO.Runtime.dll
Symbol file LoadedFromMemory is not a mono symbol file
Symbol file data-000002036B600430 doesn't match image C:\Users\rui02\unity_project\IVRC\IVRC\Library\ScriptAssemblies\Unity.Timeline.Editor.dll
Symbol file LoadedFromMemory is not a mono symbol file
Symbol file data-000002036B587EF0 doesn't match image C:\Users\rui02\unity_project\IVRC\IVRC\Library\ScriptAssemblies\Unity.VisualScripting.Shared.Editor.dll
Symbol file LoadedFromMemory is not a mono symbol file
Symbol file data-000002036B587EF0 doesn't match image C:\Users\rui02\unity_project\IVRC\IVRC\Library\ScriptAssemblies\Unity.TerrainTools.dll
Symbol file LoadedFromMemory is not a mono symbol file
Symbol file data-000002036B600430 doesn't match image C:\Users\rui02\unity_project\IVRC\IVRC\Library\ScriptAssemblies\Unity.PlasticSCM.Editor.dll
Symbol file LoadedFromMemory is not a mono symbol file
Symbol file data-000002036B587EF0 doesn't match image C:\Users\rui02\unity_project\IVRC\IVRC\Library\ScriptAssemblies\Unity.CollabProxy.Editor.dll
Symbol file LoadedFromMemory is not a mono symbol file
Symbol file data-000002036ABA34D0 doesn't match image C:\Users\rui02\unity_project\IVRC\IVRC\Library\ScriptAssemblies\UnityEditor.SpatialTracking.dll
Symbol file LoadedFromMemory is not a mono symbol file
Symbol file data-000002036AC9DF40 doesn't match image C:\Users\rui02\unity_project\IVRC\IVRC\Library\ScriptAssemblies\UniVRM.Editor.dll
Symbol file LoadedFromMemory is not a mono symbol file
Symbol file data-000002036AE8CD60 doesn't match image C:\Users\rui02\unity_project\IVRC\IVRC\Library\ScriptAssemblies\Unity.ShaderGraph.Editor.dll
Symbol file LoadedFromMemory is not a mono symbol file
Symbol file data-000002036AC9DF40 doesn't match image C:\Users\rui02\unity_project\IVRC\IVRC\Library\ScriptAssemblies\Unity.VisualStudio.Editor.dll
Symbol file LoadedFromMemory is not a mono symbol file
Symbol file data-000002036AC9DF40 doesn't match image C:\Users\rui02\unity_project\IVRC\IVRC\Library\ScriptAssemblies\UnityEditor.UI.dll
Symbol file LoadedFromMemory is not a mono symbol file
Symbol file data-000002036AE8CD60 doesn't match image C:\Users\rui02\unity_project\IVRC\IVRC\Library\ScriptAssemblies\Unity.VisualScripting.Core.dll
Symbol file LoadedFromMemory is not a mono symbol file
Symbol file data-000002036AC9DF40 doesn't match image C:\Users\rui02\unity_project\IVRC\IVRC\Library\ScriptAssemblies\SteamVR_Input_Editor.dll
Symbol file LoadedFromMemory is not a mono symbol file
Symbol file data-000002036AE8CD60 doesn't match image C:\Users\rui02\unity_project\IVRC\IVRC\Library\ScriptAssemblies\Unity.VisualScripting.Core.Editor.dll
Symbol file LoadedFromMemory is not a mono symbol file
Symbol file data-000002036ABA34D0 doesn't match image C:\Users\rui02\unity_project\IVRC\IVRC\Library\ScriptAssemblies\UnityEngine.SpatialTracking.dll
Symbol file LoadedFromMemory is not a mono symbol file
Symbol file data-000002036AECE570 doesn't match image C:\Users\rui02\unity_project\IVRC\IVRC\Library\ScriptAssemblies\UnityEngine.UI.dll
Symbol file LoadedFromMemory is not a mono symbol file
Symbol file data-000002036ABA60E0 doesn't match image C:\Users\rui02\unity_project\IVRC\IVRC\Library\ScriptAssemblies\VRMShaders.GLTF.IO.Tests.dll
Symbol file LoadedFromMemory is not a mono symbol file
Symbol file data-000002036ABA60E0 doesn't match image C:\Users\rui02\unity_project\IVRC\IVRC\Library\ScriptAssemblies\UnityEditor.XR.LegacyInputHelpers.dll
Symbol file LoadedFromMemory is not a mono symbol file
Symbol file data-000002036ABA60E0 doesn't match image C:\Users\rui02\unity_project\IVRC\IVRC\Library\ScriptAssemblies\SteamVR_Editor.dll
Symbol file LoadedFromMemory is not a mono symbol file
Symbol file data-000002036AF21380 doesn't match image C:\Users\rui02\unity_project\IVRC\IVRC\Library\ScriptAssemblies\Unity.VisualScripting.Flow.Editor.dll
Symbol file LoadedFromMemory is not a mono symbol file
Symbol file data-000002036ABA60E0 doesn't match image C:\Users\rui02\unity_project\IVRC\IVRC\Library\ScriptAssemblies\Unity.RenderPipeline.Universal.ShaderLibrary.dll
Symbol file LoadedFromMemory is not a mono symbol file
Symbol file data-000002036AF45190 doesn't match image C:\Users\rui02\unity_project\IVRC\IVRC\Library\ScriptAssemblies\Unity.Timeline.dll
Symbol file LoadedFromMemory is not a mono symbol file
Symbol file data-000002036AC9DF40 doesn't match image C:\Users\rui02\unity_project\IVRC\IVRC\Library\ScriptAssemblies\Unity.XR.OpenVR.Editor.dll
Symbol file LoadedFromMemory is not a mono symbol file
Symbol file data-000002036ACA2B50 doesn't match image C:\Users\rui02\unity_project\IVRC\IVRC\Library\ScriptAssemblies\VRMShaders.VRM10.MToon10.Runtime.dll
Symbol file LoadedFromMemory is not a mono symbol file
Symbol file data-000002036ACA7360 doesn't match image C:\Users\rui02\unity_project\IVRC\IVRC\Library\ScriptAssemblies\Unity.VisualScripting.SettingsProvider.Editor.dll
Symbol file LoadedFromMemory is not a mono symbol file
Symbol file data-000002036AF53BB0 doesn't match image C:\Users\rui02\unity_project\IVRC\IVRC\Library\ScriptAssemblies\Unity.TestTools.CodeCoverage.Editor.OpenCover.Model.dll
Symbol file LoadedFromMemory is not a mono symbol file
Symbol file data-000002036ACA7360 doesn't match image C:\Users\rui02\unity_project\IVRC\IVRC\Library\ScriptAssemblies\VRMShaders.GLTF.IO.Editor.dll
Symbol file LoadedFromMemory is not a mono symbol file
Symbol file data-000002036AF53BB0 doesn't match image C:\Users\rui02\unity_project\IVRC\IVRC\Library\ScriptAssemblies\UnityEngine.TestRunner.dll
Symbol file LoadedFromMemory is not a mono symbol file
Symbol file data-000002036AF53BB0 doesn't match image C:\Users\rui02\unity_project\IVRC\IVRC\Library\ScriptAssemblies\Unity.VisualScripting.State.Editor.dll
Symbol file LoadedFromMemory is not a mono symbol file
Symbol file data-000002038D6FA640 doesn't match image C:\Users\rui02\unity_project\IVRC\IVRC\Library\ScriptAssemblies\Unity.Mathematics.dll
Symbol file LoadedFromMemory is not a mono symbol file
Symbol file data-000002036ACA7360 doesn't match image C:\Users\rui02\unity_project\IVRC\IVRC\Library\ScriptAssemblies\Unity.RenderPipelines.Universal.Shaders.dll
Symbol file LoadedFromMemory is not a mono symbol file
Symbol file data-000002038D733050 doesn't match image C:\Users\rui02\unity_project\IVRC\IVRC\Library\ScriptAssemblies\Unity.TextMeshPro.Editor.dll
Symbol file LoadedFromMemory is not a mono symbol file
Symbol file data-000002038D73D260 doesn't match image C:\Users\rui02\unity_project\IVRC\IVRC\Library\ScriptAssemblies\Unity.Searcher.Editor.dll
Symbol file LoadedFromMemory is not a mono symbol file
Symbol file data-000002038D745270 doesn't match image C:\Users\rui02\unity_project\IVRC\IVRC\Library\ScriptAssemblies\Unity.VisualScripting.State.dll
Symbol file LoadedFromMemory is not a mono symbol file
Symbol file data-000002036ACA7360 doesn't match image C:\Users\rui02\unity_project\IVRC\IVRC\Library\ScriptAssemblies\Unity.ShaderGraph.Utilities.dll
Symbol file LoadedFromMemory is not a mono symbol file
Symbol file data-000002038EEFB4F0 doesn't match image C:\Users\rui02\unity_project\IVRC\IVRC\Library\ScriptAssemblies\Unity.RenderPipelines.HighDefinition.Runtime.dll
Symbol file LoadedFromMemory is not a mono symbol file
Symbol file data-000002038D745270 doesn't match image C:\Users\rui02\unity_project\IVRC\IVRC\Library\ScriptAssemblies\VRM.Tests.dll
Symbol file LoadedFromMemory is not a mono symbol file
- Loaded All Assemblies, in  0.828 seconds
Refreshing native plugins compatible for Editor in 5.59 ms, found 6 plugins.
Native extension for WindowsStandalone target not found
Native extension for WebGL target not found
Package Manager log level set to [2]
[Package Manager] Server::EnsureServerProcessIsRunning -- launch failed, reason: Unity was launched with the -noUpm command-line argument
[Package Manager] UpmClient::Send -- Unable to send message (not connected to UPM process).
[Package Manager] Cannot connect to Unity Package Manager local server
[Package Manager] Server::EnsureServerProcessIsRunning -- launch failed, reason: Unity was launched with the -noUpm command-line argument
[Package Manager] UpmClient::Send -- Unable to send message (not connected to UPM process).
[Package Manager] Cannot connect to Unity Package Manager local server
Mono: successfully reloaded assembly
[Package Manager] Server::EnsureServerProcessIsRunning -- launch failed, reason: Unity was launched with the -noUpm command-line argument
[Package Manager] UpmClient::Send -- Unable to send message (not connected to UPM process).
[Package Manager] Cannot connect to Unity Package Manager local server
[Package Manager] Server::EnsureServerProcessIsRunning -- launch failed, reason: Unity was launched with the -noUpm command-line argument
[Package Manager] UpmClient::Send -- Unable to send message (not connected to UPM process).
[Package Manager] Cannot connect to Unity Package Manager local server
- Finished resetting the current domain, in  0.926 seconds
Domain Reload Profiling: 1752ms
	BeginReloadAssembly (136ms)
		ExecutionOrderSort (0ms)
		DisableScriptedObjects (5ms)
		BackupInstance (0ms)
		ReleaseScriptingObjects (0ms)
		CreateAndSetChildDomain (20ms)
	RebuildCommonClasses (30ms)
	RebuildNativeTypeToScriptingClass (9ms)
	initialDomainReloadingComplete (37ms)
	LoadAllAssembliesAndSetupDomain (614ms)
		LoadAssemblies (372ms)
		RebuildTransferFunctionScriptingTraits (0ms)
		AnalyzeDomain (319ms)
			TypeCache.Refresh (259ms)
				TypeCache.ScanAssembly (240ms)
			ScanForSourceGeneratedMonoScriptInfo (40ms)
			ResolveRequiredComponents (17ms)
	FinalizeReload (927ms)
		ReleaseScriptCaches (0ms)
		RebuildScriptCaches (0ms)
		SetupLoadedEditorAssemblies (684ms)
			LogAssemblyErrors (0ms)
			InitializePlatformSupportModulesInManaged (8ms)
			SetLoadedEditorAssemblies (6ms)
			RefreshPlugins (0ms)
			BeforeProcessingInitializeOnLoad (103ms)
			ProcessInitializeOnLoadAttributes (528ms)
			ProcessInitializeOnLoadMethodAttributes (34ms)
			AfterProcessingInitializeOnLoad (4ms)
			EditorAssembliesLoaded (0ms)
		ExecutionOrderSort2 (0ms)
		AwakeInstancesAfterBackupRestoration (6ms)
Launched and connected shader compiler UnityShaderCompiler.exe after 0.05 seconds
Refreshing native plugins compatible for Editor in 7.35 ms, found 6 plugins.
Preloading 0 native plugins for Editor in 0.00 ms.
Unloading 8121 Unused Serialized files (Serialized files now loaded: 0)
Unloading 263 unused Assets / (14.9 MB). Loaded Objects now: 8494.
Memory consumption went from 356.8 MB to 341.9 MB.
Total: 6.400800 ms (FindLiveObjects: 0.577000 ms CreateObjectMapping: 0.370300 ms MarkObjects: 3.118900 ms  DeleteObjects: 2.333500 ms)

AssetImportParameters requested are different than current active one (requested -> active):
  custom:container-demuxer-ogg: 62fdf1f143b41e24485cea50d1cbac27 -> 
  custom:framework-win-MediaFoundation: 216162199b28c13a410421893ffa2e32 -> 
  custom:container-muxer-webm: aa71ff27fc2769a1b78a27578f13a17b -> 
  custom:video-decoder-webm-vp8: 9c59270c3fd7afecdb556c50c9e8de78 -> 
  custom:SearchIndexIgnoredProperties: e643bd26f0fe6173181afceb89e7c659 -> 
  custom:AudioImporter_EditorPlatform: d09bf68614088b80899f8185d706f6e7 -> 
  custom:audio-decoder-ogg-vorbis: bf7c407c2cedff20999df2af8eb42d56 -> 
  custom:audio-encoder-webm-vorbis: bf7c407c2cedff20999df2af8eb42d56 -> 
  custom:video-codec-MediaFoundation-h265: 746d11721c4dcdbdad8f713fa42b33f4 -> 
  custom:video-decoder-ogg-theora: a1e56fd34408186e4bbccfd4996cb3dc -> 
  custom:CustomObjectIndexerAttribute: a3ef5dd2817f97addfee359851a9dba5 -> 
  custom:container-demuxer-webm: 4f35f7cbe854078d1ac9338744f61a02 -> 
  custom:video-encoder-webm-vp8: eb34c28f22e8b96e1ab97ce403110664 -> 
========================================================================
Received Prepare
Begin MonoManager ReloadAssembly
Symbol file data-00000203A290B0A0 doesn't match image C:\Users\rui02\unity_project\IVRC\IVRC\Library\ScriptAssemblies\UniHumanoid.Editor.dll
Symbol file LoadedFromMemory is not a mono symbol file
Symbol file data-000002039C662010 doesn't match image C:\Users\rui02\unity_project\IVRC\IVRC\Library\ScriptAssemblies\Unity.XR.Management.dll
Symbol file LoadedFromMemory is not a mono symbol file
Symbol file data-00000203A2778040 doesn't match image C:\Users\rui02\unity_project\IVRC\IVRC\Library\ScriptAssemblies\UniHumanoid.Editor.Tests.dll
Symbol file LoadedFromMemory is not a mono symbol file
Symbol file data-000002038E969010 doesn't match image C:\Users\rui02\unity_project\IVRC\IVRC\Library\ScriptAssemblies\Unity.VisualEffectGraph.Runtime.dll
Symbol file LoadedFromMemory is not a mono symbol file
Symbol file data-000002038D9EA010 doesn't match image C:\Users\rui02\unity_project\IVRC\IVRC\Library\ScriptAssemblies\Unity.RenderPipelines.Core.Runtime.dll
Symbol file LoadedFromMemory is not a mono symbol file
Symbol file data-000002038E877010 doesn't match image C:\Users\rui02\unity_project\IVRC\IVRC\Library\ScriptAssemblies\Unity.Burst.Editor.dll
Symbol file LoadedFromMemory is not a mono symbol file
Symbol file data-000002038D1F4630 doesn't match image C:\Users\rui02\unity_project\IVRC\IVRC\Library\ScriptAssemblies\SteamVR.dll
Symbol file LoadedFromMemory is not a mono symbol file
Symbol file data-000002039C662010 doesn't match image C:\Users\rui02\unity_project\IVRC\IVRC\Library\ScriptAssemblies\VRMShaders.GLTF.UniUnlit.Runtime.dll
Symbol file LoadedFromMemory is not a mono symbol file
Symbol file data-000002039C662010 doesn't match image C:\Users\rui02\unity_project\IVRC\IVRC\Library\ScriptAssemblies\SteamVR_Windows_EditorHelper.dll
Symbol file LoadedFromMemory is not a mono symbol file
Symbol file data-000002038D1AA010 doesn't match image C:\Users\rui02\unity_project\IVRC\IVRC\Library\ScriptAssemblies\UniGLTF.dll
Symbol file LoadedFromMemory is not a mono symbol file
Symbol file data-000002039CB5C060 doesn't match image C:\Users\rui02\unity_project\IVRC\IVRC\Library\ScriptAssemblies\Unity.Rider.Editor.dll
Symbol file LoadedFromMemory is not a mono symbol file
Symbol file data-000002038DA27020 doesn't match image C:\Users\rui02\unity_project\IVRC\IVRC\Library\ScriptAssemblies\VRMShaders.VRM10.MToon10.Tests.dll
Symbol file LoadedFromMemory is not a mono symbol file
Symbol file data-000002038D1F4630 doesn't match image C:\Users\rui02\unity_project\IVRC\IVRC\Library\ScriptAssemblies\Unity.RenderPipelines.Core.Editor.dll
Symbol file LoadedFromMemory is not a mono symbol file
Symbol file data-000002039A932020 doesn't match image C:\Users\rui02\unity_project\IVRC\IVRC\Library\ScriptAssemblies\Unity.VisualEffectGraph.Editor.dll
Symbol file LoadedFromMemory is not a mono symbol file
Symbol file data-000002038D733010 doesn't match image C:\Users\rui02\unity_project\IVRC\IVRC\Library\ScriptAssemblies\UnityEditor.TestRunner.dll
Symbol file LoadedFromMemory is not a mono symbol file
Symbol file data-000002034817F030 doesn't match image C:\Users\rui02\unity_project\IVRC\IVRC\Library\ScriptAssemblies\Unity.VisualScripting.Flow.dll
Symbol file LoadedFromMemory is not a mono symbol file
Symbol file data-000002039C662010 doesn't match image C:\Users\rui02\unity_project\IVRC\IVRC\Library\ScriptAssemblies\Unity.Mathematics.Editor.dll
Symbol file LoadedFromMemory is not a mono symbol file
Symbol file data-000002039C662010 doesn't match image C:\Users\rui02\unity_project\IVRC\IVRC\Library\ScriptAssemblies\Unity.TestTools.CodeCoverage.Editor.OpenCover.Mono.Reflection.dll
Symbol file LoadedFromMemory is not a mono symbol file
Symbol file data-000002039C662010 doesn't match image C:\Users\rui02\unity_project\IVRC\IVRC\Library\ScriptAssemblies\VRMShaders.VRM10.MToon10.Editor.dll
Symbol file LoadedFromMemory is not a mono symbol file
Symbol file data-000002039C662010 doesn't match image C:\Users\rui02\unity_project\IVRC\IVRC\Library\ScriptAssemblies\UniGLTF.Utils.dll
Symbol file LoadedFromMemory is not a mono symbol file
Symbol file data-000002039C662010 doesn't match image C:\Users\rui02\unity_project\IVRC\IVRC\Library\ScriptAssemblies\Unity.RenderPipelines.HighDefinition.Config.Runtime.dll
Symbol file LoadedFromMemory is not a mono symbol file
Symbol file data-000002039C662010 doesn't match image C:\Users\rui02\unity_project\IVRC\IVRC\Library\ScriptAssemblies\MToon.Editor.dll
Symbol file LoadedFromMemory is not a mono symbol file
Symbol file data-000002039A75B630 doesn't match image C:\Users\rui02\unity_project\IVRC\IVRC\Library\ScriptAssemblies\Unity.Performance.Profile-Analyzer.Editor.dll
Symbol file LoadedFromMemory is not a mono symbol file
Symbol file data-000002039C662010 doesn't match image C:\Users\rui02\unity_project\IVRC\IVRC\Library\ScriptAssemblies\Unity.RenderPipelines.Core.ShaderLibrary.dll
Symbol file LoadedFromMemory is not a mono symbol file
Symbol file data-000002039CB5C060 doesn't match image C:\Users\rui02\unity_project\IVRC\IVRC\Library\ScriptAssemblies\Unity.XR.Management.Editor.dll
Symbol file LoadedFromMemory is not a mono symbol file
Symbol file data-000002039C662010 doesn't match image C:\Users\rui02\unity_project\IVRC\IVRC\Library\ScriptAssemblies\VRMShaders.VRM.IO.Runtime.dll
Symbol file LoadedFromMemory is not a mono symbol file
Symbol file data-000002039A63AC20 doesn't match image C:\Users\rui02\unity_project\IVRC\IVRC\Library\ScriptAssemblies\Unity.TestTools.CodeCoverage.Editor.dll
Symbol file LoadedFromMemory is not a mono symbol file
Symbol file data-000002039B841020 doesn't match image C:\Users\rui02\unity_project\IVRC\IVRC\Library\ScriptAssemblies\VRM.dll
Symbol file LoadedFromMemory is not a mono symbol file
Symbol file data-000002039C662010 doesn't match image C:\Users\rui02\unity_project\IVRC\IVRC\Library\ScriptAssemblies\VRMShaders.GLTF.UniUnlit.Editor.dll
Symbol file LoadedFromMemory is not a mono symbol file
Symbol file data-000002039C662010 doesn't match image C:\Users\rui02\unity_project\IVRC\IVRC\Library\ScriptAssemblies\PPv2URPConverters.dll
Symbol file LoadedFromMemory is not a mono symbol file
Symbol file data-000002039A63AC20 doesn't match image C:\Users\rui02\unity_project\IVRC\IVRC\Library\ScriptAssemblies\Unity.XR.OpenVR.dll
Symbol file LoadedFromMemory is not a mono symbol file
Symbol file data-000002036B9F78E0 doesn't match image C:\Users\rui02\unity_project\IVRC\IVRC\Library\ScriptAssemblies\Unity.Settings.Editor.dll
Symbol file LoadedFromMemory is not a mono symbol file
Symbol file data-00000203994BB020 doesn't match image C:\Users\rui02\unity_project\IVRC\IVRC\Library\ScriptAssemblies\Unity.TextMeshPro.dll
Symbol file LoadedFromMemory is not a mono symbol file
Symbol file data-000002039C662010 doesn't match image C:\Users\rui02\unity_project\IVRC\IVRC\Library\ScriptAssemblies\VRMShaders.VRM10.Format.Runtime.dll
Symbol file LoadedFromMemory is not a mono symbol file
Symbol file data-000002038CD5FC30 doesn't match image C:\Users\rui02\unity_project\IVRC\IVRC\Library\ScriptAssemblies\Unity.Burst.CodeGen.dll
Symbol file LoadedFromMemory is not a mono symbol file
Symbol file data-000002036B9F78E0 doesn't match image C:\Users\rui02\unity_project\IVRC\IVRC\Library\ScriptAssemblies\Unity.VSCode.Editor.dll
Symbol file LoadedFromMemory is not a mono symbol file
Symbol file data-000002036B812660 doesn't match image C:\Users\rui02\unity_project\IVRC\IVRC\Library\ScriptAssemblies\UniGLTF.Editor.dll
Symbol file LoadedFromMemory is not a mono symbol file
Symbol file data-000002039C2223B0 doesn't match image C:\Users\rui02\unity_project\IVRC\IVRC\Library\ScriptAssemblies\Unity.RenderPipelines.Universal.Editor.dll
Symbol file LoadedFromMemory is not a mono symbol file
Symbol file data-000002038E5EB010 doesn't match image C:\Users\rui02\unity_project\IVRC\IVRC\Library\ScriptAssemblies\Unity.RenderPipelines.HighDefinition.Editor.dll
Symbol file LoadedFromMemory is not a mono symbol file
Symbol file data-000002039C662010 doesn't match image C:\Users\rui02\unity_project\IVRC\IVRC\Library\ScriptAssemblies\VRM.Samples.Editor.Tests.dll
Symbol file LoadedFromMemory is not a mono symbol file
Symbol file data-000002039C662010 doesn't match image C:\Users\rui02\unity_project\IVRC\IVRC\Library\ScriptAssemblies\Unity.RenderPipelines.ShaderGraph.ShaderGraphLibrary.dll
Symbol file LoadedFromMemory is not a mono symbol file
Symbol file data-000002039C662010 doesn't match image C:\Users\rui02\unity_project\IVRC\IVRC\Library\ScriptAssemblies\Unity.EditorCoroutines.Editor.dll
Symbol file LoadedFromMemory is not a mono symbol file
Symbol file data-0000020398DCEC50 doesn't match image C:\Users\rui02\unity_project\IVRC\IVRC\Library\ScriptAssemblies\FastSpringBone.dll
Symbol file LoadedFromMemory is not a mono symbol file
Symbol file data-000002039C1DC010 doesn't match image C:\Users\rui02\unity_project\IVRC\IVRC\Library\ScriptAssemblies\Unity.TerrainTools.Editor.dll
Symbol file LoadedFromMemory is not a mono symbol file
Symbol file data-000002039C060010 doesn't match image C:\Users\rui02\unity_project\IVRC\IVRC\Library\ScriptAssemblies\Unity.RenderPipelines.Universal.Runtime.dll
Symbol file LoadedFromMemory is not a mono symbol file
Symbol file data-000002039CC95060 doesn't match image C:\Users\rui02\unity_project\IVRC\IVRC\Library\ScriptAssemblies\MToon.dll
Symbol file LoadedFromMemory is not a mono symbol file
Symbol file data-000002038CD5FC30 doesn't match image C:\Users\rui02\unity_project\IVRC\IVRC\Library\ScriptAssemblies\UniHumanoid.dll
Symbol file LoadedFromMemory is not a mono symbol file
Symbol file data-000002039C1DC010 doesn't match image C:\Users\rui02\unity_project\IVRC\IVRC\Library\ScriptAssemblies\Unity.Burst.dll
Symbol file LoadedFromMemory is not a mono symbol file
Symbol file data-0000020399A3CC20 doesn't match image C:\Users\rui02\unity_project\IVRC\IVRC\Library\ScriptAssemblies\UnityEngine.XR.LegacyInputHelpers.dll
Symbol file LoadedFromMemory is not a mono symbol file
Symbol file data-000002038CD5FC30 doesn't match image C:\Users\rui02\unity_project\IVRC\IVRC\Library\ScriptAssemblies\UniGLTF.Tests.dll
Symbol file LoadedFromMemory is not a mono symbol file
Symbol file data-000002038EAF3020 doesn't match image C:\Users\rui02\unity_project\IVRC\IVRC\Library\ScriptAssemblies\VRMShaders.GLTF.IO.Runtime.dll
Symbol file LoadedFromMemory is not a mono symbol file
Symbol file data-000002039C0FD400 doesn't match image C:\Users\rui02\unity_project\IVRC\IVRC\Library\ScriptAssemblies\Unity.Timeline.Editor.dll
Symbol file LoadedFromMemory is not a mono symbol file
Symbol file data-000002039A9E4E30 doesn't match image C:\Users\rui02\unity_project\IVRC\IVRC\Library\ScriptAssemblies\Unity.VisualScripting.Shared.Editor.dll
Symbol file LoadedFromMemory is not a mono symbol file
Symbol file data-000002039A9E4E30 doesn't match image C:\Users\rui02\unity_project\IVRC\IVRC\Library\ScriptAssemblies\Unity.TerrainTools.dll
Symbol file LoadedFromMemory is not a mono symbol file
Symbol file data-000002039C2223B0 doesn't match image C:\Users\rui02\unity_project\IVRC\IVRC\Library\ScriptAssemblies\Unity.PlasticSCM.Editor.dll
Symbol file LoadedFromMemory is not a mono symbol file
Symbol file data-000002039A9E4E30 doesn't match image C:\Users\rui02\unity_project\IVRC\IVRC\Library\ScriptAssemblies\Unity.CollabProxy.Editor.dll
Symbol file LoadedFromMemory is not a mono symbol file
Symbol file data-000002039A9E4E30 doesn't match image C:\Users\rui02\unity_project\IVRC\IVRC\Library\ScriptAssemblies\UnityEditor.SpatialTracking.dll
Symbol file LoadedFromMemory is not a mono symbol file
Symbol file data-000002039CA62030 doesn't match image C:\Users\rui02\unity_project\IVRC\IVRC\Library\ScriptAssemblies\UniVRM.Editor.dll
Symbol file LoadedFromMemory is not a mono symbol file
Symbol file data-000002039ABEA030 doesn't match image C:\Users\rui02\unity_project\IVRC\IVRC\Library\ScriptAssemblies\Unity.ShaderGraph.Editor.dll
Symbol file LoadedFromMemory is not a mono symbol file
Symbol file data-000002038E640220 doesn't match image C:\Users\rui02\unity_project\IVRC\IVRC\Library\ScriptAssemblies\Unity.VisualStudio.Editor.dll
Symbol file LoadedFromMemory is not a mono symbol file
Symbol file data-000002038E640220 doesn't match image C:\Users\rui02\unity_project\IVRC\IVRC\Library\ScriptAssemblies\UnityEditor.UI.dll
Symbol file LoadedFromMemory is not a mono symbol file
Symbol file data-000002039B1D7030 doesn't match image C:\Users\rui02\unity_project\IVRC\IVRC\Library\ScriptAssemblies\Unity.VisualScripting.Core.dll
Symbol file LoadedFromMemory is not a mono symbol file
Symbol file data-000002038E640220 doesn't match image C:\Users\rui02\unity_project\IVRC\IVRC\Library\ScriptAssemblies\SteamVR_Input_Editor.dll
Symbol file LoadedFromMemory is not a mono symbol file
Symbol file data-000002039922B260 doesn't match image C:\Users\rui02\unity_project\IVRC\IVRC\Library\ScriptAssemblies\Unity.VisualScripting.Core.Editor.dll
Symbol file LoadedFromMemory is not a mono symbol file
Symbol file data-000002039A9E4E30 doesn't match image C:\Users\rui02\unity_project\IVRC\IVRC\Library\ScriptAssemblies\UnityEngine.SpatialTracking.dll
Symbol file LoadedFromMemory is not a mono symbol file
Symbol file data-000002036B498020 doesn't match image C:\Users\rui02\unity_project\IVRC\IVRC\Library\ScriptAssemblies\UnityEngine.UI.dll
Symbol file LoadedFromMemory is not a mono symbol file
Symbol file data-000002039A9E4E30 doesn't match image C:\Users\rui02\unity_project\IVRC\IVRC\Library\ScriptAssemblies\VRMShaders.GLTF.IO.Tests.dll
Symbol file LoadedFromMemory is not a mono symbol file
Symbol file data-000002039CC95060 doesn't match image C:\Users\rui02\unity_project\IVRC\IVRC\Library\ScriptAssemblies\UnityEditor.XR.LegacyInputHelpers.dll
Symbol file LoadedFromMemory is not a mono symbol file
Symbol file data-00000203999DE030 doesn't match image C:\Users\rui02\unity_project\IVRC\IVRC\Library\ScriptAssemblies\SteamVR_Editor.dll
Symbol file LoadedFromMemory is not a mono symbol file
Symbol file data-0000020398C84070 doesn't match image C:\Users\rui02\unity_project\IVRC\IVRC\Library\ScriptAssemblies\Unity.VisualScripting.Flow.Editor.dll
Symbol file LoadedFromMemory is not a mono symbol file
Symbol file data-000002039A9E4E30 doesn't match image C:\Users\rui02\unity_project\IVRC\IVRC\Library\ScriptAssemblies\Unity.RenderPipeline.Universal.ShaderLibrary.dll
Symbol file LoadedFromMemory is not a mono symbol file
Symbol file data-000002038D7CA8F0 doesn't match image C:\Users\rui02\unity_project\IVRC\IVRC\Library\ScriptAssemblies\Unity.Timeline.dll
Symbol file LoadedFromMemory is not a mono symbol file
Symbol file data-000002039CC95060 doesn't match image C:\Users\rui02\unity_project\IVRC\IVRC\Library\ScriptAssemblies\Unity.XR.OpenVR.Editor.dll
Symbol file LoadedFromMemory is not a mono symbol file
Symbol file data-0000020399A3CC20 doesn't match image C:\Users\rui02\unity_project\IVRC\IVRC\Library\ScriptAssemblies\VRMShaders.VRM10.MToon10.Runtime.dll
Symbol file LoadedFromMemory is not a mono symbol file
Symbol file data-000002039B498A50 doesn't match image C:\Users\rui02\unity_project\IVRC\IVRC\Library\ScriptAssemblies\Unity.VisualScripting.SettingsProvider.Editor.dll
Symbol file LoadedFromMemory is not a mono symbol file
Symbol file data-0000020398DCEC50 doesn't match image C:\Users\rui02\unity_project\IVRC\IVRC\Library\ScriptAssemblies\Unity.TestTools.CodeCoverage.Editor.OpenCover.Model.dll
Symbol file LoadedFromMemory is not a mono symbol file
Symbol file data-000002039B498A50 doesn't match image C:\Users\rui02\unity_project\IVRC\IVRC\Library\ScriptAssemblies\VRMShaders.GLTF.IO.Editor.dll
Symbol file LoadedFromMemory is not a mono symbol file
Symbol file data-000002036B812660 doesn't match image C:\Users\rui02\unity_project\IVRC\IVRC\Library\ScriptAssemblies\UnityEngine.TestRunner.dll
Symbol file LoadedFromMemory is not a mono symbol file
Symbol file data-000002038E640220 doesn't match image C:\Users\rui02\unity_project\IVRC\IVRC\Library\ScriptAssemblies\Unity.VisualScripting.State.Editor.dll
Symbol file LoadedFromMemory is not a mono symbol file
Symbol file data-0000020399457050 doesn't match image C:\Users\rui02\unity_project\IVRC\IVRC\Library\ScriptAssemblies\Unity.Mathematics.dll
Symbol file LoadedFromMemory is not a mono symbol file
Symbol file data-000002039B498A50 doesn't match image C:\Users\rui02\unity_project\IVRC\IVRC\Library\ScriptAssemblies\Unity.RenderPipelines.Universal.Shaders.dll
Symbol file LoadedFromMemory is not a mono symbol file
Symbol file data-000002039BA36820 doesn't match image C:\Users\rui02\unity_project\IVRC\IVRC\Library\ScriptAssemblies\Unity.TextMeshPro.Editor.dll
Symbol file LoadedFromMemory is not a mono symbol file
Symbol file data-000002038EC9A060 doesn't match image C:\Users\rui02\unity_project\IVRC\IVRC\Library\ScriptAssemblies\Unity.Searcher.Editor.dll
Symbol file LoadedFromMemory is not a mono symbol file
Symbol file data-0000020398DCEC50 doesn't match image C:\Users\rui02\unity_project\IVRC\IVRC\Library\ScriptAssemblies\Unity.VisualScripting.State.dll
Symbol file LoadedFromMemory is not a mono symbol file
Symbol file data-000002039B498A50 doesn't match image C:\Users\rui02\unity_project\IVRC\IVRC\Library\ScriptAssemblies\Unity.ShaderGraph.Utilities.dll
Symbol file LoadedFromMemory is not a mono symbol file
Symbol file data-000002039B002980 doesn't match image C:\Users\rui02\unity_project\IVRC\IVRC\Library\ScriptAssemblies\Unity.RenderPipelines.HighDefinition.Runtime.dll
Symbol file LoadedFromMemory is not a mono symbol file
Symbol file data-0000020398DCEC50 doesn't match image C:\Users\rui02\unity_project\IVRC\IVRC\Library\ScriptAssemblies\VRM.Tests.dll
Symbol file LoadedFromMemory is not a mono symbol file
- Loaded All Assemblies, in  0.543 seconds
Refreshing native plugins compatible for Editor in 6.24 ms, found 6 plugins.
Native extension for WindowsStandalone target not found
Native extension for WebGL target not found
[Package Manager] Server::EnsureServerProcessIsRunning -- launch failed, reason: Unity was launched with the -noUpm command-line argument
[Package Manager] UpmClient::Send -- Unable to send message (not connected to UPM process).
[Package Manager] Cannot connect to Unity Package Manager local server
[Package Manager] Server::EnsureServerProcessIsRunning -- launch failed, reason: Unity was launched with the -noUpm command-line argument
[Package Manager] UpmClient::Send -- Unable to send message (not connected to UPM process).
[Package Manager] Cannot connect to Unity Package Manager local server
Mono: successfully reloaded assembly
[Package Manager] Server::EnsureServerProcessIsRunning -- launch failed, reason: Unity was launched with the -noUpm command-line argument
[Package Manager] UpmClient::Send -- Unable to send message (not connected to UPM process).
[Package Manager] Cannot connect to Unity Package Manager local server
- Finished resetting the current domain, in  1.166 seconds
Domain Reload Profiling: 1706ms
	BeginReloadAssembly (152ms)
		ExecutionOrderSort (0ms)
		DisableScriptedObjects (3ms)
		BackupInstance (0ms)
		ReleaseScriptingObjects (0ms)
		CreateAndSetChildDomain (40ms)
	RebuildCommonClasses (30ms)
	RebuildNativeTypeToScriptingClass (11ms)
	initialDomainReloadingComplete (28ms)
	LoadAllAssembliesAndSetupDomain (319ms)
		LoadAssemblies (314ms)
		RebuildTransferFunctionScriptingTraits (0ms)
		AnalyzeDomain (82ms)
			TypeCache.Refresh (14ms)
				TypeCache.ScanAssembly (1ms)
			ScanForSourceGeneratedMonoScriptInfo (47ms)
			ResolveRequiredComponents (19ms)
	FinalizeReload (1166ms)
		ReleaseScriptCaches (0ms)
		RebuildScriptCaches (0ms)
		SetupLoadedEditorAssemblies (492ms)
			LogAssemblyErrors (0ms)
			InitializePlatformSupportModulesInManaged (6ms)
			SetLoadedEditorAssemblies (3ms)
			RefreshPlugins (0ms)
			BeforeProcessingInitializeOnLoad (84ms)
			ProcessInitializeOnLoadAttributes (372ms)
			ProcessInitializeOnLoadMethodAttributes (23ms)
			AfterProcessingInitializeOnLoad (4ms)
			EditorAssembliesLoaded (0ms)
		ExecutionOrderSort2 (0ms)
		AwakeInstancesAfterBackupRestoration (5ms)
Refreshing native plugins compatible for Editor in 5.49 ms, found 6 plugins.
Preloading 0 native plugins for Editor in 0.00 ms.
Unloading 7867 Unused Serialized files (Serialized files now loaded: 0)
Unloading 200 unused Assets / (14.8 MB). Loaded Objects now: 8510.
Memory consumption went from 299.4 MB to 284.5 MB.
Total: 5.909400 ms (FindLiveObjects: 0.603100 ms CreateObjectMapping: 0.418300 ms MarkObjects: 2.599200 ms  DeleteObjects: 2.287900 ms)

Prepare: number of updated asset objects reloaded= 0
AssetImportParameters requested are different than current active one (requested -> active):
  custom:container-demuxer-ogg: 62fdf1f143b41e24485cea50d1cbac27 -> 
  custom:framework-win-MediaFoundation: 216162199b28c13a410421893ffa2e32 -> 
  custom:container-muxer-webm: aa71ff27fc2769a1b78a27578f13a17b -> 
  custom:video-decoder-webm-vp8: 9c59270c3fd7afecdb556c50c9e8de78 -> 
  custom:SearchIndexIgnoredProperties: e643bd26f0fe6173181afceb89e7c659 -> 
  custom:AudioImporter_EditorPlatform: d09bf68614088b80899f8185d706f6e7 -> 
  custom:audio-decoder-ogg-vorbis: bf7c407c2cedff20999df2af8eb42d56 -> 
  custom:audio-encoder-webm-vorbis: bf7c407c2cedff20999df2af8eb42d56 -> 
  custom:video-codec-MediaFoundation-h265: 746d11721c4dcdbdad8f713fa42b33f4 -> 
  custom:video-decoder-ogg-theora: a1e56fd34408186e4bbccfd4996cb3dc -> 
  custom:CustomObjectIndexerAttribute: a3ef5dd2817f97addfee359851a9dba5 -> 
  custom:container-demuxer-webm: 4f35f7cbe854078d1ac9338744f61a02 -> 
  custom:video-encoder-webm-vp8: eb34c28f22e8b96e1ab97ce403110664 -> 
========================================================================
Received Prepare
Begin MonoManager ReloadAssembly
Symbol file data-00000203A00FEC50 doesn't match image C:\Users\rui02\unity_project\IVRC\IVRC\Library\ScriptAssemblies\UniHumanoid.Editor.dll
Symbol file LoadedFromMemory is not a mono symbol file
Symbol file data-0000020398C139F0 doesn't match image C:\Users\rui02\unity_project\IVRC\IVRC\Library\ScriptAssemblies\Unity.XR.Management.dll
Symbol file LoadedFromMemory is not a mono symbol file
Symbol file data-000002036B455DD0 doesn't match image C:\Users\rui02\unity_project\IVRC\IVRC\Library\ScriptAssemblies\UniHumanoid.Editor.Tests.dll
Symbol file LoadedFromMemory is not a mono symbol file
Symbol file data-000002039FC0AD40 doesn't match image C:\Users\rui02\unity_project\IVRC\IVRC\Library\ScriptAssemblies\Unity.VisualEffectGraph.Runtime.dll
Symbol file LoadedFromMemory is not a mono symbol file
Symbol file data-000002039F9F0080 doesn't match image C:\Users\rui02\unity_project\IVRC\IVRC\Library\ScriptAssemblies\Unity.RenderPipelines.Core.Runtime.dll
Symbol file LoadedFromMemory is not a mono symbol file
Symbol file data-00000203A1946030 doesn't match image C:\Users\rui02\unity_project\IVRC\IVRC\Library\ScriptAssemblies\Unity.Burst.Editor.dll
Symbol file LoadedFromMemory is not a mono symbol file
Symbol file data-000002039B885010 doesn't match image C:\Users\rui02\unity_project\IVRC\IVRC\Library\ScriptAssemblies\SteamVR.dll
Symbol file LoadedFromMemory is not a mono symbol file
Symbol file data-000002036B455DD0 doesn't match image C:\Users\rui02\unity_project\IVRC\IVRC\Library\ScriptAssemblies\VRMShaders.GLTF.UniUnlit.Runtime.dll
Symbol file LoadedFromMemory is not a mono symbol file
Symbol file data-000002036B455DD0 doesn't match image C:\Users\rui02\unity_project\IVRC\IVRC\Library\ScriptAssemblies\SteamVR_Windows_EditorHelper.dll
Symbol file LoadedFromMemory is not a mono symbol file
Symbol file data-00000203A2754E50 doesn't match image C:\Users\rui02\unity_project\IVRC\IVRC\Library\ScriptAssemblies\UniGLTF.dll
Symbol file LoadedFromMemory is not a mono symbol file
Symbol file data-00000203A051B040 doesn't match image C:\Users\rui02\unity_project\IVRC\IVRC\Library\ScriptAssemblies\Unity.Rider.Editor.dll
Symbol file LoadedFromMemory is not a mono symbol file
Symbol file data-000002039FF8B3E0 doesn't match image C:\Users\rui02\unity_project\IVRC\IVRC\Library\ScriptAssemblies\VRMShaders.VRM10.MToon10.Tests.dll
Symbol file LoadedFromMemory is not a mono symbol file
Symbol file data-000002039D417310 doesn't match image C:\Users\rui02\unity_project\IVRC\IVRC\Library\ScriptAssemblies\Unity.RenderPipelines.Core.Editor.dll
Symbol file LoadedFromMemory is not a mono symbol file
Symbol file data-000002039FC51510 doesn't match image C:\Users\rui02\unity_project\IVRC\IVRC\Library\ScriptAssemblies\Unity.VisualEffectGraph.Editor.dll
Symbol file LoadedFromMemory is not a mono symbol file
Symbol file data-000002038D732F80 doesn't match image C:\Users\rui02\unity_project\IVRC\IVRC\Library\ScriptAssemblies\UnityEditor.TestRunner.dll
Symbol file LoadedFromMemory is not a mono symbol file
Symbol file data-000002039D3A29F0 doesn't match image C:\Users\rui02\unity_project\IVRC\IVRC\Library\ScriptAssemblies\Unity.VisualScripting.Flow.dll
Symbol file LoadedFromMemory is not a mono symbol file
Symbol file data-00000203A2497030 doesn't match image C:\Users\rui02\unity_project\IVRC\IVRC\Library\ScriptAssemblies\Unity.Mathematics.Editor.dll
Symbol file LoadedFromMemory is not a mono symbol file
Symbol file data-00000203A2497030 doesn't match image C:\Users\rui02\unity_project\IVRC\IVRC\Library\ScriptAssemblies\Unity.TestTools.CodeCoverage.Editor.OpenCover.Mono.Reflection.dll
Symbol file LoadedFromMemory is not a mono symbol file
Symbol file data-00000203A0066E20 doesn't match image C:\Users\rui02\unity_project\IVRC\IVRC\Library\ScriptAssemblies\VRMShaders.VRM10.MToon10.Editor.dll
Symbol file LoadedFromMemory is not a mono symbol file
Symbol file data-000002036B455DD0 doesn't match image C:\Users\rui02\unity_project\IVRC\IVRC\Library\ScriptAssemblies\UniGLTF.Utils.dll
Symbol file LoadedFromMemory is not a mono symbol file
Symbol file data-00000203A1B3E7A0 doesn't match image C:\Users\rui02\unity_project\IVRC\IVRC\Library\ScriptAssemblies\Unity.RenderPipelines.HighDefinition.Config.Runtime.dll
Symbol file LoadedFromMemory is not a mono symbol file
Symbol file data-00000203E6E37E50 doesn't match image C:\Users\rui02\unity_project\IVRC\IVRC\Library\ScriptAssemblies\MToon.Editor.dll
Symbol file LoadedFromMemory is not a mono symbol file
Symbol file data-00000203A1F66760 doesn't match image C:\Users\rui02\unity_project\IVRC\IVRC\Library\ScriptAssemblies\Unity.Performance.Profile-Analyzer.Editor.dll
Symbol file LoadedFromMemory is not a mono symbol file
Symbol file data-000002039FF8B3E0 doesn't match image C:\Users\rui02\unity_project\IVRC\IVRC\Library\ScriptAssemblies\Unity.RenderPipelines.Core.ShaderLibrary.dll
Symbol file LoadedFromMemory is not a mono symbol file
Symbol file data-000002039D115930 doesn't match image C:\Users\rui02\unity_project\IVRC\IVRC\Library\ScriptAssemblies\Unity.XR.Management.Editor.dll
Symbol file LoadedFromMemory is not a mono symbol file
Symbol file data-000002036B455DD0 doesn't match image C:\Users\rui02\unity_project\IVRC\IVRC\Library\ScriptAssemblies\VRMShaders.VRM.IO.Runtime.dll
Symbol file LoadedFromMemory is not a mono symbol file
Symbol file data-000002038E969010 doesn't match image C:\Users\rui02\unity_project\IVRC\IVRC\Library\ScriptAssemblies\Unity.TestTools.CodeCoverage.Editor.dll
Symbol file LoadedFromMemory is not a mono symbol file
Symbol file data-000002039B841020 doesn't match image C:\Users\rui02\unity_project\IVRC\IVRC\Library\ScriptAssemblies\VRM.dll
Symbol file LoadedFromMemory is not a mono symbol file
Symbol file data-000002036B455DD0 doesn't match image C:\Users\rui02\unity_project\IVRC\IVRC\Library\ScriptAssemblies\VRMShaders.GLTF.UniUnlit.Editor.dll
Symbol file LoadedFromMemory is not a mono symbol file
Symbol file data-000002036B455DD0 doesn't match image C:\Users\rui02\unity_project\IVRC\IVRC\Library\ScriptAssemblies\PPv2URPConverters.dll
Symbol file LoadedFromMemory is not a mono symbol file
Symbol file data-000002038E89F6A0 doesn't match image C:\Users\rui02\unity_project\IVRC\IVRC\Library\ScriptAssemblies\Unity.XR.OpenVR.dll
Symbol file LoadedFromMemory is not a mono symbol file
Symbol file data-00000203A002C030 doesn't match image C:\Users\rui02\unity_project\IVRC\IVRC\Library\ScriptAssemblies\Unity.Settings.Editor.dll
Symbol file LoadedFromMemory is not a mono symbol file
Symbol file data-00000203994BB020 doesn't match image C:\Users\rui02\unity_project\IVRC\IVRC\Library\ScriptAssemblies\Unity.TextMeshPro.dll
Symbol file LoadedFromMemory is not a mono symbol file
Symbol file data-000002039FF8B3E0 doesn't match image C:\Users\rui02\unity_project\IVRC\IVRC\Library\ScriptAssemblies\VRMShaders.VRM10.Format.Runtime.dll
Symbol file LoadedFromMemory is not a mono symbol file
Symbol file data-000002036AF63BC0 doesn't match image C:\Users\rui02\unity_project\IVRC\IVRC\Library\ScriptAssemblies\Unity.Burst.CodeGen.dll
Symbol file LoadedFromMemory is not a mono symbol file
Symbol file data-00000203A0114B80 doesn't match image C:\Users\rui02\unity_project\IVRC\IVRC\Library\ScriptAssemblies\Unity.VSCode.Editor.dll
Symbol file LoadedFromMemory is not a mono symbol file
Symbol file data-000002039EC51300 doesn't match image C:\Users\rui02\unity_project\IVRC\IVRC\Library\ScriptAssemblies\UniGLTF.Editor.dll
Symbol file LoadedFromMemory is not a mono symbol file
Symbol file data-00000203A0B24320 doesn't match image C:\Users\rui02\unity_project\IVRC\IVRC\Library\ScriptAssemblies\Unity.RenderPipelines.Universal.Editor.dll
Symbol file LoadedFromMemory is not a mono symbol file
Symbol file data-000002039EDE2020 doesn't match image C:\Users\rui02\unity_project\IVRC\IVRC\Library\ScriptAssemblies\Unity.RenderPipelines.HighDefinition.Editor.dll
Symbol file LoadedFromMemory is not a mono symbol file
Symbol file data-00000203E6E37E50 doesn't match image C:\Users\rui02\unity_project\IVRC\IVRC\Library\ScriptAssemblies\VRM.Samples.Editor.Tests.dll
Symbol file LoadedFromMemory is not a mono symbol file
Symbol file data-000002039FF8B3E0 doesn't match image C:\Users\rui02\unity_project\IVRC\IVRC\Library\ScriptAssemblies\Unity.RenderPipelines.ShaderGraph.ShaderGraphLibrary.dll
Symbol file LoadedFromMemory is not a mono symbol file
Symbol file data-00000203A0066E20 doesn't match image C:\Users\rui02\unity_project\IVRC\IVRC\Library\ScriptAssemblies\Unity.EditorCoroutines.Editor.dll
Symbol file LoadedFromMemory is not a mono symbol file
Symbol file data-00000203A0114B80 doesn't match image C:\Users\rui02\unity_project\IVRC\IVRC\Library\ScriptAssemblies\FastSpringBone.dll
Symbol file LoadedFromMemory is not a mono symbol file
Symbol file data-000002039FC181D0 doesn't match image C:\Users\rui02\unity_project\IVRC\IVRC\Library\ScriptAssemblies\Unity.TerrainTools.Editor.dll
Symbol file LoadedFromMemory is not a mono symbol file
Symbol file data-00000203A01C0010 doesn't match image C:\Users\rui02\unity_project\IVRC\IVRC\Library\ScriptAssemblies\Unity.RenderPipelines.Universal.Runtime.dll
Symbol file LoadedFromMemory is not a mono symbol file
Symbol file data-000002039B498A50 doesn't match image C:\Users\rui02\unity_project\IVRC\IVRC\Library\ScriptAssemblies\MToon.dll
Symbol file LoadedFromMemory is not a mono symbol file
Symbol file data-000002038E736850 doesn't match image C:\Users\rui02\unity_project\IVRC\IVRC\Library\ScriptAssemblies\UniHumanoid.dll
Symbol file LoadedFromMemory is not a mono symbol file
Symbol file data-000002039FC181D0 doesn't match image C:\Users\rui02\unity_project\IVRC\IVRC\Library\ScriptAssemblies\Unity.Burst.dll
Symbol file LoadedFromMemory is not a mono symbol file
Symbol file data-000002039BB19010 doesn't match image C:\Users\rui02\unity_project\IVRC\IVRC\Library\ScriptAssemblies\UnityEngine.XR.LegacyInputHelpers.dll
Symbol file LoadedFromMemory is not a mono symbol file
Symbol file data-000002039D40D0B0 doesn't match image C:\Users\rui02\unity_project\IVRC\IVRC\Library\ScriptAssemblies\UniGLTF.Tests.dll
Symbol file LoadedFromMemory is not a mono symbol file
Symbol file data-000002039EA6CFF0 doesn't match image C:\Users\rui02\unity_project\IVRC\IVRC\Library\ScriptAssemblies\VRMShaders.GLTF.IO.Runtime.dll
Symbol file LoadedFromMemory is not a mono symbol file
Symbol file data-00000203A01C0010 doesn't match image C:\Users\rui02\unity_project\IVRC\IVRC\Library\ScriptAssemblies\Unity.Timeline.Editor.dll
Symbol file LoadedFromMemory is not a mono symbol file
Symbol file data-000002039B498A50 doesn't match image C:\Users\rui02\unity_project\IVRC\IVRC\Library\ScriptAssemblies\Unity.VisualScripting.Shared.Editor.dll
Symbol file LoadedFromMemory is not a mono symbol file
Symbol file data-000002039FF8B3E0 doesn't match image C:\Users\rui02\unity_project\IVRC\IVRC\Library\ScriptAssemblies\Unity.TerrainTools.dll
Symbol file LoadedFromMemory is not a mono symbol file
Symbol file data-000002038D02A020 doesn't match image C:\Users\rui02\unity_project\IVRC\IVRC\Library\ScriptAssemblies\Unity.PlasticSCM.Editor.dll
Symbol file LoadedFromMemory is not a mono symbol file
Symbol file data-000002036B455DD0 doesn't match image C:\Users\rui02\unity_project\IVRC\IVRC\Library\ScriptAssemblies\Unity.CollabProxy.Editor.dll
Symbol file LoadedFromMemory is not a mono symbol file
Symbol file data-000002036B455DD0 doesn't match image C:\Users\rui02\unity_project\IVRC\IVRC\Library\ScriptAssemblies\UnityEditor.SpatialTracking.dll
Symbol file LoadedFromMemory is not a mono symbol file
Symbol file data-00000203A0B07CD0 doesn't match image C:\Users\rui02\unity_project\IVRC\IVRC\Library\ScriptAssemblies\UniVRM.Editor.dll
Symbol file LoadedFromMemory is not a mono symbol file
Symbol file data-000002039ABEA030 doesn't match image C:\Users\rui02\unity_project\IVRC\IVRC\Library\ScriptAssemblies\Unity.ShaderGraph.Editor.dll
Symbol file LoadedFromMemory is not a mono symbol file
Symbol file data-00000203A008C9E0 doesn't match image C:\Users\rui02\unity_project\IVRC\IVRC\Library\ScriptAssemblies\Unity.VisualStudio.Editor.dll
Symbol file LoadedFromMemory is not a mono symbol file
Symbol file data-000002039FD881B0 doesn't match image C:\Users\rui02\unity_project\IVRC\IVRC\Library\ScriptAssemblies\UnityEditor.UI.dll
Symbol file LoadedFromMemory is not a mono symbol file
Symbol file data-0000020399403060 doesn't match image C:\Users\rui02\unity_project\IVRC\IVRC\Library\ScriptAssemblies\Unity.VisualScripting.Core.dll
Symbol file LoadedFromMemory is not a mono symbol file
Symbol file data-000002039FD881B0 doesn't match image C:\Users\rui02\unity_project\IVRC\IVRC\Library\ScriptAssemblies\SteamVR_Input_Editor.dll
Symbol file LoadedFromMemory is not a mono symbol file
Symbol file data-000002039CC2D020 doesn't match image C:\Users\rui02\unity_project\IVRC\IVRC\Library\ScriptAssemblies\Unity.VisualScripting.Core.Editor.dll
Symbol file LoadedFromMemory is not a mono symbol file
Symbol file data-00000203E6E37E50 doesn't match image C:\Users\rui02\unity_project\IVRC\IVRC\Library\ScriptAssemblies\UnityEngine.SpatialTracking.dll
Symbol file LoadedFromMemory is not a mono symbol file
Symbol file data-000002039F9488A0 doesn't match image C:\Users\rui02\unity_project\IVRC\IVRC\Library\ScriptAssemblies\UnityEngine.UI.dll
Symbol file LoadedFromMemory is not a mono symbol file
Symbol file data-00000203A0066E20 doesn't match image C:\Users\rui02\unity_project\IVRC\IVRC\Library\ScriptAssemblies\VRMShaders.GLTF.IO.Tests.dll
Symbol file LoadedFromMemory is not a mono symbol file
Symbol file data-0000020398C139F0 doesn't match image C:\Users\rui02\unity_project\IVRC\IVRC\Library\ScriptAssemblies\UnityEditor.XR.LegacyInputHelpers.dll
Symbol file LoadedFromMemory is not a mono symbol file
Symbol file data-00000203A0114B80 doesn't match image C:\Users\rui02\unity_project\IVRC\IVRC\Library\ScriptAssemblies\SteamVR_Editor.dll
Symbol file LoadedFromMemory is not a mono symbol file
Symbol file data-000002039BB9A020 doesn't match image C:\Users\rui02\unity_project\IVRC\IVRC\Library\ScriptAssemblies\Unity.VisualScripting.Flow.Editor.dll
Symbol file LoadedFromMemory is not a mono symbol file
Symbol file data-000002036B455DD0 doesn't match image C:\Users\rui02\unity_project\IVRC\IVRC\Library\ScriptAssemblies\Unity.RenderPipeline.Universal.ShaderLibrary.dll
Symbol file LoadedFromMemory is not a mono symbol file
Symbol file data-000002039ED933A0 doesn't match image C:\Users\rui02\unity_project\IVRC\IVRC\Library\ScriptAssemblies\Unity.Timeline.dll
Symbol file LoadedFromMemory is not a mono symbol file
Symbol file data-00000203A2497030 doesn't match image C:\Users\rui02\unity_project\IVRC\IVRC\Library\ScriptAssemblies\Unity.XR.OpenVR.Editor.dll
Symbol file LoadedFromMemory is not a mono symbol file
Symbol file data-00000203A2182020 doesn't match image C:\Users\rui02\unity_project\IVRC\IVRC\Library\ScriptAssemblies\VRMShaders.VRM10.MToon10.Runtime.dll
Symbol file LoadedFromMemory is not a mono symbol file
Symbol file data-00000203A2497030 doesn't match image C:\Users\rui02\unity_project\IVRC\IVRC\Library\ScriptAssemblies\Unity.VisualScripting.SettingsProvider.Editor.dll
Symbol file LoadedFromMemory is not a mono symbol file
Symbol file data-000002039FD93880 doesn't match image C:\Users\rui02\unity_project\IVRC\IVRC\Library\ScriptAssemblies\Unity.TestTools.CodeCoverage.Editor.OpenCover.Model.dll
Symbol file LoadedFromMemory is not a mono symbol file
Symbol file data-00000203A1A65270 doesn't match image C:\Users\rui02\unity_project\IVRC\IVRC\Library\ScriptAssemblies\VRMShaders.GLTF.IO.Editor.dll
Symbol file LoadedFromMemory is not a mono symbol file
Symbol file data-000002039F821540 doesn't match image C:\Users\rui02\unity_project\IVRC\IVRC\Library\ScriptAssemblies\UnityEngine.TestRunner.dll
Symbol file LoadedFromMemory is not a mono symbol file
Symbol file data-00000203A008C9E0 doesn't match image C:\Users\rui02\unity_project\IVRC\IVRC\Library\ScriptAssemblies\Unity.VisualScripting.State.Editor.dll
Symbol file LoadedFromMemory is not a mono symbol file
Symbol file data-0000020399457050 doesn't match image C:\Users\rui02\unity_project\IVRC\IVRC\Library\ScriptAssemblies\Unity.Mathematics.dll
Symbol file LoadedFromMemory is not a mono symbol file
Symbol file data-000002039FF8B3E0 doesn't match image C:\Users\rui02\unity_project\IVRC\IVRC\Library\ScriptAssemblies\Unity.RenderPipelines.Universal.Shaders.dll
Symbol file LoadedFromMemory is not a mono symbol file
Symbol file data-0000020398BEF010 doesn't match image C:\Users\rui02\unity_project\IVRC\IVRC\Library\ScriptAssemblies\Unity.TextMeshPro.Editor.dll
Symbol file LoadedFromMemory is not a mono symbol file
Symbol file data-00000203A002C030 doesn't match image C:\Users\rui02\unity_project\IVRC\IVRC\Library\ScriptAssemblies\Unity.Searcher.Editor.dll
Symbol file LoadedFromMemory is not a mono symbol file
Symbol file data-000002039FD93880 doesn't match image C:\Users\rui02\unity_project\IVRC\IVRC\Library\ScriptAssemblies\Unity.VisualScripting.State.dll
Symbol file LoadedFromMemory is not a mono symbol file
Symbol file data-00000203A0066E20 doesn't match image C:\Users\rui02\unity_project\IVRC\IVRC\Library\ScriptAssemblies\Unity.ShaderGraph.Utilities.dll
Symbol file LoadedFromMemory is not a mono symbol file
Symbol file data-00000203A0E51860 doesn't match image C:\Users\rui02\unity_project\IVRC\IVRC\Library\ScriptAssemblies\Unity.RenderPipelines.HighDefinition.Runtime.dll
Symbol file LoadedFromMemory is not a mono symbol file
Symbol file data-000002039FD93880 doesn't match image C:\Users\rui02\unity_project\IVRC\IVRC\Library\ScriptAssemblies\VRM.Tests.dll
Symbol file LoadedFromMemory is not a mono symbol file
- Loaded All Assemblies, in  0.549 seconds
Refreshing native plugins compatible for Editor in 5.60 ms, found 6 plugins.
Native extension for WindowsStandalone target not found
Native extension for WebGL target not found
[Package Manager] Server::EnsureServerProcessIsRunning -- launch failed, reason: Unity was launched with the -noUpm command-line argument
[Package Manager] UpmClient::Send -- Unable to send message (not connected to UPM process).
[Package Manager] Cannot connect to Unity Package Manager local server
[Package Manager] Server::EnsureServerProcessIsRunning -- launch failed, reason: Unity was launched with the -noUpm command-line argument
[Package Manager] UpmClient::Send -- Unable to send message (not connected to UPM process).
[Package Manager] Cannot connect to Unity Package Manager local server
Mono: successfully reloaded assembly
[Package Manager] Server::EnsureServerProcessIsRunning -- launch failed, reason: Unity was launched with the -noUpm command-line argument
[Package Manager] UpmClient::Send -- Unable to send message (not connected to UPM process).
[Package Manager] Cannot connect to Unity Package Manager local server
- Finished resetting the current domain, in  1.173 seconds
Domain Reload Profiling: 1719ms
	BeginReloadAssembly (147ms)
		ExecutionOrderSort (0ms)
		DisableScriptedObjects (3ms)
		BackupInstance (0ms)
		ReleaseScriptingObjects (0ms)
		CreateAndSetChildDomain (40ms)
	RebuildCommonClasses (29ms)
	RebuildNativeTypeToScriptingClass (10ms)
	initialDomainReloadingComplete (26ms)
	LoadAllAssembliesAndSetupDomain (332ms)
		LoadAssemblies (319ms)
		RebuildTransferFunctionScriptingTraits (0ms)
		AnalyzeDomain (85ms)
			TypeCache.Refresh (13ms)
				TypeCache.ScanAssembly (1ms)
			ScanForSourceGeneratedMonoScriptInfo (50ms)
			ResolveRequiredComponents (20ms)
	FinalizeReload (1174ms)
		ReleaseScriptCaches (0ms)
		RebuildScriptCaches (0ms)
		SetupLoadedEditorAssemblies (497ms)
			LogAssemblyErrors (0ms)
			InitializePlatformSupportModulesInManaged (6ms)
			SetLoadedEditorAssemblies (3ms)
			RefreshPlugins (0ms)
			BeforeProcessingInitializeOnLoad (83ms)
			ProcessInitializeOnLoadAttributes (380ms)
			ProcessInitializeOnLoadMethodAttributes (22ms)
			AfterProcessingInitializeOnLoad (4ms)
			EditorAssembliesLoaded (0ms)
		ExecutionOrderSort2 (0ms)
		AwakeInstancesAfterBackupRestoration (5ms)
Refreshing native plugins compatible for Editor in 4.95 ms, found 6 plugins.
Preloading 0 native plugins for Editor in 0.00 ms.
Unloading 7867 Unused Serialized files (Serialized files now loaded: 0)
Unloading 200 unused Assets / (14.8 MB). Loaded Objects now: 8526.
Memory consumption went from 299.4 MB to 284.5 MB.
Total: 5.808100 ms (FindLiveObjects: 0.441200 ms CreateObjectMapping: 0.320600 ms MarkObjects: 2.584100 ms  DeleteObjects: 2.461100 ms)

Prepare: number of updated asset objects reloaded= 0
AssetImportParameters requested are different than current active one (requested -> active):
  custom:container-demuxer-ogg: 62fdf1f143b41e24485cea50d1cbac27 -> 
  custom:framework-win-MediaFoundation: 216162199b28c13a410421893ffa2e32 -> 
  custom:container-muxer-webm: aa71ff27fc2769a1b78a27578f13a17b -> 
  custom:video-decoder-webm-vp8: 9c59270c3fd7afecdb556c50c9e8de78 -> 
  custom:SearchIndexIgnoredProperties: e643bd26f0fe6173181afceb89e7c659 -> 
  custom:AudioImporter_EditorPlatform: d09bf68614088b80899f8185d706f6e7 -> 
  custom:audio-decoder-ogg-vorbis: bf7c407c2cedff20999df2af8eb42d56 -> 
  custom:audio-encoder-webm-vorbis: bf7c407c2cedff20999df2af8eb42d56 -> 
  custom:video-codec-MediaFoundation-h265: 746d11721c4dcdbdad8f713fa42b33f4 -> 
  custom:video-decoder-ogg-theora: a1e56fd34408186e4bbccfd4996cb3dc -> 
  custom:CustomObjectIndexerAttribute: a3ef5dd2817f97addfee359851a9dba5 -> 
  custom:container-demuxer-webm: 4f35f7cbe854078d1ac9338744f61a02 -> 
  custom:video-encoder-webm-vp8: eb34c28f22e8b96e1ab97ce403110664 -> 
========================================================================
Received Prepare
Begin MonoManager ReloadAssembly
Symbol file data-00000203A00FEC50 doesn't match image C:\Users\rui02\unity_project\IVRC\IVRC\Library\ScriptAssemblies\UniHumanoid.Editor.dll
Symbol file LoadedFromMemory is not a mono symbol file
Symbol file data-0000020398C139F0 doesn't match image C:\Users\rui02\unity_project\IVRC\IVRC\Library\ScriptAssemblies\Unity.XR.Management.dll
Symbol file LoadedFromMemory is not a mono symbol file
Symbol file data-000002039F917010 doesn't match image C:\Users\rui02\unity_project\IVRC\IVRC\Library\ScriptAssemblies\UniHumanoid.Editor.Tests.dll
Symbol file LoadedFromMemory is not a mono symbol file
Symbol file data-000002039F8F8380 doesn't match image C:\Users\rui02\unity_project\IVRC\IVRC\Library\ScriptAssemblies\Unity.VisualEffectGraph.Runtime.dll
Symbol file LoadedFromMemory is not a mono symbol file
Symbol file data-000002039F9F0080 doesn't match image C:\Users\rui02\unity_project\IVRC\IVRC\Library\ScriptAssemblies\Unity.RenderPipelines.Core.Runtime.dll
Symbol file LoadedFromMemory is not a mono symbol file
Symbol file data-000002036B7B1830 doesn't match image C:\Users\rui02\unity_project\IVRC\IVRC\Library\ScriptAssemblies\Unity.Burst.Editor.dll
Symbol file LoadedFromMemory is not a mono symbol file
Symbol file data-000002039AF36020 doesn't match image C:\Users\rui02\unity_project\IVRC\IVRC\Library\ScriptAssemblies\SteamVR.dll
Symbol file LoadedFromMemory is not a mono symbol file
Symbol file data-000002039F917010 doesn't match image C:\Users\rui02\unity_project\IVRC\IVRC\Library\ScriptAssemblies\VRMShaders.GLTF.UniUnlit.Runtime.dll
Symbol file LoadedFromMemory is not a mono symbol file
Symbol file data-000002039F917010 doesn't match image C:\Users\rui02\unity_project\IVRC\IVRC\Library\ScriptAssemblies\SteamVR_Windows_EditorHelper.dll
Symbol file LoadedFromMemory is not a mono symbol file
Symbol file data-000002039D2F4EA0 doesn't match image C:\Users\rui02\unity_project\IVRC\IVRC\Library\ScriptAssemblies\UniGLTF.dll
Symbol file LoadedFromMemory is not a mono symbol file
Symbol file data-000002036B406030 doesn't match image C:\Users\rui02\unity_project\IVRC\IVRC\Library\ScriptAssemblies\Unity.Rider.Editor.dll
Symbol file LoadedFromMemory is not a mono symbol file
Symbol file data-000002039F917010 doesn't match image C:\Users\rui02\unity_project\IVRC\IVRC\Library\ScriptAssemblies\VRMShaders.VRM10.MToon10.Tests.dll
Symbol file LoadedFromMemory is not a mono symbol file
Symbol file data-000002039D417310 doesn't match image C:\Users\rui02\unity_project\IVRC\IVRC\Library\ScriptAssemblies\Unity.RenderPipelines.Core.Editor.dll
Symbol file LoadedFromMemory is not a mono symbol file
Symbol file data-000002039A596010 doesn't match image C:\Users\rui02\unity_project\IVRC\IVRC\Library\ScriptAssemblies\Unity.VisualEffectGraph.Editor.dll
Symbol file LoadedFromMemory is not a mono symbol file
Symbol file data-000002039F8B2CB0 doesn't match image C:\Users\rui02\unity_project\IVRC\IVRC\Library\ScriptAssemblies\UnityEditor.TestRunner.dll
Symbol file LoadedFromMemory is not a mono symbol file
Symbol file data-000002038DA3E010 doesn't match image C:\Users\rui02\unity_project\IVRC\IVRC\Library\ScriptAssemblies\Unity.VisualScripting.Flow.dll
Symbol file LoadedFromMemory is not a mono symbol file
Symbol file data-0000020398C139F0 doesn't match image C:\Users\rui02\unity_project\IVRC\IVRC\Library\ScriptAssemblies\Unity.Mathematics.Editor.dll
Symbol file LoadedFromMemory is not a mono symbol file
Symbol file data-0000020398C139F0 doesn't match image C:\Users\rui02\unity_project\IVRC\IVRC\Library\ScriptAssemblies\Unity.TestTools.CodeCoverage.Editor.OpenCover.Mono.Reflection.dll
Symbol file LoadedFromMemory is not a mono symbol file
Symbol file data-00000203E6E37E50 doesn't match image C:\Users\rui02\unity_project\IVRC\IVRC\Library\ScriptAssemblies\VRMShaders.VRM10.MToon10.Editor.dll
Symbol file LoadedFromMemory is not a mono symbol file
Symbol file data-000002036B455DD0 doesn't match image C:\Users\rui02\unity_project\IVRC\IVRC\Library\ScriptAssemblies\UniGLTF.Utils.dll
Symbol file LoadedFromMemory is not a mono symbol file
Symbol file data-000002039F917010 doesn't match image C:\Users\rui02\unity_project\IVRC\IVRC\Library\ScriptAssemblies\Unity.RenderPipelines.HighDefinition.Config.Runtime.dll
Symbol file LoadedFromMemory is not a mono symbol file
Symbol file data-00000203E6E37E50 doesn't match image C:\Users\rui02\unity_project\IVRC\IVRC\Library\ScriptAssemblies\MToon.Editor.dll
Symbol file LoadedFromMemory is not a mono symbol file
Symbol file data-00000203A1F664A0 doesn't match image C:\Users\rui02\unity_project\IVRC\IVRC\Library\ScriptAssemblies\Unity.Performance.Profile-Analyzer.Editor.dll
Symbol file LoadedFromMemory is not a mono symbol file
Symbol file data-000002036B455DD0 doesn't match image C:\Users\rui02\unity_project\IVRC\IVRC\Library\ScriptAssemblies\Unity.RenderPipelines.Core.ShaderLibrary.dll
Symbol file LoadedFromMemory is not a mono symbol file
Symbol file data-00000203A006BD20 doesn't match image C:\Users\rui02\unity_project\IVRC\IVRC\Library\ScriptAssemblies\Unity.XR.Management.Editor.dll
Symbol file LoadedFromMemory is not a mono symbol file
Symbol file data-000002036B455DD0 doesn't match image C:\Users\rui02\unity_project\IVRC\IVRC\Library\ScriptAssemblies\VRMShaders.VRM.IO.Runtime.dll
Symbol file LoadedFromMemory is not a mono symbol file
Symbol file data-000002038D6E59F0 doesn't match image C:\Users\rui02\unity_project\IVRC\IVRC\Library\ScriptAssemblies\Unity.TestTools.CodeCoverage.Editor.dll
Symbol file LoadedFromMemory is not a mono symbol file
Symbol file data-000002039B841020 doesn't match image C:\Users\rui02\unity_project\IVRC\IVRC\Library\ScriptAssemblies\VRM.dll
Symbol file LoadedFromMemory is not a mono symbol file
Symbol file data-000002036B455DD0 doesn't match image C:\Users\rui02\unity_project\IVRC\IVRC\Library\ScriptAssemblies\VRMShaders.GLTF.UniUnlit.Editor.dll
Symbol file LoadedFromMemory is not a mono symbol file
Symbol file data-000002036B455DD0 doesn't match image C:\Users\rui02\unity_project\IVRC\IVRC\Library\ScriptAssemblies\PPv2URPConverters.dll
Symbol file LoadedFromMemory is not a mono symbol file
Symbol file data-000002039CC8D050 doesn't match image C:\Users\rui02\unity_project\IVRC\IVRC\Library\ScriptAssemblies\Unity.XR.OpenVR.dll
Symbol file LoadedFromMemory is not a mono symbol file
Symbol file data-000002039EA6CFF0 doesn't match image C:\Users\rui02\unity_project\IVRC\IVRC\Library\ScriptAssemblies\Unity.Settings.Editor.dll
Symbol file LoadedFromMemory is not a mono symbol file
Symbol file data-000002039D1670A0 doesn't match image C:\Users\rui02\unity_project\IVRC\IVRC\Library\ScriptAssemblies\Unity.TextMeshPro.dll
Symbol file LoadedFromMemory is not a mono symbol file
Symbol file data-00000203A1655020 doesn't match image C:\Users\rui02\unity_project\IVRC\IVRC\Library\ScriptAssemblies\VRMShaders.VRM10.Format.Runtime.dll
Symbol file LoadedFromMemory is not a mono symbol file
Symbol file data-000002036AF63BC0 doesn't match image C:\Users\rui02\unity_project\IVRC\IVRC\Library\ScriptAssemblies\Unity.Burst.CodeGen.dll
Symbol file LoadedFromMemory is not a mono symbol file
Symbol file data-00000203A0114B80 doesn't match image C:\Users\rui02\unity_project\IVRC\IVRC\Library\ScriptAssemblies\Unity.VSCode.Editor.dll
Symbol file LoadedFromMemory is not a mono symbol file
Symbol file data-00000203A0F12690 doesn't match image C:\Users\rui02\unity_project\IVRC\IVRC\Library\ScriptAssemblies\UniGLTF.Editor.dll
Symbol file LoadedFromMemory is not a mono symbol file
Symbol file data-00000203A1DA7F00 doesn't match image C:\Users\rui02\unity_project\IVRC\IVRC\Library\ScriptAssemblies\Unity.RenderPipelines.Universal.Editor.dll
Symbol file LoadedFromMemory is not a mono symbol file
Symbol file data-000002038EFAF550 doesn't match image C:\Users\rui02\unity_project\IVRC\IVRC\Library\ScriptAssemblies\Unity.RenderPipelines.HighDefinition.Editor.dll
Symbol file LoadedFromMemory is not a mono symbol file
Symbol file data-00000203E6E37E50 doesn't match image C:\Users\rui02\unity_project\IVRC\IVRC\Library\ScriptAssemblies\VRM.Samples.Editor.Tests.dll
Symbol file LoadedFromMemory is not a mono symbol file
Symbol file data-00000203A1655020 doesn't match image C:\Users\rui02\unity_project\IVRC\IVRC\Library\ScriptAssemblies\Unity.RenderPipelines.ShaderGraph.ShaderGraphLibrary.dll
Symbol file LoadedFromMemory is not a mono symbol file
Symbol file data-00000203E6E37E50 doesn't match image C:\Users\rui02\unity_project\IVRC\IVRC\Library\ScriptAssemblies\Unity.EditorCoroutines.Editor.dll
Symbol file LoadedFromMemory is not a mono symbol file
Symbol file data-00000203A0114B80 doesn't match image C:\Users\rui02\unity_project\IVRC\IVRC\Library\ScriptAssemblies\FastSpringBone.dll
Symbol file LoadedFromMemory is not a mono symbol file
Symbol file data-000002039D1670A0 doesn't match image C:\Users\rui02\unity_project\IVRC\IVRC\Library\ScriptAssemblies\Unity.TerrainTools.Editor.dll
Symbol file LoadedFromMemory is not a mono symbol file
Symbol file data-00000203A1AEF720 doesn't match image C:\Users\rui02\unity_project\IVRC\IVRC\Library\ScriptAssemblies\Unity.RenderPipelines.Universal.Runtime.dll
Symbol file LoadedFromMemory is not a mono symbol file
Symbol file data-00000203E7998040 doesn't match image C:\Users\rui02\unity_project\IVRC\IVRC\Library\ScriptAssemblies\MToon.dll
Symbol file LoadedFromMemory is not a mono symbol file
Symbol file data-000002039F9A9CB0 doesn't match image C:\Users\rui02\unity_project\IVRC\IVRC\Library\ScriptAssemblies\UniHumanoid.dll
Symbol file LoadedFromMemory is not a mono symbol file
Symbol file data-000002039D1670A0 doesn't match image C:\Users\rui02\unity_project\IVRC\IVRC\Library\ScriptAssemblies\Unity.Burst.dll
Symbol file LoadedFromMemory is not a mono symbol file
Symbol file data-00000203A0114B80 doesn't match image C:\Users\rui02\unity_project\IVRC\IVRC\Library\ScriptAssemblies\UnityEngine.XR.LegacyInputHelpers.dll
Symbol file LoadedFromMemory is not a mono symbol file
Symbol file data-000002039F9A9CB0 doesn't match image C:\Users\rui02\unity_project\IVRC\IVRC\Library\ScriptAssemblies\UniGLTF.Tests.dll
Symbol file LoadedFromMemory is not a mono symbol file
Symbol file data-000002039EA6CFF0 doesn't match image C:\Users\rui02\unity_project\IVRC\IVRC\Library\ScriptAssemblies\VRMShaders.GLTF.IO.Runtime.dll
Symbol file LoadedFromMemory is not a mono symbol file
Symbol file data-00000203A01C0010 doesn't match image C:\Users\rui02\unity_project\IVRC\IVRC\Library\ScriptAssemblies\Unity.Timeline.Editor.dll
Symbol file LoadedFromMemory is not a mono symbol file
Symbol file data-00000203E7998040 doesn't match image C:\Users\rui02\unity_project\IVRC\IVRC\Library\ScriptAssemblies\Unity.VisualScripting.Shared.Editor.dll
Symbol file LoadedFromMemory is not a mono symbol file
Symbol file data-00000203E6E37E50 doesn't match image C:\Users\rui02\unity_project\IVRC\IVRC\Library\ScriptAssemblies\Unity.TerrainTools.dll
Symbol file LoadedFromMemory is not a mono symbol file
Symbol file data-000002039FD0A6B0 doesn't match image C:\Users\rui02\unity_project\IVRC\IVRC\Library\ScriptAssemblies\Unity.PlasticSCM.Editor.dll
Symbol file LoadedFromMemory is not a mono symbol file
Symbol file data-00000203E6E37E50 doesn't match image C:\Users\rui02\unity_project\IVRC\IVRC\Library\ScriptAssemblies\Unity.CollabProxy.Editor.dll
Symbol file LoadedFromMemory is not a mono symbol file
Symbol file data-00000203E6E37E50 doesn't match image C:\Users\rui02\unity_project\IVRC\IVRC\Library\ScriptAssemblies\UnityEditor.SpatialTracking.dll
Symbol file LoadedFromMemory is not a mono symbol file
Symbol file data-00000203A0B07CD0 doesn't match image C:\Users\rui02\unity_project\IVRC\IVRC\Library\ScriptAssemblies\UniVRM.Editor.dll
Symbol file LoadedFromMemory is not a mono symbol file
Symbol file data-000002039AC80A80 doesn't match image C:\Users\rui02\unity_project\IVRC\IVRC\Library\ScriptAssemblies\Unity.ShaderGraph.Editor.dll
Symbol file LoadedFromMemory is not a mono symbol file
Symbol file data-000002036B205840 doesn't match image C:\Users\rui02\unity_project\IVRC\IVRC\Library\ScriptAssemblies\Unity.VisualStudio.Editor.dll
Symbol file LoadedFromMemory is not a mono symbol file
Symbol file data-000002036B205840 doesn't match image C:\Users\rui02\unity_project\IVRC\IVRC\Library\ScriptAssemblies\UnityEditor.UI.dll
Symbol file LoadedFromMemory is not a mono symbol file
Symbol file data-00000203A243D050 doesn't match image C:\Users\rui02\unity_project\IVRC\IVRC\Library\ScriptAssemblies\Unity.VisualScripting.Core.dll
Symbol file LoadedFromMemory is not a mono symbol file
Symbol file data-000002036B205840 doesn't match image C:\Users\rui02\unity_project\IVRC\IVRC\Library\ScriptAssemblies\SteamVR_Input_Editor.dll
Symbol file LoadedFromMemory is not a mono symbol file
Symbol file data-00000203A0099A80 doesn't match image C:\Users\rui02\unity_project\IVRC\IVRC\Library\ScriptAssemblies\Unity.VisualScripting.Core.Editor.dll
Symbol file LoadedFromMemory is not a mono symbol file
Symbol file data-00000203E6E37E50 doesn't match image C:\Users\rui02\unity_project\IVRC\IVRC\Library\ScriptAssemblies\UnityEngine.SpatialTracking.dll
Symbol file LoadedFromMemory is not a mono symbol file
Symbol file data-000002039F4388B0 doesn't match image C:\Users\rui02\unity_project\IVRC\IVRC\Library\ScriptAssemblies\UnityEngine.UI.dll
Symbol file LoadedFromMemory is not a mono symbol file
Symbol file data-00000203E6E37E50 doesn't match image C:\Users\rui02\unity_project\IVRC\IVRC\Library\ScriptAssemblies\VRMShaders.GLTF.IO.Tests.dll
Symbol file LoadedFromMemory is not a mono symbol file
Symbol file data-0000020398C139F0 doesn't match image C:\Users\rui02\unity_project\IVRC\IVRC\Library\ScriptAssemblies\UnityEditor.XR.LegacyInputHelpers.dll
Symbol file LoadedFromMemory is not a mono symbol file
Symbol file data-00000203A0114B80 doesn't match image C:\Users\rui02\unity_project\IVRC\IVRC\Library\ScriptAssemblies\SteamVR_Editor.dll
Symbol file LoadedFromMemory is not a mono symbol file
Symbol file data-000002038E513060 doesn't match image C:\Users\rui02\unity_project\IVRC\IVRC\Library\ScriptAssemblies\Unity.VisualScripting.Flow.Editor.dll
Symbol file LoadedFromMemory is not a mono symbol file
Symbol file data-0000020398C139F0 doesn't match image C:\Users\rui02\unity_project\IVRC\IVRC\Library\ScriptAssemblies\Unity.RenderPipeline.Universal.ShaderLibrary.dll
Symbol file LoadedFromMemory is not a mono symbol file
Symbol file data-0000020398CB6010 doesn't match image C:\Users\rui02\unity_project\IVRC\IVRC\Library\ScriptAssemblies\Unity.Timeline.dll
Symbol file LoadedFromMemory is not a mono symbol file
Symbol file data-0000020398C139F0 doesn't match image C:\Users\rui02\unity_project\IVRC\IVRC\Library\ScriptAssemblies\Unity.XR.OpenVR.Editor.dll
Symbol file LoadedFromMemory is not a mono symbol file
Symbol file data-00000203A2182020 doesn't match image C:\Users\rui02\unity_project\IVRC\IVRC\Library\ScriptAssemblies\VRMShaders.VRM10.MToon10.Runtime.dll
Symbol file LoadedFromMemory is not a mono symbol file
Symbol file data-000002039FF2D090 doesn't match image C:\Users\rui02\unity_project\IVRC\IVRC\Library\ScriptAssemblies\Unity.VisualScripting.SettingsProvider.Editor.dll
Symbol file LoadedFromMemory is not a mono symbol file
Symbol file data-00000203A1F40020 doesn't match image C:\Users\rui02\unity_project\IVRC\IVRC\Library\ScriptAssemblies\Unity.TestTools.CodeCoverage.Editor.OpenCover.Model.dll
Symbol file LoadedFromMemory is not a mono symbol file
Symbol file data-000002039FF2D090 doesn't match image C:\Users\rui02\unity_project\IVRC\IVRC\Library\ScriptAssemblies\VRMShaders.GLTF.IO.Editor.dll
Symbol file LoadedFromMemory is not a mono symbol file
Symbol file data-000002039F821540 doesn't match image C:\Users\rui02\unity_project\IVRC\IVRC\Library\ScriptAssemblies\UnityEngine.TestRunner.dll
Symbol file LoadedFromMemory is not a mono symbol file
Symbol file data-000002036B205840 doesn't match image C:\Users\rui02\unity_project\IVRC\IVRC\Library\ScriptAssemblies\Unity.VisualScripting.State.Editor.dll
Symbol file LoadedFromMemory is not a mono symbol file
Symbol file data-000002039AA90010 doesn't match image C:\Users\rui02\unity_project\IVRC\IVRC\Library\ScriptAssemblies\Unity.Mathematics.dll
Symbol file LoadedFromMemory is not a mono symbol file
Symbol file data-000002039FF2D090 doesn't match image C:\Users\rui02\unity_project\IVRC\IVRC\Library\ScriptAssemblies\Unity.RenderPipelines.Universal.Shaders.dll
Symbol file LoadedFromMemory is not a mono symbol file
Symbol file data-0000020398CB6010 doesn't match image C:\Users\rui02\unity_project\IVRC\IVRC\Library\ScriptAssemblies\Unity.TextMeshPro.Editor.dll
Symbol file LoadedFromMemory is not a mono symbol file
Symbol file data-000002039F3E1020 doesn't match image C:\Users\rui02\unity_project\IVRC\IVRC\Library\ScriptAssemblies\Unity.Searcher.Editor.dll
Symbol file LoadedFromMemory is not a mono symbol file
Symbol file data-00000203A1F40020 doesn't match image C:\Users\rui02\unity_project\IVRC\IVRC\Library\ScriptAssemblies\Unity.VisualScripting.State.dll
Symbol file LoadedFromMemory is not a mono symbol file
Symbol file data-000002039FF2D090 doesn't match image C:\Users\rui02\unity_project\IVRC\IVRC\Library\ScriptAssemblies\Unity.ShaderGraph.Utilities.dll
Symbol file LoadedFromMemory is not a mono symbol file
Symbol file data-00000203A0E51860 doesn't match image C:\Users\rui02\unity_project\IVRC\IVRC\Library\ScriptAssemblies\Unity.RenderPipelines.HighDefinition.Runtime.dll
Symbol file LoadedFromMemory is not a mono symbol file
Symbol file data-00000203A1F40020 doesn't match image C:\Users\rui02\unity_project\IVRC\IVRC\Library\ScriptAssemblies\VRM.Tests.dll
Symbol file LoadedFromMemory is not a mono symbol file
- Loaded All Assemblies, in  0.471 seconds
Refreshing native plugins compatible for Editor in 5.39 ms, found 6 plugins.
Native extension for WindowsStandalone target not found
Native extension for WebGL target not found
[Package Manager] Server::EnsureServerProcessIsRunning -- launch failed, reason: Unity was launched with the -noUpm command-line argument
[Package Manager] UpmClient::Send -- Unable to send message (not connected to UPM process).
[Package Manager] Cannot connect to Unity Package Manager local server
[Package Manager] Server::EnsureServerProcessIsRunning -- launch failed, reason: Unity was launched with the -noUpm command-line argument
[Package Manager] UpmClient::Send -- Unable to send message (not connected to UPM process).
[Package Manager] Cannot connect to Unity Package Manager local server
Mono: successfully reloaded assembly
[Package Manager] Server::EnsureServerProcessIsRunning -- launch failed, reason: Unity was launched with the -noUpm command-line argument
[Package Manager] UpmClient::Send -- Unable to send message (not connected to UPM process).
[Package Manager] Cannot connect to Unity Package Manager local server
- Finished resetting the current domain, in  1.203 seconds
Domain Reload Profiling: 1672ms
	BeginReloadAssembly (139ms)
		ExecutionOrderSort (0ms)
		DisableScriptedObjects (3ms)
		BackupInstance (0ms)
		ReleaseScriptingObjects (0ms)
		CreateAndSetChildDomain (37ms)
	RebuildCommonClasses (34ms)
	RebuildNativeTypeToScriptingClass (11ms)
	initialDomainReloadingComplete (24ms)
	LoadAllAssembliesAndSetupDomain (261ms)
		LoadAssemblies (306ms)
		RebuildTransferFunctionScriptingTraits (0ms)
		AnalyzeDomain (26ms)
			TypeCache.Refresh (8ms)
				TypeCache.ScanAssembly (0ms)
			ScanForSourceGeneratedMonoScriptInfo (0ms)
			ResolveRequiredComponents (15ms)
	FinalizeReload (1203ms)
		ReleaseScriptCaches (0ms)
		RebuildScriptCaches (0ms)
		SetupLoadedEditorAssemblies (500ms)
			LogAssemblyErrors (0ms)
			InitializePlatformSupportModulesInManaged (5ms)
			SetLoadedEditorAssemblies (4ms)
			RefreshPlugins (0ms)
			BeforeProcessingInitializeOnLoad (78ms)
			ProcessInitializeOnLoadAttributes (386ms)
			ProcessInitializeOnLoadMethodAttributes (23ms)
			AfterProcessingInitializeOnLoad (4ms)
			EditorAssembliesLoaded (0ms)
		ExecutionOrderSort2 (0ms)
		AwakeInstancesAfterBackupRestoration (5ms)
Refreshing native plugins compatible for Editor in 5.05 ms, found 6 plugins.
Preloading 0 native plugins for Editor in 0.00 ms.
Unloading 7867 Unused Serialized files (Serialized files now loaded: 0)
Unloading 200 unused Assets / (14.8 MB). Loaded Objects now: 8542.
Memory consumption went from 299.4 MB to 284.6 MB.
Total: 5.748600 ms (FindLiveObjects: 0.487100 ms CreateObjectMapping: 0.328700 ms MarkObjects: 2.494500 ms  DeleteObjects: 2.437200 ms)

Prepare: number of updated asset objects reloaded= 0
AssetImportParameters requested are different than current active one (requested -> active):
  custom:container-demuxer-ogg: 62fdf1f143b41e24485cea50d1cbac27 -> 
  custom:framework-win-MediaFoundation: 216162199b28c13a410421893ffa2e32 -> 
  custom:container-muxer-webm: aa71ff27fc2769a1b78a27578f13a17b -> 
  custom:video-decoder-webm-vp8: 9c59270c3fd7afecdb556c50c9e8de78 -> 
  custom:SearchIndexIgnoredProperties: e643bd26f0fe6173181afceb89e7c659 -> 
  custom:AudioImporter_EditorPlatform: d09bf68614088b80899f8185d706f6e7 -> 
  custom:audio-decoder-ogg-vorbis: bf7c407c2cedff20999df2af8eb42d56 -> 
  custom:audio-encoder-webm-vorbis: bf7c407c2cedff20999df2af8eb42d56 -> 
  custom:video-codec-MediaFoundation-h265: 746d11721c4dcdbdad8f713fa42b33f4 -> 
  custom:video-decoder-ogg-theora: a1e56fd34408186e4bbccfd4996cb3dc -> 
  custom:CustomObjectIndexerAttribute: a3ef5dd2817f97addfee359851a9dba5 -> 
  custom:container-demuxer-webm: 4f35f7cbe854078d1ac9338744f61a02 -> 
  custom:video-encoder-webm-vp8: eb34c28f22e8b96e1ab97ce403110664 -> 
========================================================================
Received Prepare
Begin MonoManager ReloadAssembly
Symbol file data-00000203A00FEC50 doesn't match image C:\Users\rui02\unity_project\IVRC\IVRC\Library\ScriptAssemblies\UniHumanoid.Editor.dll
Symbol file LoadedFromMemory is not a mono symbol file
Symbol file data-000002039FF2D090 doesn't match image C:\Users\rui02\unity_project\IVRC\IVRC\Library\ScriptAssemblies\Unity.XR.Management.dll
Symbol file LoadedFromMemory is not a mono symbol file
Symbol file data-000002039B390010 doesn't match image C:\Users\rui02\unity_project\IVRC\IVRC\Library\ScriptAssemblies\UniHumanoid.Editor.Tests.dll
Symbol file LoadedFromMemory is not a mono symbol file
Symbol file data-000002039FC0A530 doesn't match image C:\Users\rui02\unity_project\IVRC\IVRC\Library\ScriptAssemblies\Unity.VisualEffectGraph.Runtime.dll
Symbol file LoadedFromMemory is not a mono symbol file
Symbol file data-00000203C41E2A60 doesn't match image C:\Users\rui02\unity_project\IVRC\IVRC\Library\ScriptAssemblies\Unity.RenderPipelines.Core.Runtime.dll
Symbol file LoadedFromMemory is not a mono symbol file
Symbol file data-000002036B7B1830 doesn't match image C:\Users\rui02\unity_project\IVRC\IVRC\Library\ScriptAssemblies\Unity.Burst.Editor.dll
Symbol file LoadedFromMemory is not a mono symbol file
Symbol file data-00000203A1DA7F00 doesn't match image C:\Users\rui02\unity_project\IVRC\IVRC\Library\ScriptAssemblies\SteamVR.dll
Symbol file LoadedFromMemory is not a mono symbol file
Symbol file data-000002039B390010 doesn't match image C:\Users\rui02\unity_project\IVRC\IVRC\Library\ScriptAssemblies\VRMShaders.GLTF.UniUnlit.Runtime.dll
Symbol file LoadedFromMemory is not a mono symbol file
Symbol file data-000002039B390010 doesn't match image C:\Users\rui02\unity_project\IVRC\IVRC\Library\ScriptAssemblies\SteamVR_Windows_EditorHelper.dll
Symbol file LoadedFromMemory is not a mono symbol file
Symbol file data-000002038D16E010 doesn't match image C:\Users\rui02\unity_project\IVRC\IVRC\Library\ScriptAssemblies\UniGLTF.dll
Symbol file LoadedFromMemory is not a mono symbol file
Symbol file data-000002036B406030 doesn't match image C:\Users\rui02\unity_project\IVRC\IVRC\Library\ScriptAssemblies\Unity.Rider.Editor.dll
Symbol file LoadedFromMemory is not a mono symbol file
Symbol file data-00000203A24A0CB0 doesn't match image C:\Users\rui02\unity_project\IVRC\IVRC\Library\ScriptAssemblies\VRMShaders.VRM10.MToon10.Tests.dll
Symbol file LoadedFromMemory is not a mono symbol file
Symbol file data-00000203C4049010 doesn't match image C:\Users\rui02\unity_project\IVRC\IVRC\Library\ScriptAssemblies\Unity.RenderPipelines.Core.Editor.dll
Symbol file LoadedFromMemory is not a mono symbol file
Symbol file data-00000203E65886F0 doesn't match image C:\Users\rui02\unity_project\IVRC\IVRC\Library\ScriptAssemblies\Unity.VisualEffectGraph.Editor.dll
Symbol file LoadedFromMemory is not a mono symbol file
Symbol file data-00000203E53298D0 doesn't match image C:\Users\rui02\unity_project\IVRC\IVRC\Library\ScriptAssemblies\UnityEditor.TestRunner.dll
Symbol file LoadedFromMemory is not a mono symbol file
Symbol file data-000002038DA3E010 doesn't match image C:\Users\rui02\unity_project\IVRC\IVRC\Library\ScriptAssemblies\Unity.VisualScripting.Flow.dll
Symbol file LoadedFromMemory is not a mono symbol file
Symbol file data-000002039FF2D090 doesn't match image C:\Users\rui02\unity_project\IVRC\IVRC\Library\ScriptAssemblies\Unity.Mathematics.Editor.dll
Symbol file LoadedFromMemory is not a mono symbol file
Symbol file data-000002039FF2D090 doesn't match image C:\Users\rui02\unity_project\IVRC\IVRC\Library\ScriptAssemblies\Unity.TestTools.CodeCoverage.Editor.OpenCover.Mono.Reflection.dll
Symbol file LoadedFromMemory is not a mono symbol file
Symbol file data-000002039B390010 doesn't match image C:\Users\rui02\unity_project\IVRC\IVRC\Library\ScriptAssemblies\VRMShaders.VRM10.MToon10.Editor.dll
Symbol file LoadedFromMemory is not a mono symbol file
Symbol file data-000002039B390010 doesn't match image C:\Users\rui02\unity_project\IVRC\IVRC\Library\ScriptAssemblies\UniGLTF.Utils.dll
Symbol file LoadedFromMemory is not a mono symbol file
Symbol file data-000002039B390010 doesn't match image C:\Users\rui02\unity_project\IVRC\IVRC\Library\ScriptAssemblies\Unity.RenderPipelines.HighDefinition.Config.Runtime.dll
Symbol file LoadedFromMemory is not a mono symbol file
Symbol file data-00000203EC39E420 doesn't match image C:\Users\rui02\unity_project\IVRC\IVRC\Library\ScriptAssemblies\MToon.Editor.dll
Symbol file LoadedFromMemory is not a mono symbol file
Symbol file data-000002039CAB4010 doesn't match image C:\Users\rui02\unity_project\IVRC\IVRC\Library\ScriptAssemblies\Unity.Performance.Profile-Analyzer.Editor.dll
Symbol file LoadedFromMemory is not a mono symbol file
Symbol file data-00000203A24A0CB0 doesn't match image C:\Users\rui02\unity_project\IVRC\IVRC\Library\ScriptAssemblies\Unity.RenderPipelines.Core.ShaderLibrary.dll
Symbol file LoadedFromMemory is not a mono symbol file
Symbol file data-000002038E89F6A0 doesn't match image C:\Users\rui02\unity_project\IVRC\IVRC\Library\ScriptAssemblies\Unity.XR.Management.Editor.dll
Symbol file LoadedFromMemory is not a mono symbol file
Symbol file data-000002039B390010 doesn't match image C:\Users\rui02\unity_project\IVRC\IVRC\Library\ScriptAssemblies\VRMShaders.VRM.IO.Runtime.dll
Symbol file LoadedFromMemory is not a mono symbol file
Symbol file data-000002039EA78120 doesn't match image C:\Users\rui02\unity_project\IVRC\IVRC\Library\ScriptAssemblies\Unity.TestTools.CodeCoverage.Editor.dll
Symbol file LoadedFromMemory is not a mono symbol file
Symbol file data-000002039B841020 doesn't match image C:\Users\rui02\unity_project\IVRC\IVRC\Library\ScriptAssemblies\VRM.dll
Symbol file LoadedFromMemory is not a mono symbol file
Symbol file data-000002039B390010 doesn't match image C:\Users\rui02\unity_project\IVRC\IVRC\Library\ScriptAssemblies\VRMShaders.GLTF.UniUnlit.Editor.dll
Symbol file LoadedFromMemory is not a mono symbol file
Symbol file data-000002039B390010 doesn't match image C:\Users\rui02\unity_project\IVRC\IVRC\Library\ScriptAssemblies\PPv2URPConverters.dll
Symbol file LoadedFromMemory is not a mono symbol file
Symbol file data-00000203A1C93200 doesn't match image C:\Users\rui02\unity_project\IVRC\IVRC\Library\ScriptAssemblies\Unity.XR.OpenVR.dll
Symbol file LoadedFromMemory is not a mono symbol file
Symbol file data-000002038EEDCF20 doesn't match image C:\Users\rui02\unity_project\IVRC\IVRC\Library\ScriptAssemblies\Unity.Settings.Editor.dll
Symbol file LoadedFromMemory is not a mono symbol file
Symbol file data-00000203E47AB050 doesn't match image C:\Users\rui02\unity_project\IVRC\IVRC\Library\ScriptAssemblies\Unity.TextMeshPro.dll
Symbol file LoadedFromMemory is not a mono symbol file
Symbol file data-00000203A24A0CB0 doesn't match image C:\Users\rui02\unity_project\IVRC\IVRC\Library\ScriptAssemblies\VRMShaders.VRM10.Format.Runtime.dll
Symbol file LoadedFromMemory is not a mono symbol file
Symbol file data-00000203C3B30020 doesn't match image C:\Users\rui02\unity_project\IVRC\IVRC\Library\ScriptAssemblies\Unity.Burst.CodeGen.dll
Symbol file LoadedFromMemory is not a mono symbol file
Symbol file data-00000203A0114B80 doesn't match image C:\Users\rui02\unity_project\IVRC\IVRC\Library\ScriptAssemblies\Unity.VSCode.Editor.dll
Symbol file LoadedFromMemory is not a mono symbol file
Symbol file data-000002039F929820 doesn't match image C:\Users\rui02\unity_project\IVRC\IVRC\Library\ScriptAssemblies\UniGLTF.Editor.dll
Symbol file LoadedFromMemory is not a mono symbol file
Symbol file data-00000203C41E2A60 doesn't match image C:\Users\rui02\unity_project\IVRC\IVRC\Library\ScriptAssemblies\Unity.RenderPipelines.Universal.Editor.dll
Symbol file LoadedFromMemory is not a mono symbol file
Symbol file data-000002039910F010 doesn't match image C:\Users\rui02\unity_project\IVRC\IVRC\Library\ScriptAssemblies\Unity.RenderPipelines.HighDefinition.Editor.dll
Symbol file LoadedFromMemory is not a mono symbol file
Symbol file data-000002039FF8ABD0 doesn't match image C:\Users\rui02\unity_project\IVRC\IVRC\Library\ScriptAssemblies\VRM.Samples.Editor.Tests.dll
Symbol file LoadedFromMemory is not a mono symbol file
Symbol file data-00000203A24A0CB0 doesn't match image C:\Users\rui02\unity_project\IVRC\IVRC\Library\ScriptAssemblies\Unity.RenderPipelines.ShaderGraph.ShaderGraphLibrary.dll
Symbol file LoadedFromMemory is not a mono symbol file
Symbol file data-000002039B390010 doesn't match image C:\Users\rui02\unity_project\IVRC\IVRC\Library\ScriptAssemblies\Unity.EditorCoroutines.Editor.dll
Symbol file LoadedFromMemory is not a mono symbol file
Symbol file data-00000203A0114B80 doesn't match image C:\Users\rui02\unity_project\IVRC\IVRC\Library\ScriptAssemblies\FastSpringBone.dll
Symbol file LoadedFromMemory is not a mono symbol file
Symbol file data-00000203E47AB050 doesn't match image C:\Users\rui02\unity_project\IVRC\IVRC\Library\ScriptAssemblies\Unity.TerrainTools.Editor.dll
Symbol file LoadedFromMemory is not a mono symbol file
Symbol file data-00000203C3AD3830 doesn't match image C:\Users\rui02\unity_project\IVRC\IVRC\Library\ScriptAssemblies\Unity.RenderPipelines.Universal.Runtime.dll
Symbol file LoadedFromMemory is not a mono symbol file
Symbol file data-000002036B059010 doesn't match image C:\Users\rui02\unity_project\IVRC\IVRC\Library\ScriptAssemblies\MToon.dll
Symbol file LoadedFromMemory is not a mono symbol file
Symbol file data-000002036B205840 doesn't match image C:\Users\rui02\unity_project\IVRC\IVRC\Library\ScriptAssemblies\UniHumanoid.dll
Symbol file LoadedFromMemory is not a mono symbol file
Symbol file data-00000203E47AB050 doesn't match image C:\Users\rui02\unity_project\IVRC\IVRC\Library\ScriptAssemblies\Unity.Burst.dll
Symbol file LoadedFromMemory is not a mono symbol file
Symbol file data-000002039D08E990 doesn't match image C:\Users\rui02\unity_project\IVRC\IVRC\Library\ScriptAssemblies\UnityEngine.XR.LegacyInputHelpers.dll
Symbol file LoadedFromMemory is not a mono symbol file
Symbol file data-0000020398CEE020 doesn't match image C:\Users\rui02\unity_project\IVRC\IVRC\Library\ScriptAssemblies\UniGLTF.Tests.dll
Symbol file LoadedFromMemory is not a mono symbol file
Symbol file data-000002039EA6CFF0 doesn't match image C:\Users\rui02\unity_project\IVRC\IVRC\Library\ScriptAssemblies\VRMShaders.GLTF.IO.Runtime.dll
Symbol file LoadedFromMemory is not a mono symbol file
Symbol file data-00000203E48BE090 doesn't match image C:\Users\rui02\unity_project\IVRC\IVRC\Library\ScriptAssemblies\Unity.Timeline.Editor.dll
Symbol file LoadedFromMemory is not a mono symbol file
Symbol file data-000002036B059010 doesn't match image C:\Users\rui02\unity_project\IVRC\IVRC\Library\ScriptAssemblies\Unity.VisualScripting.Shared.Editor.dll
Symbol file LoadedFromMemory is not a mono symbol file
Symbol file data-00000203A24A0CB0 doesn't match image C:\Users\rui02\unity_project\IVRC\IVRC\Library\ScriptAssemblies\Unity.TerrainTools.dll
Symbol file LoadedFromMemory is not a mono symbol file
Symbol file data-000002038CCA0080 doesn't match image C:\Users\rui02\unity_project\IVRC\IVRC\Library\ScriptAssemblies\Unity.PlasticSCM.Editor.dll
Symbol file LoadedFromMemory is not a mono symbol file
Symbol file data-000002039FF8ABD0 doesn't match image C:\Users\rui02\unity_project\IVRC\IVRC\Library\ScriptAssemblies\Unity.CollabProxy.Editor.dll
Symbol file LoadedFromMemory is not a mono symbol file
Symbol file data-000002039FF8ABD0 doesn't match image C:\Users\rui02\unity_project\IVRC\IVRC\Library\ScriptAssemblies\UnityEditor.SpatialTracking.dll
Symbol file LoadedFromMemory is not a mono symbol file
Symbol file data-000002039FC0A530 doesn't match image C:\Users\rui02\unity_project\IVRC\IVRC\Library\ScriptAssemblies\UniVRM.Editor.dll
Symbol file LoadedFromMemory is not a mono symbol file
Symbol file data-00000203E63D7010 doesn't match image C:\Users\rui02\unity_project\IVRC\IVRC\Library\ScriptAssemblies\Unity.ShaderGraph.Editor.dll
Symbol file LoadedFromMemory is not a mono symbol file
Symbol file data-000002038E89F6A0 doesn't match image C:\Users\rui02\unity_project\IVRC\IVRC\Library\ScriptAssemblies\Unity.VisualStudio.Editor.dll
Symbol file LoadedFromMemory is not a mono symbol file
Symbol file data-000002038E89F6A0 doesn't match image C:\Users\rui02\unity_project\IVRC\IVRC\Library\ScriptAssemblies\UnityEditor.UI.dll
Symbol file LoadedFromMemory is not a mono symbol file
Symbol file data-000002039B1D7030 doesn't match image C:\Users\rui02\unity_project\IVRC\IVRC\Library\ScriptAssemblies\Unity.VisualScripting.Core.dll
Symbol file LoadedFromMemory is not a mono symbol file
Symbol file data-000002038E89F6A0 doesn't match image C:\Users\rui02\unity_project\IVRC\IVRC\Library\ScriptAssemblies\SteamVR_Input_Editor.dll
Symbol file LoadedFromMemory is not a mono symbol file
Symbol file data-000002038D275010 doesn't match image C:\Users\rui02\unity_project\IVRC\IVRC\Library\ScriptAssemblies\Unity.VisualScripting.Core.Editor.dll
Symbol file LoadedFromMemory is not a mono symbol file
Symbol file data-00000203EC39E420 doesn't match image C:\Users\rui02\unity_project\IVRC\IVRC\Library\ScriptAssemblies\UnityEngine.SpatialTracking.dll
Symbol file LoadedFromMemory is not a mono symbol file
Symbol file data-00000203E51C7BD0 doesn't match image C:\Users\rui02\unity_project\IVRC\IVRC\Library\ScriptAssemblies\UnityEngine.UI.dll
Symbol file LoadedFromMemory is not a mono symbol file
Symbol file data-000002039FF8ABD0 doesn't match image C:\Users\rui02\unity_project\IVRC\IVRC\Library\ScriptAssemblies\VRMShaders.GLTF.IO.Tests.dll
Symbol file LoadedFromMemory is not a mono symbol file
Symbol file data-000002039FF2D090 doesn't match image C:\Users\rui02\unity_project\IVRC\IVRC\Library\ScriptAssemblies\UnityEditor.XR.LegacyInputHelpers.dll
Symbol file LoadedFromMemory is not a mono symbol file
Symbol file data-000002038E48B010 doesn't match image C:\Users\rui02\unity_project\IVRC\IVRC\Library\ScriptAssemblies\SteamVR_Editor.dll
Symbol file LoadedFromMemory is not a mono symbol file
Symbol file data-000002038ED01820 doesn't match image C:\Users\rui02\unity_project\IVRC\IVRC\Library\ScriptAssemblies\Unity.VisualScripting.Flow.Editor.dll
Symbol file LoadedFromMemory is not a mono symbol file
Symbol file data-000002039FF8ABD0 doesn't match image C:\Users\rui02\unity_project\IVRC\IVRC\Library\ScriptAssemblies\Unity.RenderPipeline.Universal.ShaderLibrary.dll
Symbol file LoadedFromMemory is not a mono symbol file
Symbol file data-000002039EE23870 doesn't match image C:\Users\rui02\unity_project\IVRC\IVRC\Library\ScriptAssemblies\Unity.Timeline.dll
Symbol file LoadedFromMemory is not a mono symbol file
Symbol file data-000002039FF2D090 doesn't match image C:\Users\rui02\unity_project\IVRC\IVRC\Library\ScriptAssemblies\Unity.XR.OpenVR.Editor.dll
Symbol file LoadedFromMemory is not a mono symbol file
Symbol file data-000002039D08E990 doesn't match image C:\Users\rui02\unity_project\IVRC\IVRC\Library\ScriptAssemblies\VRMShaders.VRM10.MToon10.Runtime.dll
Symbol file LoadedFromMemory is not a mono symbol file
Symbol file data-000002039FF2D090 doesn't match image C:\Users\rui02\unity_project\IVRC\IVRC\Library\ScriptAssemblies\Unity.VisualScripting.SettingsProvider.Editor.dll
Symbol file LoadedFromMemory is not a mono symbol file
Symbol file data-000002038E48B010 doesn't match image C:\Users\rui02\unity_project\IVRC\IVRC\Library\ScriptAssemblies\Unity.TestTools.CodeCoverage.Editor.OpenCover.Model.dll
Symbol file LoadedFromMemory is not a mono symbol file
Symbol file data-00000203EC39E420 doesn't match image C:\Users\rui02\unity_project\IVRC\IVRC\Library\ScriptAssemblies\VRMShaders.GLTF.IO.Editor.dll
Symbol file LoadedFromMemory is not a mono symbol file
Symbol file data-00000203E5CEC040 doesn't match image C:\Users\rui02\unity_project\IVRC\IVRC\Library\ScriptAssemblies\UnityEngine.TestRunner.dll
Symbol file LoadedFromMemory is not a mono symbol file
Symbol file data-000002038E89F6A0 doesn't match image C:\Users\rui02\unity_project\IVRC\IVRC\Library\ScriptAssemblies\Unity.VisualScripting.State.Editor.dll
Symbol file LoadedFromMemory is not a mono symbol file
Symbol file data-000002038CE6A010 doesn't match image C:\Users\rui02\unity_project\IVRC\IVRC\Library\ScriptAssemblies\Unity.Mathematics.dll
Symbol file LoadedFromMemory is not a mono symbol file
Symbol file data-00000203A24A0CB0 doesn't match image C:\Users\rui02\unity_project\IVRC\IVRC\Library\ScriptAssemblies\Unity.RenderPipelines.Universal.Shaders.dll
Symbol file LoadedFromMemory is not a mono symbol file
Symbol file data-00000203A1A6D160 doesn't match image C:\Users\rui02\unity_project\IVRC\IVRC\Library\ScriptAssemblies\Unity.TextMeshPro.Editor.dll
Symbol file LoadedFromMemory is not a mono symbol file
Symbol file data-000002039F3E1020 doesn't match image C:\Users\rui02\unity_project\IVRC\IVRC\Library\ScriptAssemblies\Unity.Searcher.Editor.dll
Symbol file LoadedFromMemory is not a mono symbol file
Symbol file data-00000203C39FB4E0 doesn't match image C:\Users\rui02\unity_project\IVRC\IVRC\Library\ScriptAssemblies\Unity.VisualScripting.State.dll
Symbol file LoadedFromMemory is not a mono symbol file
Symbol file data-00000203EC39E420 doesn't match image C:\Users\rui02\unity_project\IVRC\IVRC\Library\ScriptAssemblies\Unity.ShaderGraph.Utilities.dll
Symbol file LoadedFromMemory is not a mono symbol file
Symbol file data-00000203E6775030 doesn't match image C:\Users\rui02\unity_project\IVRC\IVRC\Library\ScriptAssemblies\Unity.RenderPipelines.HighDefinition.Runtime.dll
Symbol file LoadedFromMemory is not a mono symbol file
Symbol file data-00000203C3A02810 doesn't match image C:\Users\rui02\unity_project\IVRC\IVRC\Library\ScriptAssemblies\VRM.Tests.dll
Symbol file LoadedFromMemory is not a mono symbol file
- Loaded All Assemblies, in  0.554 seconds
Refreshing native plugins compatible for Editor in 7.06 ms, found 6 plugins.
Native extension for WindowsStandalone target not found
Native extension for WebGL target not found
[Package Manager] Server::EnsureServerProcessIsRunning -- launch failed, reason: Unity was launched with the -noUpm command-line argument
[Package Manager] UpmClient::Send -- Unable to send message (not connected to UPM process).
[Package Manager] Cannot connect to Unity Package Manager local server
[Package Manager] Server::EnsureServerProcessIsRunning -- launch failed, reason: Unity was launched with the -noUpm command-line argument
[Package Manager] UpmClient::Send -- Unable to send message (not connected to UPM process).
[Package Manager] Cannot connect to Unity Package Manager local server
Mono: successfully reloaded assembly
[Package Manager] Server::EnsureServerProcessIsRunning -- launch failed, reason: Unity was launched with the -noUpm command-line argument
[Package Manager] UpmClient::Send -- Unable to send message (not connected to UPM process).
[Package Manager] Cannot connect to Unity Package Manager local server
- Finished resetting the current domain, in  1.216 seconds
Domain Reload Profiling: 1767ms
	BeginReloadAssembly (159ms)
		ExecutionOrderSort (0ms)
		DisableScriptedObjects (4ms)
		BackupInstance (0ms)
		ReleaseScriptingObjects (0ms)
		CreateAndSetChildDomain (44ms)
	RebuildCommonClasses (31ms)
	RebuildNativeTypeToScriptingClass (10ms)
	initialDomainReloadingComplete (25ms)
	LoadAllAssembliesAndSetupDomain (325ms)
		LoadAssemblies (324ms)
		RebuildTransferFunctionScriptingTraits (0ms)
		AnalyzeDomain (80ms)
			TypeCache.Refresh (14ms)
				TypeCache.ScanAssembly (1ms)
			ScanForSourceGeneratedMonoScriptInfo (43ms)
			ResolveRequiredComponents (22ms)
	FinalizeReload (1217ms)
		ReleaseScriptCaches (0ms)
		RebuildScriptCaches (0ms)
		SetupLoadedEditorAssemblies (520ms)
			LogAssemblyErrors (0ms)
			InitializePlatformSupportModulesInManaged (6ms)
			SetLoadedEditorAssemblies (4ms)
			RefreshPlugins (0ms)
			BeforeProcessingInitializeOnLoad (89ms)
			ProcessInitializeOnLoadAttributes (394ms)
			ProcessInitializeOnLoadMethodAttributes (22ms)
			AfterProcessingInitializeOnLoad (4ms)
			EditorAssembliesLoaded (0ms)
		ExecutionOrderSort2 (0ms)
		AwakeInstancesAfterBackupRestoration (5ms)
Refreshing native plugins compatible for Editor in 5.34 ms, found 6 plugins.
Preloading 0 native plugins for Editor in 0.00 ms.
Unloading 7867 Unused Serialized files (Serialized files now loaded: 0)
Unloading 200 unused Assets / (14.8 MB). Loaded Objects now: 8558.
Memory consumption went from 299.3 MB to 284.4 MB.
Total: 6.897100 ms (FindLiveObjects: 0.492800 ms CreateObjectMapping: 0.383200 ms MarkObjects: 3.636800 ms  DeleteObjects: 2.383000 ms)

Prepare: number of updated asset objects reloaded= 0
AssetImportParameters requested are different than current active one (requested -> active):
  custom:container-demuxer-ogg: 62fdf1f143b41e24485cea50d1cbac27 -> 
  custom:framework-win-MediaFoundation: 216162199b28c13a410421893ffa2e32 -> 
  custom:container-muxer-webm: aa71ff27fc2769a1b78a27578f13a17b -> 
  custom:video-decoder-webm-vp8: 9c59270c3fd7afecdb556c50c9e8de78 -> 
  custom:SearchIndexIgnoredProperties: e643bd26f0fe6173181afceb89e7c659 -> 
  custom:AudioImporter_EditorPlatform: d09bf68614088b80899f8185d706f6e7 -> 
  custom:audio-decoder-ogg-vorbis: bf7c407c2cedff20999df2af8eb42d56 -> 
  custom:audio-encoder-webm-vorbis: bf7c407c2cedff20999df2af8eb42d56 -> 
  custom:video-codec-MediaFoundation-h265: 746d11721c4dcdbdad8f713fa42b33f4 -> 
  custom:video-decoder-ogg-theora: a1e56fd34408186e4bbccfd4996cb3dc -> 
  custom:CustomObjectIndexerAttribute: a3ef5dd2817f97addfee359851a9dba5 -> 
  custom:container-demuxer-webm: 4f35f7cbe854078d1ac9338744f61a02 -> 
  custom:video-encoder-webm-vp8: eb34c28f22e8b96e1ab97ce403110664 -> 
========================================================================
Received Prepare
Begin MonoManager ReloadAssembly
Symbol file data-00000203A00FEC50 doesn't match image C:\Users\rui02\unity_project\IVRC\IVRC\Library\ScriptAssemblies\UniHumanoid.Editor.dll
Symbol file LoadedFromMemory is not a mono symbol file
Symbol file data-00000203A0027B80 doesn't match image C:\Users\rui02\unity_project\IVRC\IVRC\Library\ScriptAssemblies\Unity.XR.Management.dll
Symbol file LoadedFromMemory is not a mono symbol file
Symbol file data-00000203A15FF510 doesn't match image C:\Users\rui02\unity_project\IVRC\IVRC\Library\ScriptAssemblies\UniHumanoid.Editor.Tests.dll
Symbol file LoadedFromMemory is not a mono symbol file
Symbol file data-000002038E6BE010 doesn't match image C:\Users\rui02\unity_project\IVRC\IVRC\Library\ScriptAssemblies\Unity.VisualEffectGraph.Runtime.dll
Symbol file LoadedFromMemory is not a mono symbol file
Symbol file data-000002038D946020 doesn't match image C:\Users\rui02\unity_project\IVRC\IVRC\Library\ScriptAssemblies\Unity.RenderPipelines.Core.Runtime.dll
Symbol file LoadedFromMemory is not a mono symbol file
Symbol file data-000002039990D030 doesn't match image C:\Users\rui02\unity_project\IVRC\IVRC\Library\ScriptAssemblies\Unity.Burst.Editor.dll
Symbol file LoadedFromMemory is not a mono symbol file
Symbol file data-000002039ECF2300 doesn't match image C:\Users\rui02\unity_project\IVRC\IVRC\Library\ScriptAssemblies\SteamVR.dll
Symbol file LoadedFromMemory is not a mono symbol file
Symbol file data-00000203A24EEB00 doesn't match image C:\Users\rui02\unity_project\IVRC\IVRC\Library\ScriptAssemblies\VRMShaders.GLTF.UniUnlit.Runtime.dll
Symbol file LoadedFromMemory is not a mono symbol file
Symbol file data-00000203A15FF510 doesn't match image C:\Users\rui02\unity_project\IVRC\IVRC\Library\ScriptAssemblies\SteamVR_Windows_EditorHelper.dll
Symbol file LoadedFromMemory is not a mono symbol file
Symbol file data-000002039D3ED000 doesn't match image C:\Users\rui02\unity_project\IVRC\IVRC\Library\ScriptAssemblies\UniGLTF.dll
Symbol file LoadedFromMemory is not a mono symbol file
Symbol file data-00000203A018F9C0 doesn't match image C:\Users\rui02\unity_project\IVRC\IVRC\Library\ScriptAssemblies\Unity.Rider.Editor.dll
Symbol file LoadedFromMemory is not a mono symbol file
Symbol file data-000002038E806030 doesn't match image C:\Users\rui02\unity_project\IVRC\IVRC\Library\ScriptAssemblies\VRMShaders.VRM10.MToon10.Tests.dll
Symbol file LoadedFromMemory is not a mono symbol file
Symbol file data-00000203C4049010 doesn't match image C:\Users\rui02\unity_project\IVRC\IVRC\Library\ScriptAssemblies\Unity.RenderPipelines.Core.Editor.dll
Symbol file LoadedFromMemory is not a mono symbol file
Symbol file data-000002039FC51510 doesn't match image C:\Users\rui02\unity_project\IVRC\IVRC\Library\ScriptAssemblies\Unity.VisualEffectGraph.Editor.dll
Symbol file LoadedFromMemory is not a mono symbol file
Symbol file data-00000203EA8A5A50 doesn't match image C:\Users\rui02\unity_project\IVRC\IVRC\Library\ScriptAssemblies\UnityEditor.TestRunner.dll
Symbol file LoadedFromMemory is not a mono symbol file
Symbol file data-000002039D2F4EA0 doesn't match image C:\Users\rui02\unity_project\IVRC\IVRC\Library\ScriptAssemblies\Unity.VisualScripting.Flow.dll
Symbol file LoadedFromMemory is not a mono symbol file
Symbol file data-00000203A2497030 doesn't match image C:\Users\rui02\unity_project\IVRC\IVRC\Library\ScriptAssemblies\Unity.Mathematics.Editor.dll
Symbol file LoadedFromMemory is not a mono symbol file
Symbol file data-00000203A2497030 doesn't match image C:\Users\rui02\unity_project\IVRC\IVRC\Library\ScriptAssemblies\Unity.TestTools.CodeCoverage.Editor.OpenCover.Mono.Reflection.dll
Symbol file LoadedFromMemory is not a mono symbol file
Symbol file data-000002039F9C4300 doesn't match image C:\Users\rui02\unity_project\IVRC\IVRC\Library\ScriptAssemblies\VRMShaders.VRM10.MToon10.Editor.dll
Symbol file LoadedFromMemory is not a mono symbol file
Symbol file data-00000203A15FF510 doesn't match image C:\Users\rui02\unity_project\IVRC\IVRC\Library\ScriptAssemblies\UniGLTF.Utils.dll
Symbol file LoadedFromMemory is not a mono symbol file
Symbol file data-00000203A24EEB00 doesn't match image C:\Users\rui02\unity_project\IVRC\IVRC\Library\ScriptAssemblies\Unity.RenderPipelines.HighDefinition.Config.Runtime.dll
Symbol file LoadedFromMemory is not a mono symbol file
Symbol file data-000002039D214040 doesn't match image C:\Users\rui02\unity_project\IVRC\IVRC\Library\ScriptAssemblies\MToon.Editor.dll
Symbol file LoadedFromMemory is not a mono symbol file
Symbol file data-000002039B064030 doesn't match image C:\Users\rui02\unity_project\IVRC\IVRC\Library\ScriptAssemblies\Unity.Performance.Profile-Analyzer.Editor.dll
Symbol file LoadedFromMemory is not a mono symbol file
Symbol file data-000002038E806030 doesn't match image C:\Users\rui02\unity_project\IVRC\IVRC\Library\ScriptAssemblies\Unity.RenderPipelines.Core.ShaderLibrary.dll
Symbol file LoadedFromMemory is not a mono symbol file
Symbol file data-000002039F6C15F0 doesn't match image C:\Users\rui02\unity_project\IVRC\IVRC\Library\ScriptAssemblies\Unity.XR.Management.Editor.dll
Symbol file LoadedFromMemory is not a mono symbol file
Symbol file data-00000203A24EEB00 doesn't match image C:\Users\rui02\unity_project\IVRC\IVRC\Library\ScriptAssemblies\VRMShaders.VRM.IO.Runtime.dll
Symbol file LoadedFromMemory is not a mono symbol file
Symbol file data-00000203E6ADA030 doesn't match image C:\Users\rui02\unity_project\IVRC\IVRC\Library\ScriptAssemblies\Unity.TestTools.CodeCoverage.Editor.dll
Symbol file LoadedFromMemory is not a mono symbol file
Symbol file data-000002039B841020 doesn't match image C:\Users\rui02\unity_project\IVRC\IVRC\Library\ScriptAssemblies\VRM.dll
Symbol file LoadedFromMemory is not a mono symbol file
Symbol file data-00000203A09B6E90 doesn't match image C:\Users\rui02\unity_project\IVRC\IVRC\Library\ScriptAssemblies\VRMShaders.GLTF.UniUnlit.Editor.dll
Symbol file LoadedFromMemory is not a mono symbol file
Symbol file data-00000203A09B6E90 doesn't match image C:\Users\rui02\unity_project\IVRC\IVRC\Library\ScriptAssemblies\PPv2URPConverters.dll
Symbol file LoadedFromMemory is not a mono symbol file
Symbol file data-000002039ECD8020 doesn't match image C:\Users\rui02\unity_project\IVRC\IVRC\Library\ScriptAssemblies\Unity.XR.OpenVR.dll
Symbol file LoadedFromMemory is not a mono symbol file
Symbol file data-00000203993C5030 doesn't match image C:\Users\rui02\unity_project\IVRC\IVRC\Library\ScriptAssemblies\Unity.Settings.Editor.dll
Symbol file LoadedFromMemory is not a mono symbol file
Symbol file data-000002039C1DC010 doesn't match image C:\Users\rui02\unity_project\IVRC\IVRC\Library\ScriptAssemblies\Unity.TextMeshPro.dll
Symbol file LoadedFromMemory is not a mono symbol file
Symbol file data-000002038E806030 doesn't match image C:\Users\rui02\unity_project\IVRC\IVRC\Library\ScriptAssemblies\VRMShaders.VRM10.Format.Runtime.dll
Symbol file LoadedFromMemory is not a mono symbol file
Symbol file data-00000203E4824060 doesn't match image C:\Users\rui02\unity_project\IVRC\IVRC\Library\ScriptAssemblies\Unity.Burst.CodeGen.dll
Symbol file LoadedFromMemory is not a mono symbol file
Symbol file data-00000203A0114B80 doesn't match image C:\Users\rui02\unity_project\IVRC\IVRC\Library\ScriptAssemblies\Unity.VSCode.Editor.dll
Symbol file LoadedFromMemory is not a mono symbol file
Symbol file data-000002038CF16080 doesn't match image C:\Users\rui02\unity_project\IVRC\IVRC\Library\ScriptAssemblies\UniGLTF.Editor.dll
Symbol file LoadedFromMemory is not a mono symbol file
Symbol file data-000002038CD2BFF0 doesn't match image C:\Users\rui02\unity_project\IVRC\IVRC\Library\ScriptAssemblies\Unity.RenderPipelines.Universal.Editor.dll
Symbol file LoadedFromMemory is not a mono symbol file
Symbol file data-00000203EB995F10 doesn't match image C:\Users\rui02\unity_project\IVRC\IVRC\Library\ScriptAssemblies\Unity.RenderPipelines.HighDefinition.Editor.dll
Symbol file LoadedFromMemory is not a mono symbol file
Symbol file data-0000020398C139F0 doesn't match image C:\Users\rui02\unity_project\IVRC\IVRC\Library\ScriptAssemblies\VRM.Samples.Editor.Tests.dll
Symbol file LoadedFromMemory is not a mono symbol file
Symbol file data-000002038E806030 doesn't match image C:\Users\rui02\unity_project\IVRC\IVRC\Library\ScriptAssemblies\Unity.RenderPipelines.ShaderGraph.ShaderGraphLibrary.dll
Symbol file LoadedFromMemory is not a mono symbol file
Symbol file data-000002039F9C4300 doesn't match image C:\Users\rui02\unity_project\IVRC\IVRC\Library\ScriptAssemblies\Unity.EditorCoroutines.Editor.dll
Symbol file LoadedFromMemory is not a mono symbol file
Symbol file data-00000203A0114B80 doesn't match image C:\Users\rui02\unity_project\IVRC\IVRC\Library\ScriptAssemblies\FastSpringBone.dll
Symbol file LoadedFromMemory is not a mono symbol file
Symbol file data-00000203994BB020 doesn't match image C:\Users\rui02\unity_project\IVRC\IVRC\Library\ScriptAssemblies\Unity.TerrainTools.Editor.dll
Symbol file LoadedFromMemory is not a mono symbol file
Symbol file data-00000203A01C0010 doesn't match image C:\Users\rui02\unity_project\IVRC\IVRC\Library\ScriptAssemblies\Unity.RenderPipelines.Universal.Runtime.dll
Symbol file LoadedFromMemory is not a mono symbol file
Symbol file data-00000203A0E4B020 doesn't match image C:\Users\rui02\unity_project\IVRC\IVRC\Library\ScriptAssemblies\MToon.dll
Symbol file LoadedFromMemory is not a mono symbol file
Symbol file data-000002036B205840 doesn't match image C:\Users\rui02\unity_project\IVRC\IVRC\Library\ScriptAssemblies\UniHumanoid.dll
Symbol file LoadedFromMemory is not a mono symbol file
Symbol file data-00000203994BB020 doesn't match image C:\Users\rui02\unity_project\IVRC\IVRC\Library\ScriptAssemblies\Unity.Burst.dll
Symbol file LoadedFromMemory is not a mono symbol file
Symbol file data-000002039BB19010 doesn't match image C:\Users\rui02\unity_project\IVRC\IVRC\Library\ScriptAssemblies\UnityEngine.XR.LegacyInputHelpers.dll
Symbol file LoadedFromMemory is not a mono symbol file
Symbol file data-00000203EA161140 doesn't match image C:\Users\rui02\unity_project\IVRC\IVRC\Library\ScriptAssemblies\UniGLTF.Tests.dll
Symbol file LoadedFromMemory is not a mono symbol file
Symbol file data-000002039EA6CFF0 doesn't match image C:\Users\rui02\unity_project\IVRC\IVRC\Library\ScriptAssemblies\VRMShaders.GLTF.IO.Runtime.dll
Symbol file LoadedFromMemory is not a mono symbol file
Symbol file data-00000203A01C0010 doesn't match image C:\Users\rui02\unity_project\IVRC\IVRC\Library\ScriptAssemblies\Unity.Timeline.Editor.dll
Symbol file LoadedFromMemory is not a mono symbol file
Symbol file data-00000203A0E4B020 doesn't match image C:\Users\rui02\unity_project\IVRC\IVRC\Library\ScriptAssemblies\Unity.VisualScripting.Shared.Editor.dll
Symbol file LoadedFromMemory is not a mono symbol file
Symbol file data-000002038E806030 doesn't match image C:\Users\rui02\unity_project\IVRC\IVRC\Library\ScriptAssemblies\Unity.TerrainTools.dll
Symbol file LoadedFromMemory is not a mono symbol file
Symbol file data-00000203EBF6F640 doesn't match image C:\Users\rui02\unity_project\IVRC\IVRC\Library\ScriptAssemblies\Unity.PlasticSCM.Editor.dll
Symbol file LoadedFromMemory is not a mono symbol file
Symbol file data-00000203A15FF510 doesn't match image C:\Users\rui02\unity_project\IVRC\IVRC\Library\ScriptAssemblies\Unity.CollabProxy.Editor.dll
Symbol file LoadedFromMemory is not a mono symbol file
Symbol file data-00000203A15FF510 doesn't match image C:\Users\rui02\unity_project\IVRC\IVRC\Library\ScriptAssemblies\UnityEditor.SpatialTracking.dll
Symbol file LoadedFromMemory is not a mono symbol file
Symbol file data-00000203A1A85320 doesn't match image C:\Users\rui02\unity_project\IVRC\IVRC\Library\ScriptAssemblies\UniVRM.Editor.dll
Symbol file LoadedFromMemory is not a mono symbol file
Symbol file data-00000203A2213020 doesn't match image C:\Users\rui02\unity_project\IVRC\IVRC\Library\ScriptAssemblies\Unity.ShaderGraph.Editor.dll
Symbol file LoadedFromMemory is not a mono symbol file
Symbol file data-000002039F41D0D0 doesn't match image C:\Users\rui02\unity_project\IVRC\IVRC\Library\ScriptAssemblies\Unity.VisualStudio.Editor.dll
Symbol file LoadedFromMemory is not a mono symbol file
Symbol file data-00000203E61AF9D0 doesn't match image C:\Users\rui02\unity_project\IVRC\IVRC\Library\ScriptAssemblies\UnityEditor.UI.dll
Symbol file LoadedFromMemory is not a mono symbol file
Symbol file data-000002039C0FC050 doesn't match image C:\Users\rui02\unity_project\IVRC\IVRC\Library\ScriptAssemblies\Unity.VisualScripting.Core.dll
Symbol file LoadedFromMemory is not a mono symbol file
Symbol file data-00000203E61AF9D0 doesn't match image C:\Users\rui02\unity_project\IVRC\IVRC\Library\ScriptAssemblies\SteamVR_Input_Editor.dll
Symbol file LoadedFromMemory is not a mono symbol file
Symbol file data-00000203A26B5D50 doesn't match image C:\Users\rui02\unity_project\IVRC\IVRC\Library\ScriptAssemblies\Unity.VisualScripting.Core.Editor.dll
Symbol file LoadedFromMemory is not a mono symbol file
Symbol file data-000002039D214040 doesn't match image C:\Users\rui02\unity_project\IVRC\IVRC\Library\ScriptAssemblies\UnityEngine.SpatialTracking.dll
Symbol file LoadedFromMemory is not a mono symbol file
Symbol file data-00000203A195A9F0 doesn't match image C:\Users\rui02\unity_project\IVRC\IVRC\Library\ScriptAssemblies\UnityEngine.UI.dll
Symbol file LoadedFromMemory is not a mono symbol file
Symbol file data-000002039B390010 doesn't match image C:\Users\rui02\unity_project\IVRC\IVRC\Library\ScriptAssemblies\VRMShaders.GLTF.IO.Tests.dll
Symbol file LoadedFromMemory is not a mono symbol file
Symbol file data-00000203A0027B80 doesn't match image C:\Users\rui02\unity_project\IVRC\IVRC\Library\ScriptAssemblies\UnityEditor.XR.LegacyInputHelpers.dll
Symbol file LoadedFromMemory is not a mono symbol file
Symbol file data-000002039F898450 doesn't match image C:\Users\rui02\unity_project\IVRC\IVRC\Library\ScriptAssemblies\SteamVR_Editor.dll
Symbol file LoadedFromMemory is not a mono symbol file
Symbol file data-00000203A1BFFC90 doesn't match image C:\Users\rui02\unity_project\IVRC\IVRC\Library\ScriptAssemblies\Unity.VisualScripting.Flow.Editor.dll
Symbol file LoadedFromMemory is not a mono symbol file
Symbol file data-00000203A24EEB00 doesn't match image C:\Users\rui02\unity_project\IVRC\IVRC\Library\ScriptAssemblies\Unity.RenderPipeline.Universal.ShaderLibrary.dll
Symbol file LoadedFromMemory is not a mono symbol file
Symbol file data-00000203C39E1840 doesn't match image C:\Users\rui02\unity_project\IVRC\IVRC\Library\ScriptAssemblies\Unity.Timeline.dll
Symbol file LoadedFromMemory is not a mono symbol file
Symbol file data-000002039B681D30 doesn't match image C:\Users\rui02\unity_project\IVRC\IVRC\Library\ScriptAssemblies\Unity.XR.OpenVR.Editor.dll
Symbol file LoadedFromMemory is not a mono symbol file
Symbol file data-000002038E971030 doesn't match image C:\Users\rui02\unity_project\IVRC\IVRC\Library\ScriptAssemblies\VRMShaders.VRM10.MToon10.Runtime.dll
Symbol file LoadedFromMemory is not a mono symbol file
Symbol file data-00000203A2497030 doesn't match image C:\Users\rui02\unity_project\IVRC\IVRC\Library\ScriptAssemblies\Unity.VisualScripting.SettingsProvider.Editor.dll
Symbol file LoadedFromMemory is not a mono symbol file
Symbol file data-000002039F898450 doesn't match image C:\Users\rui02\unity_project\IVRC\IVRC\Library\ScriptAssemblies\Unity.TestTools.CodeCoverage.Editor.OpenCover.Model.dll
Symbol file LoadedFromMemory is not a mono symbol file
Symbol file data-000002039B390010 doesn't match image C:\Users\rui02\unity_project\IVRC\IVRC\Library\ScriptAssemblies\VRMShaders.GLTF.IO.Editor.dll
Symbol file LoadedFromMemory is not a mono symbol file
Symbol file data-000002039AF67860 doesn't match image C:\Users\rui02\unity_project\IVRC\IVRC\Library\ScriptAssemblies\UnityEngine.TestRunner.dll
Symbol file LoadedFromMemory is not a mono symbol file
Symbol file data-00000203EB38ACD0 doesn't match image C:\Users\rui02\unity_project\IVRC\IVRC\Library\ScriptAssemblies\Unity.VisualScripting.State.Editor.dll
Symbol file LoadedFromMemory is not a mono symbol file
Symbol file data-00000203A1B4AC70 doesn't match image C:\Users\rui02\unity_project\IVRC\IVRC\Library\ScriptAssemblies\Unity.Mathematics.dll
Symbol file LoadedFromMemory is not a mono symbol file
Symbol file data-000002038E806030 doesn't match image C:\Users\rui02\unity_project\IVRC\IVRC\Library\ScriptAssemblies\Unity.RenderPipelines.Universal.Shaders.dll
Symbol file LoadedFromMemory is not a mono symbol file
Symbol file data-0000020398BEF010 doesn't match image C:\Users\rui02\unity_project\IVRC\IVRC\Library\ScriptAssemblies\Unity.TextMeshPro.Editor.dll
Symbol file LoadedFromMemory is not a mono symbol file
Symbol file data-00000203A1897030 doesn't match image C:\Users\rui02\unity_project\IVRC\IVRC\Library\ScriptAssemblies\Unity.Searcher.Editor.dll
Symbol file LoadedFromMemory is not a mono symbol file
Symbol file data-00000203A15F7CD0 doesn't match image C:\Users\rui02\unity_project\IVRC\IVRC\Library\ScriptAssemblies\Unity.VisualScripting.State.dll
Symbol file LoadedFromMemory is not a mono symbol file
Symbol file data-00000203A15FF510 doesn't match image C:\Users\rui02\unity_project\IVRC\IVRC\Library\ScriptAssemblies\Unity.ShaderGraph.Utilities.dll
Symbol file LoadedFromMemory is not a mono symbol file
Symbol file data-000002038EE54050 doesn't match image C:\Users\rui02\unity_project\IVRC\IVRC\Library\ScriptAssemblies\Unity.RenderPipelines.HighDefinition.Runtime.dll
Symbol file LoadedFromMemory is not a mono symbol file
Symbol file data-00000203A0BDC250 doesn't match image C:\Users\rui02\unity_project\IVRC\IVRC\Library\ScriptAssemblies\VRM.Tests.dll
Symbol file LoadedFromMemory is not a mono symbol file
- Loaded All Assemblies, in  0.492 seconds
Refreshing native plugins compatible for Editor in 5.51 ms, found 6 plugins.
Native extension for WindowsStandalone target not found
Native extension for WebGL target not found
[Package Manager] Server::EnsureServerProcessIsRunning -- launch failed, reason: Unity was launched with the -noUpm command-line argument
[Package Manager] UpmClient::Send -- Unable to send message (not connected to UPM process).
[Package Manager] Cannot connect to Unity Package Manager local server
[Package Manager] Server::EnsureServerProcessIsRunning -- launch failed, reason: Unity was launched with the -noUpm command-line argument
[Package Manager] UpmClient::Send -- Unable to send message (not connected to UPM process).
[Package Manager] Cannot connect to Unity Package Manager local server
Mono: successfully reloaded assembly
[Package Manager] Server::EnsureServerProcessIsRunning -- launch failed, reason: Unity was launched with the -noUpm command-line argument
[Package Manager] UpmClient::Send -- Unable to send message (not connected to UPM process).
[Package Manager] Cannot connect to Unity Package Manager local server
- Finished resetting the current domain, in  1.223 seconds
Domain Reload Profiling: 1713ms
	BeginReloadAssembly (145ms)
		ExecutionOrderSort (0ms)
		DisableScriptedObjects (4ms)
		BackupInstance (0ms)
		ReleaseScriptingObjects (0ms)
		CreateAndSetChildDomain (39ms)
	RebuildCommonClasses (31ms)
	RebuildNativeTypeToScriptingClass (10ms)
	initialDomainReloadingComplete (24ms)
	LoadAllAssembliesAndSetupDomain (278ms)
		LoadAssemblies (320ms)
		RebuildTransferFunctionScriptingTraits (0ms)
		AnalyzeDomain (27ms)
			TypeCache.Refresh (9ms)
				TypeCache.ScanAssembly (0ms)
			ScanForSourceGeneratedMonoScriptInfo (0ms)
			ResolveRequiredComponents (17ms)
	FinalizeReload (1223ms)
		ReleaseScriptCaches (0ms)
		RebuildScriptCaches (0ms)
		SetupLoadedEditorAssemblies (506ms)
			LogAssemblyErrors (0ms)
			InitializePlatformSupportModulesInManaged (6ms)
			SetLoadedEditorAssemblies (3ms)
			RefreshPlugins (0ms)
			BeforeProcessingInitializeOnLoad (86ms)
			ProcessInitializeOnLoadAttributes (380ms)
			ProcessInitializeOnLoadMethodAttributes (22ms)
			AfterProcessingInitializeOnLoad (7ms)
			EditorAssembliesLoaded (1ms)
		ExecutionOrderSort2 (0ms)
		AwakeInstancesAfterBackupRestoration (8ms)
Refreshing native plugins compatible for Editor in 4.50 ms, found 6 plugins.
Preloading 0 native plugins for Editor in 0.00 ms.
Unloading 7867 Unused Serialized files (Serialized files now loaded: 0)
Unloading 200 unused Assets / (14.8 MB). Loaded Objects now: 8574.
Memory consumption went from 299.1 MB to 284.3 MB.
Total: 5.472500 ms (FindLiveObjects: 0.443300 ms CreateObjectMapping: 0.305600 ms MarkObjects: 2.497000 ms  DeleteObjects: 2.225700 ms)

Prepare: number of updated asset objects reloaded= 0
AssetImportParameters requested are different than current active one (requested -> active):
  custom:container-demuxer-ogg: 62fdf1f143b41e24485cea50d1cbac27 -> 
  custom:framework-win-MediaFoundation: 216162199b28c13a410421893ffa2e32 -> 
  custom:container-muxer-webm: aa71ff27fc2769a1b78a27578f13a17b -> 
  custom:video-decoder-webm-vp8: 9c59270c3fd7afecdb556c50c9e8de78 -> 
  custom:SearchIndexIgnoredProperties: e643bd26f0fe6173181afceb89e7c659 -> 
  custom:AudioImporter_EditorPlatform: d09bf68614088b80899f8185d706f6e7 -> 
  custom:audio-decoder-ogg-vorbis: bf7c407c2cedff20999df2af8eb42d56 -> 
  custom:audio-encoder-webm-vorbis: bf7c407c2cedff20999df2af8eb42d56 -> 
  custom:video-codec-MediaFoundation-h265: 746d11721c4dcdbdad8f713fa42b33f4 -> 
  custom:video-decoder-ogg-theora: a1e56fd34408186e4bbccfd4996cb3dc -> 
  custom:CustomObjectIndexerAttribute: a3ef5dd2817f97addfee359851a9dba5 -> 
  custom:container-demuxer-webm: 4f35f7cbe854078d1ac9338744f61a02 -> 
  custom:video-encoder-webm-vp8: eb34c28f22e8b96e1ab97ce403110664 -> 
========================================================================
Received Prepare
Begin MonoManager ReloadAssembly
Symbol file data-00000203A00FEC50 doesn't match image C:\Users\rui02\unity_project\IVRC\IVRC\Library\ScriptAssemblies\UniHumanoid.Editor.dll
Symbol file LoadedFromMemory is not a mono symbol file
Symbol file data-00000203A0027B80 doesn't match image C:\Users\rui02\unity_project\IVRC\IVRC\Library\ScriptAssemblies\Unity.XR.Management.dll
Symbol file LoadedFromMemory is not a mono symbol file
Symbol file data-00000203A15FF510 doesn't match image C:\Users\rui02\unity_project\IVRC\IVRC\Library\ScriptAssemblies\UniHumanoid.Editor.Tests.dll
Symbol file LoadedFromMemory is not a mono symbol file
Symbol file data-000002038E6BE010 doesn't match image C:\Users\rui02\unity_project\IVRC\IVRC\Library\ScriptAssemblies\Unity.VisualEffectGraph.Runtime.dll
Symbol file LoadedFromMemory is not a mono symbol file
Symbol file data-000002039D2B1780 doesn't match image C:\Users\rui02\unity_project\IVRC\IVRC\Library\ScriptAssemblies\Unity.RenderPipelines.Core.Runtime.dll
Symbol file LoadedFromMemory is not a mono symbol file
Symbol file data-00000203A1A6C150 doesn't match image C:\Users\rui02\unity_project\IVRC\IVRC\Library\ScriptAssemblies\Unity.Burst.Editor.dll
Symbol file LoadedFromMemory is not a mono symbol file
Symbol file data-000002039ECF2300 doesn't match image C:\Users\rui02\unity_project\IVRC\IVRC\Library\ScriptAssemblies\SteamVR.dll
Symbol file LoadedFromMemory is not a mono symbol file
Symbol file data-00000203A24EEB00 doesn't match image C:\Users\rui02\unity_project\IVRC\IVRC\Library\ScriptAssemblies\VRMShaders.GLTF.UniUnlit.Runtime.dll
Symbol file LoadedFromMemory is not a mono symbol file
Symbol file data-00000203A15FF510 doesn't match image C:\Users\rui02\unity_project\IVRC\IVRC\Library\ScriptAssemblies\SteamVR_Windows_EditorHelper.dll
Symbol file LoadedFromMemory is not a mono symbol file
Symbol file data-0000020347A3D060 doesn't match image C:\Users\rui02\unity_project\IVRC\IVRC\Library\ScriptAssemblies\UniGLTF.dll
Symbol file LoadedFromMemory is not a mono symbol file
Symbol file data-000002039EA600C0 doesn't match image C:\Users\rui02\unity_project\IVRC\IVRC\Library\ScriptAssemblies\Unity.Rider.Editor.dll
Symbol file LoadedFromMemory is not a mono symbol file
Symbol file data-00000203A24EEB00 doesn't match image C:\Users\rui02\unity_project\IVRC\IVRC\Library\ScriptAssemblies\VRMShaders.VRM10.MToon10.Tests.dll
Symbol file LoadedFromMemory is not a mono symbol file
Symbol file data-00000203C4049010 doesn't match image C:\Users\rui02\unity_project\IVRC\IVRC\Library\ScriptAssemblies\Unity.RenderPipelines.Core.Editor.dll
Symbol file LoadedFromMemory is not a mono symbol file
Symbol file data-00000203E6977A90 doesn't match image C:\Users\rui02\unity_project\IVRC\IVRC\Library\ScriptAssemblies\Unity.VisualEffectGraph.Editor.dll
Symbol file LoadedFromMemory is not a mono symbol file
Symbol file data-00000203EA8A5A50 doesn't match image C:\Users\rui02\unity_project\IVRC\IVRC\Library\ScriptAssemblies\UnityEditor.TestRunner.dll
Symbol file LoadedFromMemory is not a mono symbol file
Symbol file data-000002039EDE2020 doesn't match image C:\Users\rui02\unity_project\IVRC\IVRC\Library\ScriptAssemblies\Unity.VisualScripting.Flow.dll
Symbol file LoadedFromMemory is not a mono symbol file
Symbol file data-00000203A0027B80 doesn't match image C:\Users\rui02\unity_project\IVRC\IVRC\Library\ScriptAssemblies\Unity.Mathematics.Editor.dll
Symbol file LoadedFromMemory is not a mono symbol file
Symbol file data-00000203A0027B80 doesn't match image C:\Users\rui02\unity_project\IVRC\IVRC\Library\ScriptAssemblies\Unity.TestTools.CodeCoverage.Editor.OpenCover.Mono.Reflection.dll
Symbol file LoadedFromMemory is not a mono symbol file
Symbol file data-000002039F9C4300 doesn't match image C:\Users\rui02\unity_project\IVRC\IVRC\Library\ScriptAssemblies\VRMShaders.VRM10.MToon10.Editor.dll
Symbol file LoadedFromMemory is not a mono symbol file
Symbol file data-00000203A15FF510 doesn't match image C:\Users\rui02\unity_project\IVRC\IVRC\Library\ScriptAssemblies\UniGLTF.Utils.dll
Symbol file LoadedFromMemory is not a mono symbol file
Symbol file data-00000203A24EEB00 doesn't match image C:\Users\rui02\unity_project\IVRC\IVRC\Library\ScriptAssemblies\Unity.RenderPipelines.HighDefinition.Config.Runtime.dll
Symbol file LoadedFromMemory is not a mono symbol file
Symbol file data-00000203A0027B80 doesn't match image C:\Users\rui02\unity_project\IVRC\IVRC\Library\ScriptAssemblies\MToon.Editor.dll
Symbol file LoadedFromMemory is not a mono symbol file
Symbol file data-000002039EA00080 doesn't match image C:\Users\rui02\unity_project\IVRC\IVRC\Library\ScriptAssemblies\Unity.Performance.Profile-Analyzer.Editor.dll
Symbol file LoadedFromMemory is not a mono symbol file
Symbol file data-00000203A24EEB00 doesn't match image C:\Users\rui02\unity_project\IVRC\IVRC\Library\ScriptAssemblies\Unity.RenderPipelines.Core.ShaderLibrary.dll
Symbol file LoadedFromMemory is not a mono symbol file
Symbol file data-00000203A0406260 doesn't match image C:\Users\rui02\unity_project\IVRC\IVRC\Library\ScriptAssemblies\Unity.XR.Management.Editor.dll
Symbol file LoadedFromMemory is not a mono symbol file
Symbol file data-00000203A24EEB00 doesn't match image C:\Users\rui02\unity_project\IVRC\IVRC\Library\ScriptAssemblies\VRMShaders.VRM.IO.Runtime.dll
Symbol file LoadedFromMemory is not a mono symbol file
Symbol file data-000002039EA78120 doesn't match image C:\Users\rui02\unity_project\IVRC\IVRC\Library\ScriptAssemblies\Unity.TestTools.CodeCoverage.Editor.dll
Symbol file LoadedFromMemory is not a mono symbol file
Symbol file data-000002039B841020 doesn't match image C:\Users\rui02\unity_project\IVRC\IVRC\Library\ScriptAssemblies\VRM.dll
Symbol file LoadedFromMemory is not a mono symbol file
Symbol file data-00000203A09B6E90 doesn't match image C:\Users\rui02\unity_project\IVRC\IVRC\Library\ScriptAssemblies\VRMShaders.GLTF.UniUnlit.Editor.dll
Symbol file LoadedFromMemory is not a mono symbol file
Symbol file data-00000203A09B6E90 doesn't match image C:\Users\rui02\unity_project\IVRC\IVRC\Library\ScriptAssemblies\PPv2URPConverters.dll
Symbol file LoadedFromMemory is not a mono symbol file
Symbol file data-000002039D4A6FC0 doesn't match image C:\Users\rui02\unity_project\IVRC\IVRC\Library\ScriptAssemblies\Unity.XR.OpenVR.dll
Symbol file LoadedFromMemory is not a mono symbol file
Symbol file data-00000203EC9C5C80 doesn't match image C:\Users\rui02\unity_project\IVRC\IVRC\Library\ScriptAssemblies\Unity.Settings.Editor.dll
Symbol file LoadedFromMemory is not a mono symbol file
Symbol file data-000002039FBC3010 doesn't match image C:\Users\rui02\unity_project\IVRC\IVRC\Library\ScriptAssemblies\Unity.TextMeshPro.dll
Symbol file LoadedFromMemory is not a mono symbol file
Symbol file data-00000203A24EEB00 doesn't match image C:\Users\rui02\unity_project\IVRC\IVRC\Library\ScriptAssemblies\VRMShaders.VRM10.Format.Runtime.dll
Symbol file LoadedFromMemory is not a mono symbol file
Symbol file data-00000203E4824060 doesn't match image C:\Users\rui02\unity_project\IVRC\IVRC\Library\ScriptAssemblies\Unity.Burst.CodeGen.dll
Symbol file LoadedFromMemory is not a mono symbol file
Symbol file data-00000203A0114B80 doesn't match image C:\Users\rui02\unity_project\IVRC\IVRC\Library\ScriptAssemblies\Unity.VSCode.Editor.dll
Symbol file LoadedFromMemory is not a mono symbol file
Symbol file data-00000203E5329890 doesn't match image C:\Users\rui02\unity_project\IVRC\IVRC\Library\ScriptAssemblies\UniGLTF.Editor.dll
Symbol file LoadedFromMemory is not a mono symbol file
Symbol file data-000002038CD2BFF0 doesn't match image C:\Users\rui02\unity_project\IVRC\IVRC\Library\ScriptAssemblies\Unity.RenderPipelines.Universal.Editor.dll
Symbol file LoadedFromMemory is not a mono symbol file
Symbol file data-00000203EB995F10 doesn't match image C:\Users\rui02\unity_project\IVRC\IVRC\Library\ScriptAssemblies\Unity.RenderPipelines.HighDefinition.Editor.dll
Symbol file LoadedFromMemory is not a mono symbol file
Symbol file data-0000020398C139F0 doesn't match image C:\Users\rui02\unity_project\IVRC\IVRC\Library\ScriptAssemblies\VRM.Samples.Editor.Tests.dll
Symbol file LoadedFromMemory is not a mono symbol file
Symbol file data-00000203A24EEB00 doesn't match image C:\Users\rui02\unity_project\IVRC\IVRC\Library\ScriptAssemblies\Unity.RenderPipelines.ShaderGraph.ShaderGraphLibrary.dll
Symbol file LoadedFromMemory is not a mono symbol file
Symbol file data-000002039F9C4300 doesn't match image C:\Users\rui02\unity_project\IVRC\IVRC\Library\ScriptAssemblies\Unity.EditorCoroutines.Editor.dll
Symbol file LoadedFromMemory is not a mono symbol file
Symbol file data-00000203A0114B80 doesn't match image C:\Users\rui02\unity_project\IVRC\IVRC\Library\ScriptAssemblies\FastSpringBone.dll
Symbol file LoadedFromMemory is not a mono symbol file
Symbol file data-000002039FBC3010 doesn't match image C:\Users\rui02\unity_project\IVRC\IVRC\Library\ScriptAssemblies\Unity.TerrainTools.Editor.dll
Symbol file LoadedFromMemory is not a mono symbol file
Symbol file data-00000203A01C0010 doesn't match image C:\Users\rui02\unity_project\IVRC\IVRC\Library\ScriptAssemblies\Unity.RenderPipelines.Universal.Runtime.dll
Symbol file LoadedFromMemory is not a mono symbol file
Symbol file data-00000203A0027B80 doesn't match image C:\Users\rui02\unity_project\IVRC\IVRC\Library\ScriptAssemblies\MToon.dll
Symbol file LoadedFromMemory is not a mono symbol file
Symbol file data-000002036B205840 doesn't match image C:\Users\rui02\unity_project\IVRC\IVRC\Library\ScriptAssemblies\UniHumanoid.dll
Symbol file LoadedFromMemory is not a mono symbol file
Symbol file data-000002039FBC3010 doesn't match image C:\Users\rui02\unity_project\IVRC\IVRC\Library\ScriptAssemblies\Unity.Burst.dll
Symbol file LoadedFromMemory is not a mono symbol file
Symbol file data-000002036AB956C0 doesn't match image C:\Users\rui02\unity_project\IVRC\IVRC\Library\ScriptAssemblies\UnityEngine.XR.LegacyInputHelpers.dll
Symbol file LoadedFromMemory is not a mono symbol file
Symbol file data-000002036B205840 doesn't match image C:\Users\rui02\unity_project\IVRC\IVRC\Library\ScriptAssemblies\UniGLTF.Tests.dll
Symbol file LoadedFromMemory is not a mono symbol file
Symbol file data-000002039EA6CFF0 doesn't match image C:\Users\rui02\unity_project\IVRC\IVRC\Library\ScriptAssemblies\VRMShaders.GLTF.IO.Runtime.dll
Symbol file LoadedFromMemory is not a mono symbol file
Symbol file data-00000203A01C0010 doesn't match image C:\Users\rui02\unity_project\IVRC\IVRC\Library\ScriptAssemblies\Unity.Timeline.Editor.dll
Symbol file LoadedFromMemory is not a mono symbol file
Symbol file data-00000203A0027B80 doesn't match image C:\Users\rui02\unity_project\IVRC\IVRC\Library\ScriptAssemblies\Unity.VisualScripting.Shared.Editor.dll
Symbol file LoadedFromMemory is not a mono symbol file
Symbol file data-00000203A24EEB00 doesn't match image C:\Users\rui02\unity_project\IVRC\IVRC\Library\ScriptAssemblies\Unity.TerrainTools.dll
Symbol file LoadedFromMemory is not a mono symbol file
Symbol file data-00000203EBF6F640 doesn't match image C:\Users\rui02\unity_project\IVRC\IVRC\Library\ScriptAssemblies\Unity.PlasticSCM.Editor.dll
Symbol file LoadedFromMemory is not a mono symbol file
Symbol file data-00000203A15FF510 doesn't match image C:\Users\rui02\unity_project\IVRC\IVRC\Library\ScriptAssemblies\Unity.CollabProxy.Editor.dll
Symbol file LoadedFromMemory is not a mono symbol file
Symbol file data-00000203A15FF510 doesn't match image C:\Users\rui02\unity_project\IVRC\IVRC\Library\ScriptAssemblies\UnityEditor.SpatialTracking.dll
Symbol file LoadedFromMemory is not a mono symbol file
Symbol file data-000002038E6BE010 doesn't match image C:\Users\rui02\unity_project\IVRC\IVRC\Library\ScriptAssemblies\UniVRM.Editor.dll
Symbol file LoadedFromMemory is not a mono symbol file
Symbol file data-00000203A218BCE0 doesn't match image C:\Users\rui02\unity_project\IVRC\IVRC\Library\ScriptAssemblies\Unity.ShaderGraph.Editor.dll
Symbol file LoadedFromMemory is not a mono symbol file
Symbol file data-00000203EC1B0010 doesn't match image C:\Users\rui02\unity_project\IVRC\IVRC\Library\ScriptAssemblies\Unity.VisualStudio.Editor.dll
Symbol file LoadedFromMemory is not a mono symbol file
Symbol file data-00000203EC1B0010 doesn't match image C:\Users\rui02\unity_project\IVRC\IVRC\Library\ScriptAssemblies\UnityEditor.UI.dll
Symbol file LoadedFromMemory is not a mono symbol file
Symbol file data-0000020399457050 doesn't match image C:\Users\rui02\unity_project\IVRC\IVRC\Library\ScriptAssemblies\Unity.VisualScripting.Core.dll
Symbol file LoadedFromMemory is not a mono symbol file
Symbol file data-00000203EC1B0010 doesn't match image C:\Users\rui02\unity_project\IVRC\IVRC\Library\ScriptAssemblies\SteamVR_Input_Editor.dll
Symbol file LoadedFromMemory is not a mono symbol file
Symbol file data-00000203EB995F10 doesn't match image C:\Users\rui02\unity_project\IVRC\IVRC\Library\ScriptAssemblies\Unity.VisualScripting.Core.Editor.dll
Symbol file LoadedFromMemory is not a mono symbol file
Symbol file data-00000203A0027B80 doesn't match image C:\Users\rui02\unity_project\IVRC\IVRC\Library\ScriptAssemblies\UnityEngine.SpatialTracking.dll
Symbol file LoadedFromMemory is not a mono symbol file
Symbol file data-00000203A195A9F0 doesn't match image C:\Users\rui02\unity_project\IVRC\IVRC\Library\ScriptAssemblies\UnityEngine.UI.dll
Symbol file LoadedFromMemory is not a mono symbol file
Symbol file data-0000020398C139F0 doesn't match image C:\Users\rui02\unity_project\IVRC\IVRC\Library\ScriptAssemblies\VRMShaders.GLTF.IO.Tests.dll
Symbol file LoadedFromMemory is not a mono symbol file
Symbol file data-00000203A0027B80 doesn't match image C:\Users\rui02\unity_project\IVRC\IVRC\Library\ScriptAssemblies\UnityEditor.XR.LegacyInputHelpers.dll
Symbol file LoadedFromMemory is not a mono symbol file
Symbol file data-000002036AB956C0 doesn't match image C:\Users\rui02\unity_project\IVRC\IVRC\Library\ScriptAssemblies\SteamVR_Editor.dll
Symbol file LoadedFromMemory is not a mono symbol file
Symbol file data-000002036B623020 doesn't match image C:\Users\rui02\unity_project\IVRC\IVRC\Library\ScriptAssemblies\Unity.VisualScripting.Flow.Editor.dll
Symbol file LoadedFromMemory is not a mono symbol file
Symbol file data-00000203A24EEB00 doesn't match image C:\Users\rui02\unity_project\IVRC\IVRC\Library\ScriptAssemblies\Unity.RenderPipeline.Universal.ShaderLibrary.dll
Symbol file LoadedFromMemory is not a mono symbol file
Symbol file data-0000020398BEF010 doesn't match image C:\Users\rui02\unity_project\IVRC\IVRC\Library\ScriptAssemblies\Unity.Timeline.dll
Symbol file LoadedFromMemory is not a mono symbol file
Symbol file data-00000203A0027B80 doesn't match image C:\Users\rui02\unity_project\IVRC\IVRC\Library\ScriptAssemblies\Unity.XR.OpenVR.Editor.dll
Symbol file LoadedFromMemory is not a mono symbol file
Symbol file data-000002036AB956C0 doesn't match image C:\Users\rui02\unity_project\IVRC\IVRC\Library\ScriptAssemblies\VRMShaders.VRM10.MToon10.Runtime.dll
Symbol file LoadedFromMemory is not a mono symbol file
Symbol file data-00000203A0027B80 doesn't match image C:\Users\rui02\unity_project\IVRC\IVRC\Library\ScriptAssemblies\Unity.VisualScripting.SettingsProvider.Editor.dll
Symbol file LoadedFromMemory is not a mono symbol file
Symbol file data-000002036AB956C0 doesn't match image C:\Users\rui02\unity_project\IVRC\IVRC\Library\ScriptAssemblies\Unity.TestTools.CodeCoverage.Editor.OpenCover.Model.dll
Symbol file LoadedFromMemory is not a mono symbol file
Symbol file data-00000203A0027B80 doesn't match image C:\Users\rui02\unity_project\IVRC\IVRC\Library\ScriptAssemblies\VRMShaders.GLTF.IO.Editor.dll
Symbol file LoadedFromMemory is not a mono symbol file
Symbol file data-000002039F89E470 doesn't match image C:\Users\rui02\unity_project\IVRC\IVRC\Library\ScriptAssemblies\UnityEngine.TestRunner.dll
Symbol file LoadedFromMemory is not a mono symbol file
Symbol file data-00000203EC1B0010 doesn't match image C:\Users\rui02\unity_project\IVRC\IVRC\Library\ScriptAssemblies\Unity.VisualScripting.State.Editor.dll
Symbol file LoadedFromMemory is not a mono symbol file
Symbol file data-00000203A1B4AC70 doesn't match image C:\Users\rui02\unity_project\IVRC\IVRC\Library\ScriptAssemblies\Unity.Mathematics.dll
Symbol file LoadedFromMemory is not a mono symbol file
Symbol file data-00000203A24EEB00 doesn't match image C:\Users\rui02\unity_project\IVRC\IVRC\Library\ScriptAssemblies\Unity.RenderPipelines.Universal.Shaders.dll
Symbol file LoadedFromMemory is not a mono symbol file
Symbol file data-0000020398BEF010 doesn't match image C:\Users\rui02\unity_project\IVRC\IVRC\Library\ScriptAssemblies\Unity.TextMeshPro.Editor.dll
Symbol file LoadedFromMemory is not a mono symbol file
Symbol file data-000002039EA6CFF0 doesn't match image C:\Users\rui02\unity_project\IVRC\IVRC\Library\ScriptAssemblies\Unity.Searcher.Editor.dll
Symbol file LoadedFromMemory is not a mono symbol file
Symbol file data-000002039CD6A040 doesn't match image C:\Users\rui02\unity_project\IVRC\IVRC\Library\ScriptAssemblies\Unity.VisualScripting.State.dll
Symbol file LoadedFromMemory is not a mono symbol file
Symbol file data-00000203A15FF510 doesn't match image C:\Users\rui02\unity_project\IVRC\IVRC\Library\ScriptAssemblies\Unity.ShaderGraph.Utilities.dll
Symbol file LoadedFromMemory is not a mono symbol file
Symbol file data-000002038EE54050 doesn't match image C:\Users\rui02\unity_project\IVRC\IVRC\Library\ScriptAssemblies\Unity.RenderPipelines.HighDefinition.Runtime.dll
Symbol file LoadedFromMemory is not a mono symbol file
Symbol file data-000002036AB956C0 doesn't match image C:\Users\rui02\unity_project\IVRC\IVRC\Library\ScriptAssemblies\VRM.Tests.dll
Symbol file LoadedFromMemory is not a mono symbol file
- Loaded All Assemblies, in  0.525 seconds
Refreshing native plugins compatible for Editor in 5.62 ms, found 6 plugins.
Native extension for WindowsStandalone target not found
Native extension for WebGL target not found
[Package Manager] Server::EnsureServerProcessIsRunning -- launch failed, reason: Unity was launched with the -noUpm command-line argument
[Package Manager] UpmClient::Send -- Unable to send message (not connected to UPM process).
[Package Manager] Cannot connect to Unity Package Manager local server
[Package Manager] Server::EnsureServerProcessIsRunning -- launch failed, reason: Unity was launched with the -noUpm command-line argument
[Package Manager] UpmClient::Send -- Unable to send message (not connected to UPM process).
[Package Manager] Cannot connect to Unity Package Manager local server
Mono: successfully reloaded assembly
[Package Manager] Server::EnsureServerProcessIsRunning -- launch failed, reason: Unity was launched with the -noUpm command-line argument
[Package Manager] UpmClient::Send -- Unable to send message (not connected to UPM process).
[Package Manager] Cannot connect to Unity Package Manager local server
- Finished resetting the current domain, in  1.208 seconds
Domain Reload Profiling: 1730ms
	BeginReloadAssembly (149ms)
		ExecutionOrderSort (0ms)
		DisableScriptedObjects (3ms)
		BackupInstance (0ms)
		ReleaseScriptingObjects (0ms)
		CreateAndSetChildDomain (38ms)
	RebuildCommonClasses (33ms)
	RebuildNativeTypeToScriptingClass (10ms)
	initialDomainReloadingComplete (26ms)
	LoadAllAssembliesAndSetupDomain (303ms)
		LoadAssemblies (307ms)
		RebuildTransferFunctionScriptingTraits (0ms)
		AnalyzeDomain (73ms)
			TypeCache.Refresh (14ms)
				TypeCache.ScanAssembly (1ms)
			ScanForSourceGeneratedMonoScriptInfo (41ms)
			ResolveRequiredComponents (16ms)
	FinalizeReload (1208ms)
		ReleaseScriptCaches (0ms)
		RebuildScriptCaches (0ms)
		SetupLoadedEditorAssemblies (502ms)
			LogAssemblyErrors (0ms)
			InitializePlatformSupportModulesInManaged (6ms)
			SetLoadedEditorAssemblies (4ms)
			RefreshPlugins (0ms)
			BeforeProcessingInitializeOnLoad (83ms)
			ProcessInitializeOnLoadAttributes (381ms)
			ProcessInitializeOnLoadMethodAttributes (24ms)
			AfterProcessingInitializeOnLoad (4ms)
			EditorAssembliesLoaded (0ms)
		ExecutionOrderSort2 (0ms)
		AwakeInstancesAfterBackupRestoration (5ms)
Refreshing native plugins compatible for Editor in 4.79 ms, found 6 plugins.
Preloading 0 native plugins for Editor in 0.00 ms.
Unloading 7867 Unused Serialized files (Serialized files now loaded: 0)
Unloading 200 unused Assets / (14.8 MB). Loaded Objects now: 8590.
Memory consumption went from 299.3 MB to 284.5 MB.
Total: 6.593300 ms (FindLiveObjects: 0.473000 ms CreateObjectMapping: 0.308000 ms MarkObjects: 2.759500 ms  DeleteObjects: 3.052100 ms)

Prepare: number of updated asset objects reloaded= 0
AssetImportParameters requested are different than current active one (requested -> active):
  custom:container-demuxer-ogg: 62fdf1f143b41e24485cea50d1cbac27 -> 
  custom:framework-win-MediaFoundation: 216162199b28c13a410421893ffa2e32 -> 
  custom:container-muxer-webm: aa71ff27fc2769a1b78a27578f13a17b -> 
  custom:video-decoder-webm-vp8: 9c59270c3fd7afecdb556c50c9e8de78 -> 
  custom:SearchIndexIgnoredProperties: e643bd26f0fe6173181afceb89e7c659 -> 
  custom:AudioImporter_EditorPlatform: d09bf68614088b80899f8185d706f6e7 -> 
  custom:audio-decoder-ogg-vorbis: bf7c407c2cedff20999df2af8eb42d56 -> 
  custom:audio-encoder-webm-vorbis: bf7c407c2cedff20999df2af8eb42d56 -> 
  custom:video-codec-MediaFoundation-h265: 746d11721c4dcdbdad8f713fa42b33f4 -> 
  custom:video-decoder-ogg-theora: a1e56fd34408186e4bbccfd4996cb3dc -> 
  custom:CustomObjectIndexerAttribute: a3ef5dd2817f97addfee359851a9dba5 -> 
  custom:container-demuxer-webm: 4f35f7cbe854078d1ac9338744f61a02 -> 
  custom:video-encoder-webm-vp8: eb34c28f22e8b96e1ab97ce403110664 -> 
========================================================================
Received Prepare
Begin MonoManager ReloadAssembly
Symbol file data-00000203A00FEC50 doesn't match image C:\Users\rui02\unity_project\IVRC\IVRC\Library\ScriptAssemblies\UniHumanoid.Editor.dll
Symbol file LoadedFromMemory is not a mono symbol file
Symbol file data-000002039CFD1270 doesn't match image C:\Users\rui02\unity_project\IVRC\IVRC\Library\ScriptAssemblies\Unity.XR.Management.dll
Symbol file LoadedFromMemory is not a mono symbol file
Symbol file data-000002036B43B030 doesn't match image C:\Users\rui02\unity_project\IVRC\IVRC\Library\ScriptAssemblies\UniHumanoid.Editor.Tests.dll
Symbol file LoadedFromMemory is not a mono symbol file
Symbol file data-00000203E8129010 doesn't match image C:\Users\rui02\unity_project\IVRC\IVRC\Library\ScriptAssemblies\Unity.VisualEffectGraph.Runtime.dll
Symbol file LoadedFromMemory is not a mono symbol file
Symbol file data-00000203E432CF10 doesn't match image C:\Users\rui02\unity_project\IVRC\IVRC\Library\ScriptAssemblies\Unity.RenderPipelines.Core.Runtime.dll
Symbol file LoadedFromMemory is not a mono symbol file
Symbol file data-000002036B25B010 doesn't match image C:\Users\rui02\unity_project\IVRC\IVRC\Library\ScriptAssemblies\Unity.Burst.Editor.dll
Symbol file LoadedFromMemory is not a mono symbol file
Symbol file data-00000203EA175100 doesn't match image C:\Users\rui02\unity_project\IVRC\IVRC\Library\ScriptAssemblies\SteamVR.dll
Symbol file LoadedFromMemory is not a mono symbol file
Symbol file data-000002039D3CCCA0 doesn't match image C:\Users\rui02\unity_project\IVRC\IVRC\Library\ScriptAssemblies\VRMShaders.GLTF.UniUnlit.Runtime.dll
Symbol file LoadedFromMemory is not a mono symbol file
Symbol file data-000002036B43B030 doesn't match image C:\Users\rui02\unity_project\IVRC\IVRC\Library\ScriptAssemblies\SteamVR_Windows_EditorHelper.dll
Symbol file LoadedFromMemory is not a mono symbol file
Symbol file data-000002039CBAF010 doesn't match image C:\Users\rui02\unity_project\IVRC\IVRC\Library\ScriptAssemblies\UniGLTF.dll
Symbol file LoadedFromMemory is not a mono symbol file
Symbol file data-00000203A018F9C0 doesn't match image C:\Users\rui02\unity_project\IVRC\IVRC\Library\ScriptAssemblies\Unity.Rider.Editor.dll
Symbol file LoadedFromMemory is not a mono symbol file
Symbol file data-000002039ED8F030 doesn't match image C:\Users\rui02\unity_project\IVRC\IVRC\Library\ScriptAssemblies\VRMShaders.VRM10.MToon10.Tests.dll
Symbol file LoadedFromMemory is not a mono symbol file
Symbol file data-00000203C4049010 doesn't match image C:\Users\rui02\unity_project\IVRC\IVRC\Library\ScriptAssemblies\Unity.RenderPipelines.Core.Editor.dll
Symbol file LoadedFromMemory is not a mono symbol file
Symbol file data-00000203EA905E00 doesn't match image C:\Users\rui02\unity_project\IVRC\IVRC\Library\ScriptAssemblies\Unity.VisualEffectGraph.Editor.dll
Symbol file LoadedFromMemory is not a mono symbol file
Symbol file data-00000203A1F7BF40 doesn't match image C:\Users\rui02\unity_project\IVRC\IVRC\Library\ScriptAssemblies\UnityEditor.TestRunner.dll
Symbol file LoadedFromMemory is not a mono symbol file
Symbol file data-00000203EA3319E0 doesn't match image C:\Users\rui02\unity_project\IVRC\IVRC\Library\ScriptAssemblies\Unity.VisualScripting.Flow.dll
Symbol file LoadedFromMemory is not a mono symbol file
Symbol file data-000002039B681D30 doesn't match image C:\Users\rui02\unity_project\IVRC\IVRC\Library\ScriptAssemblies\Unity.Mathematics.Editor.dll
Symbol file LoadedFromMemory is not a mono symbol file
Symbol file data-000002039B681D30 doesn't match image C:\Users\rui02\unity_project\IVRC\IVRC\Library\ScriptAssemblies\Unity.TestTools.CodeCoverage.Editor.OpenCover.Mono.Reflection.dll
Symbol file LoadedFromMemory is not a mono symbol file
Symbol file data-00000203A25C3590 doesn't match image C:\Users\rui02\unity_project\IVRC\IVRC\Library\ScriptAssemblies\VRMShaders.VRM10.MToon10.Editor.dll
Symbol file LoadedFromMemory is not a mono symbol file
Symbol file data-000002036B43B030 doesn't match image C:\Users\rui02\unity_project\IVRC\IVRC\Library\ScriptAssemblies\UniGLTF.Utils.dll
Symbol file LoadedFromMemory is not a mono symbol file
Symbol file data-000002039D3CCCA0 doesn't match image C:\Users\rui02\unity_project\IVRC\IVRC\Library\ScriptAssemblies\Unity.RenderPipelines.HighDefinition.Config.Runtime.dll
Symbol file LoadedFromMemory is not a mono symbol file
Symbol file data-00000203EDAB56C0 doesn't match image C:\Users\rui02\unity_project\IVRC\IVRC\Library\ScriptAssemblies\MToon.Editor.dll
Symbol file LoadedFromMemory is not a mono symbol file
Symbol file data-000002039A7BD020 doesn't match image C:\Users\rui02\unity_project\IVRC\IVRC\Library\ScriptAssemblies\Unity.Performance.Profile-Analyzer.Editor.dll
Symbol file LoadedFromMemory is not a mono symbol file
Symbol file data-00000203A205B330 doesn't match image C:\Users\rui02\unity_project\IVRC\IVRC\Library\ScriptAssemblies\Unity.RenderPipelines.Core.ShaderLibrary.dll
Symbol file LoadedFromMemory is not a mono symbol file
Symbol file data-00000203A0183830 doesn't match image C:\Users\rui02\unity_project\IVRC\IVRC\Library\ScriptAssemblies\Unity.XR.Management.Editor.dll
Symbol file LoadedFromMemory is not a mono symbol file
Symbol file data-000002039D3CCCA0 doesn't match image C:\Users\rui02\unity_project\IVRC\IVRC\Library\ScriptAssemblies\VRMShaders.VRM.IO.Runtime.dll
Symbol file LoadedFromMemory is not a mono symbol file
Symbol file data-00000203E481E040 doesn't match image C:\Users\rui02\unity_project\IVRC\IVRC\Library\ScriptAssemblies\Unity.TestTools.CodeCoverage.Editor.dll
Symbol file LoadedFromMemory is not a mono symbol file
Symbol file data-000002039B841020 doesn't match image C:\Users\rui02\unity_project\IVRC\IVRC\Library\ScriptAssemblies\VRM.dll
Symbol file LoadedFromMemory is not a mono symbol file
Symbol file data-000002036B43B030 doesn't match image C:\Users\rui02\unity_project\IVRC\IVRC\Library\ScriptAssemblies\VRMShaders.GLTF.UniUnlit.Editor.dll
Symbol file LoadedFromMemory is not a mono symbol file
Symbol file data-000002036B43B030 doesn't match image C:\Users\rui02\unity_project\IVRC\IVRC\Library\ScriptAssemblies\PPv2URPConverters.dll
Symbol file LoadedFromMemory is not a mono symbol file
Symbol file data-000002039ECD8020 doesn't match image C:\Users\rui02\unity_project\IVRC\IVRC\Library\ScriptAssemblies\Unity.XR.OpenVR.dll
Symbol file LoadedFromMemory is not a mono symbol file
Symbol file data-000002039D214040 doesn't match image C:\Users\rui02\unity_project\IVRC\IVRC\Library\ScriptAssemblies\Unity.Settings.Editor.dll
Symbol file LoadedFromMemory is not a mono symbol file
Symbol file data-000002039C1DC010 doesn't match image C:\Users\rui02\unity_project\IVRC\IVRC\Library\ScriptAssemblies\Unity.TextMeshPro.dll
Symbol file LoadedFromMemory is not a mono symbol file
Symbol file data-00000203C3CA60A0 doesn't match image C:\Users\rui02\unity_project\IVRC\IVRC\Library\ScriptAssemblies\VRMShaders.VRM10.Format.Runtime.dll
Symbol file LoadedFromMemory is not a mono symbol file
Symbol file data-00000203EBAED020 doesn't match image C:\Users\rui02\unity_project\IVRC\IVRC\Library\ScriptAssemblies\Unity.Burst.CodeGen.dll
Symbol file LoadedFromMemory is not a mono symbol file
Symbol file data-00000203A0114B80 doesn't match image C:\Users\rui02\unity_project\IVRC\IVRC\Library\ScriptAssemblies\Unity.VSCode.Editor.dll
Symbol file LoadedFromMemory is not a mono symbol file
Symbol file data-000002039F87C470 doesn't match image C:\Users\rui02\unity_project\IVRC\IVRC\Library\ScriptAssemblies\UniGLTF.Editor.dll
Symbol file LoadedFromMemory is not a mono symbol file
Symbol file data-000002036B168010 doesn't match image C:\Users\rui02\unity_project\IVRC\IVRC\Library\ScriptAssemblies\Unity.RenderPipelines.Universal.Editor.dll
Symbol file LoadedFromMemory is not a mono symbol file
Symbol file data-00000203ECCB8080 doesn't match image C:\Users\rui02\unity_project\IVRC\IVRC\Library\ScriptAssemblies\Unity.RenderPipelines.HighDefinition.Editor.dll
Symbol file LoadedFromMemory is not a mono symbol file
Symbol file data-000002036B059010 doesn't match image C:\Users\rui02\unity_project\IVRC\IVRC\Library\ScriptAssemblies\VRM.Samples.Editor.Tests.dll
Symbol file LoadedFromMemory is not a mono symbol file
Symbol file data-00000203A205B330 doesn't match image C:\Users\rui02\unity_project\IVRC\IVRC\Library\ScriptAssemblies\Unity.RenderPipelines.ShaderGraph.ShaderGraphLibrary.dll
Symbol file LoadedFromMemory is not a mono symbol file
Symbol file data-00000203A25C3590 doesn't match image C:\Users\rui02\unity_project\IVRC\IVRC\Library\ScriptAssemblies\Unity.EditorCoroutines.Editor.dll
Symbol file LoadedFromMemory is not a mono symbol file
Symbol file data-00000203A0114B80 doesn't match image C:\Users\rui02\unity_project\IVRC\IVRC\Library\ScriptAssemblies\FastSpringBone.dll
Symbol file LoadedFromMemory is not a mono symbol file
Symbol file data-00000203E7545D60 doesn't match image C:\Users\rui02\unity_project\IVRC\IVRC\Library\ScriptAssemblies\Unity.TerrainTools.Editor.dll
Symbol file LoadedFromMemory is not a mono symbol file
Symbol file data-000002039C060010 doesn't match image C:\Users\rui02\unity_project\IVRC\IVRC\Library\ScriptAssemblies\Unity.RenderPipelines.Universal.Runtime.dll
Symbol file LoadedFromMemory is not a mono symbol file
Symbol file data-00000203E5696040 doesn't match image C:\Users\rui02\unity_project\IVRC\IVRC\Library\ScriptAssemblies\MToon.dll
Symbol file LoadedFromMemory is not a mono symbol file
Symbol file data-000002036B205840 doesn't match image C:\Users\rui02\unity_project\IVRC\IVRC\Library\ScriptAssemblies\UniHumanoid.dll
Symbol file LoadedFromMemory is not a mono symbol file
Symbol file data-000002038D817010 doesn't match image C:\Users\rui02\unity_project\IVRC\IVRC\Library\ScriptAssemblies\Unity.Burst.dll
Symbol file LoadedFromMemory is not a mono symbol file
Symbol file data-000002039ADF0040 doesn't match image C:\Users\rui02\unity_project\IVRC\IVRC\Library\ScriptAssemblies\UnityEngine.XR.LegacyInputHelpers.dll
Symbol file LoadedFromMemory is not a mono symbol file
Symbol file data-00000203A1E78050 doesn't match image C:\Users\rui02\unity_project\IVRC\IVRC\Library\ScriptAssemblies\UniGLTF.Tests.dll
Symbol file LoadedFromMemory is not a mono symbol file
Symbol file data-00000203E6E349D0 doesn't match image C:\Users\rui02\unity_project\IVRC\IVRC\Library\ScriptAssemblies\VRMShaders.GLTF.IO.Runtime.dll
Symbol file LoadedFromMemory is not a mono symbol file
Symbol file data-00000203A01C0010 doesn't match image C:\Users\rui02\unity_project\IVRC\IVRC\Library\ScriptAssemblies\Unity.Timeline.Editor.dll
Symbol file LoadedFromMemory is not a mono symbol file
Symbol file data-00000203E5696040 doesn't match image C:\Users\rui02\unity_project\IVRC\IVRC\Library\ScriptAssemblies\Unity.VisualScripting.Shared.Editor.dll
Symbol file LoadedFromMemory is not a mono symbol file
Symbol file data-00000203C3CA60A0 doesn't match image C:\Users\rui02\unity_project\IVRC\IVRC\Library\ScriptAssemblies\Unity.TerrainTools.dll
Symbol file LoadedFromMemory is not a mono symbol file
Symbol file data-00000203ECA54370 doesn't match image C:\Users\rui02\unity_project\IVRC\IVRC\Library\ScriptAssemblies\Unity.PlasticSCM.Editor.dll
Symbol file LoadedFromMemory is not a mono symbol file
Symbol file data-000002036B43B030 doesn't match image C:\Users\rui02\unity_project\IVRC\IVRC\Library\ScriptAssemblies\Unity.CollabProxy.Editor.dll
Symbol file LoadedFromMemory is not a mono symbol file
Symbol file data-000002036B43B030 doesn't match image C:\Users\rui02\unity_project\IVRC\IVRC\Library\ScriptAssemblies\UnityEditor.SpatialTracking.dll
Symbol file LoadedFromMemory is not a mono symbol file
Symbol file data-00000203A294B110 doesn't match image C:\Users\rui02\unity_project\IVRC\IVRC\Library\ScriptAssemblies\UniVRM.Editor.dll
Symbol file LoadedFromMemory is not a mono symbol file
Symbol file data-00000203E4C46030 doesn't match image C:\Users\rui02\unity_project\IVRC\IVRC\Library\ScriptAssemblies\Unity.ShaderGraph.Editor.dll
Symbol file LoadedFromMemory is not a mono symbol file
Symbol file data-00000203A0183830 doesn't match image C:\Users\rui02\unity_project\IVRC\IVRC\Library\ScriptAssemblies\Unity.VisualStudio.Editor.dll
Symbol file LoadedFromMemory is not a mono symbol file
Symbol file data-00000203A0183830 doesn't match image C:\Users\rui02\unity_project\IVRC\IVRC\Library\ScriptAssemblies\UnityEditor.UI.dll
Symbol file LoadedFromMemory is not a mono symbol file
Symbol file data-000002038EE54050 doesn't match image C:\Users\rui02\unity_project\IVRC\IVRC\Library\ScriptAssemblies\Unity.VisualScripting.Core.dll
Symbol file LoadedFromMemory is not a mono symbol file
Symbol file data-00000203A0183830 doesn't match image C:\Users\rui02\unity_project\IVRC\IVRC\Library\ScriptAssemblies\SteamVR_Input_Editor.dll
Symbol file LoadedFromMemory is not a mono symbol file
Symbol file data-00000203E59D1380 doesn't match image C:\Users\rui02\unity_project\IVRC\IVRC\Library\ScriptAssemblies\Unity.VisualScripting.Core.Editor.dll
Symbol file LoadedFromMemory is not a mono symbol file
Symbol file data-00000203EDAB56C0 doesn't match image C:\Users\rui02\unity_project\IVRC\IVRC\Library\ScriptAssemblies\UnityEngine.SpatialTracking.dll
Symbol file LoadedFromMemory is not a mono symbol file
Symbol file data-00000203A0592D30 doesn't match image C:\Users\rui02\unity_project\IVRC\IVRC\Library\ScriptAssemblies\UnityEngine.UI.dll
Symbol file LoadedFromMemory is not a mono symbol file
Symbol file data-00000203A25C3590 doesn't match image C:\Users\rui02\unity_project\IVRC\IVRC\Library\ScriptAssemblies\VRMShaders.GLTF.IO.Tests.dll
Symbol file LoadedFromMemory is not a mono symbol file
Symbol file data-000002039CFD1270 doesn't match image C:\Users\rui02\unity_project\IVRC\IVRC\Library\ScriptAssemblies\UnityEditor.XR.LegacyInputHelpers.dll
Symbol file LoadedFromMemory is not a mono symbol file
Symbol file data-0000020398FF5040 doesn't match image C:\Users\rui02\unity_project\IVRC\IVRC\Library\ScriptAssemblies\SteamVR_Editor.dll
Symbol file LoadedFromMemory is not a mono symbol file
Symbol file data-00000203A25479D0 doesn't match image C:\Users\rui02\unity_project\IVRC\IVRC\Library\ScriptAssemblies\Unity.VisualScripting.Flow.Editor.dll
Symbol file LoadedFromMemory is not a mono symbol file
Symbol file data-000002039D3CCCA0 doesn't match image C:\Users\rui02\unity_project\IVRC\IVRC\Library\ScriptAssemblies\Unity.RenderPipeline.Universal.ShaderLibrary.dll
Symbol file LoadedFromMemory is not a mono symbol file
Symbol file data-00000203C39E1840 doesn't match image C:\Users\rui02\unity_project\IVRC\IVRC\Library\ScriptAssemblies\Unity.Timeline.dll
Symbol file LoadedFromMemory is not a mono symbol file
Symbol file data-00000203EAA4BF00 doesn't match image C:\Users\rui02\unity_project\IVRC\IVRC\Library\ScriptAssemblies\Unity.XR.OpenVR.Editor.dll
Symbol file LoadedFromMemory is not a mono symbol file
Symbol file data-000002039ADF0040 doesn't match image C:\Users\rui02\unity_project\IVRC\IVRC\Library\ScriptAssemblies\VRMShaders.VRM10.MToon10.Runtime.dll
Symbol file LoadedFromMemory is not a mono symbol file
Symbol file data-000002039B681D30 doesn't match image C:\Users\rui02\unity_project\IVRC\IVRC\Library\ScriptAssemblies\Unity.VisualScripting.SettingsProvider.Editor.dll
Symbol file LoadedFromMemory is not a mono symbol file
Symbol file data-00000203EC033050 doesn't match image C:\Users\rui02\unity_project\IVRC\IVRC\Library\ScriptAssemblies\Unity.TestTools.CodeCoverage.Editor.OpenCover.Model.dll
Symbol file LoadedFromMemory is not a mono symbol file
Symbol file data-000002039B390010 doesn't match image C:\Users\rui02\unity_project\IVRC\IVRC\Library\ScriptAssemblies\VRMShaders.GLTF.IO.Editor.dll
Symbol file LoadedFromMemory is not a mono symbol file
Symbol file data-00000203EC2BB7E0 doesn't match image C:\Users\rui02\unity_project\IVRC\IVRC\Library\ScriptAssemblies\UnityEngine.TestRunner.dll
Symbol file LoadedFromMemory is not a mono symbol file
Symbol file data-00000203A0183830 doesn't match image C:\Users\rui02\unity_project\IVRC\IVRC\Library\ScriptAssemblies\Unity.VisualScripting.State.Editor.dll
Symbol file LoadedFromMemory is not a mono symbol file
Symbol file data-000002039F619020 doesn't match image C:\Users\rui02\unity_project\IVRC\IVRC\Library\ScriptAssemblies\Unity.Mathematics.dll
Symbol file LoadedFromMemory is not a mono symbol file
Symbol file data-00000203A205B330 doesn't match image C:\Users\rui02\unity_project\IVRC\IVRC\Library\ScriptAssemblies\Unity.RenderPipelines.Universal.Shaders.dll
Symbol file LoadedFromMemory is not a mono symbol file
Symbol file data-00000203A1F4EED0 doesn't match image C:\Users\rui02\unity_project\IVRC\IVRC\Library\ScriptAssemblies\Unity.TextMeshPro.Editor.dll
Symbol file LoadedFromMemory is not a mono symbol file
Symbol file data-00000203E9D49480 doesn't match image C:\Users\rui02\unity_project\IVRC\IVRC\Library\ScriptAssemblies\Unity.Searcher.Editor.dll
Symbol file LoadedFromMemory is not a mono symbol file
Symbol file data-00000203E507B0C0 doesn't match image C:\Users\rui02\unity_project\IVRC\IVRC\Library\ScriptAssemblies\Unity.VisualScripting.State.dll
Symbol file LoadedFromMemory is not a mono symbol file
Symbol file data-000002039C8AD010 doesn't match image C:\Users\rui02\unity_project\IVRC\IVRC\Library\ScriptAssemblies\Unity.ShaderGraph.Utilities.dll
Symbol file LoadedFromMemory is not a mono symbol file
Symbol file data-00000203A2695050 doesn't match image C:\Users\rui02\unity_project\IVRC\IVRC\Library\ScriptAssemblies\Unity.RenderPipelines.HighDefinition.Runtime.dll
Symbol file LoadedFromMemory is not a mono symbol file
Symbol file data-00000203E545F060 doesn't match image C:\Users\rui02\unity_project\IVRC\IVRC\Library\ScriptAssemblies\VRM.Tests.dll
Symbol file LoadedFromMemory is not a mono symbol file
- Loaded All Assemblies, in  0.474 seconds
Refreshing native plugins compatible for Editor in 5.00 ms, found 6 plugins.
Native extension for WindowsStandalone target not found
Native extension for WebGL target not found
[Package Manager] Server::EnsureServerProcessIsRunning -- launch failed, reason: Unity was launched with the -noUpm command-line argument
[Package Manager] UpmClient::Send -- Unable to send message (not connected to UPM process).
[Package Manager] Cannot connect to Unity Package Manager local server
[Package Manager] Server::EnsureServerProcessIsRunning -- launch failed, reason: Unity was launched with the -noUpm command-line argument
[Package Manager] UpmClient::Send -- Unable to send message (not connected to UPM process).
[Package Manager] Cannot connect to Unity Package Manager local server
Mono: successfully reloaded assembly
[Package Manager] Server::EnsureServerProcessIsRunning -- launch failed, reason: Unity was launched with the -noUpm command-line argument
[Package Manager] UpmClient::Send -- Unable to send message (not connected to UPM process).
[Package Manager] Cannot connect to Unity Package Manager local server
- Finished resetting the current domain, in  1.226 seconds
Domain Reload Profiling: 1697ms
	BeginReloadAssembly (148ms)
		ExecutionOrderSort (0ms)
		DisableScriptedObjects (4ms)
		BackupInstance (0ms)
		ReleaseScriptingObjects (0ms)
		CreateAndSetChildDomain (44ms)
	RebuildCommonClasses (29ms)
	RebuildNativeTypeToScriptingClass (11ms)
	initialDomainReloadingComplete (25ms)
	LoadAllAssembliesAndSetupDomain (258ms)
		LoadAssemblies (304ms)
		RebuildTransferFunctionScriptingTraits (0ms)
		AnalyzeDomain (26ms)
			TypeCache.Refresh (8ms)
				TypeCache.ScanAssembly (0ms)
			ScanForSourceGeneratedMonoScriptInfo (0ms)
			ResolveRequiredComponents (15ms)
	FinalizeReload (1226ms)
		ReleaseScriptCaches (0ms)
		RebuildScriptCaches (0ms)
		SetupLoadedEditorAssemblies (534ms)
			LogAssemblyErrors (0ms)
			InitializePlatformSupportModulesInManaged (7ms)
			SetLoadedEditorAssemblies (4ms)
			RefreshPlugins (0ms)
			BeforeProcessingInitializeOnLoad (102ms)
			ProcessInitializeOnLoadAttributes (395ms)
			ProcessInitializeOnLoadMethodAttributes (22ms)
			AfterProcessingInitializeOnLoad (4ms)
			EditorAssembliesLoaded (0ms)
		ExecutionOrderSort2 (0ms)
		AwakeInstancesAfterBackupRestoration (5ms)
Refreshing native plugins compatible for Editor in 5.17 ms, found 6 plugins.
Preloading 0 native plugins for Editor in 0.00 ms.
Unloading 7867 Unused Serialized files (Serialized files now loaded: 0)
Unloading 200 unused Assets / (14.8 MB). Loaded Objects now: 8606.
Memory consumption went from 299.3 MB to 284.5 MB.
Total: 6.928800 ms (FindLiveObjects: 0.552300 ms CreateObjectMapping: 0.604400 ms MarkObjects: 3.397500 ms  DeleteObjects: 2.373600 ms)

Prepare: number of updated asset objects reloaded= 0
AssetImportParameters requested are different than current active one (requested -> active):
  custom:container-demuxer-ogg: 62fdf1f143b41e24485cea50d1cbac27 -> 
  custom:framework-win-MediaFoundation: 216162199b28c13a410421893ffa2e32 -> 
  custom:container-muxer-webm: aa71ff27fc2769a1b78a27578f13a17b -> 
  custom:video-decoder-webm-vp8: 9c59270c3fd7afecdb556c50c9e8de78 -> 
  custom:SearchIndexIgnoredProperties: e643bd26f0fe6173181afceb89e7c659 -> 
  custom:AudioImporter_EditorPlatform: d09bf68614088b80899f8185d706f6e7 -> 
  custom:audio-decoder-ogg-vorbis: bf7c407c2cedff20999df2af8eb42d56 -> 
  custom:audio-encoder-webm-vorbis: bf7c407c2cedff20999df2af8eb42d56 -> 
  custom:video-codec-MediaFoundation-h265: 746d11721c4dcdbdad8f713fa42b33f4 -> 
  custom:video-decoder-ogg-theora: a1e56fd34408186e4bbccfd4996cb3dc -> 
  custom:CustomObjectIndexerAttribute: a3ef5dd2817f97addfee359851a9dba5 -> 
  custom:container-demuxer-webm: 4f35f7cbe854078d1ac9338744f61a02 -> 
  custom:video-encoder-webm-vp8: eb34c28f22e8b96e1ab97ce403110664 -> 
========================================================================
Received Import Request.
  Time since last request: 338149.490407 seconds.
  path: Assets/TextMesh Pro/Resources/Fonts & Materials/LiberationSans SDF - Fallback.asset
  artifactKey: Guid(2e498d1c8094910479dc3e1b768306a4) Importer(815301076,1909f56bfc062723c751e8b465ee728b)
Start importing Assets/TextMesh Pro/Resources/Fonts & Materials/LiberationSans SDF - Fallback.asset using Guid(2e498d1c8094910479dc3e1b768306a4) Importer(815301076,1909f56bfc062723c751e8b465ee728b)  -> (artifact id: 'dc685769aca6f57e70cf2c68a0db1a46') in 0.172896 seconds
Number of updated asset objects reloaded before import = 0
Number of asset objects unloaded after import = 7
========================================================================
Received Prepare
Begin MonoManager ReloadAssembly
Symbol file data-00000203A00FEC50 doesn't match image C:\Users\rui02\unity_project\IVRC\IVRC\Library\ScriptAssemblies\UniHumanoid.Editor.dll
Symbol file LoadedFromMemory is not a mono symbol file
Symbol file data-000002039A50B550 doesn't match image C:\Users\rui02\unity_project\IVRC\IVRC\Library\ScriptAssemblies\Unity.XR.Management.dll
Symbol file LoadedFromMemory is not a mono symbol file
Symbol file data-00000203E47D7090 doesn't match image C:\Users\rui02\unity_project\IVRC\IVRC\Library\ScriptAssemblies\UniHumanoid.Editor.Tests.dll
Symbol file LoadedFromMemory is not a mono symbol file
Symbol file data-00000203E8129010 doesn't match image C:\Users\rui02\unity_project\IVRC\IVRC\Library\ScriptAssemblies\Unity.VisualEffectGraph.Runtime.dll
Symbol file LoadedFromMemory is not a mono symbol file
Symbol file data-00000203C3C59010 doesn't match image C:\Users\rui02\unity_project\IVRC\IVRC\Library\ScriptAssemblies\Unity.RenderPipelines.Core.Runtime.dll
Symbol file LoadedFromMemory is not a mono symbol file
Symbol file data-00000203ECD8B490 doesn't match image C:\Users\rui02\unity_project\IVRC\IVRC\Library\ScriptAssemblies\Unity.Burst.Editor.dll
Symbol file LoadedFromMemory is not a mono symbol file
Symbol file data-00000203E5B7BE10 doesn't match image C:\Users\rui02\unity_project\IVRC\IVRC\Library\ScriptAssemblies\SteamVR.dll
Symbol file LoadedFromMemory is not a mono symbol file
Symbol file data-00000203E480A330 doesn't match image C:\Users\rui02\unity_project\IVRC\IVRC\Library\ScriptAssemblies\VRMShaders.GLTF.UniUnlit.Runtime.dll
Symbol file LoadedFromMemory is not a mono symbol file
Symbol file data-00000203E47D7090 doesn't match image C:\Users\rui02\unity_project\IVRC\IVRC\Library\ScriptAssemblies\SteamVR_Windows_EditorHelper.dll
Symbol file LoadedFromMemory is not a mono symbol file
Symbol file data-000002038D16E010 doesn't match image C:\Users\rui02\unity_project\IVRC\IVRC\Library\ScriptAssemblies\UniGLTF.dll
Symbol file LoadedFromMemory is not a mono symbol file
Symbol file data-0000020399897D30 doesn't match image C:\Users\rui02\unity_project\IVRC\IVRC\Library\ScriptAssemblies\Unity.Rider.Editor.dll
Symbol file LoadedFromMemory is not a mono symbol file
Symbol file data-00000203EC793010 doesn't match image C:\Users\rui02\unity_project\IVRC\IVRC\Library\ScriptAssemblies\VRMShaders.VRM10.MToon10.Tests.dll
Symbol file LoadedFromMemory is not a mono symbol file
Symbol file data-00000203C4049010 doesn't match image C:\Users\rui02\unity_project\IVRC\IVRC\Library\ScriptAssemblies\Unity.RenderPipelines.Core.Editor.dll
Symbol file LoadedFromMemory is not a mono symbol file
Symbol file data-00000203A2883010 doesn't match image C:\Users\rui02\unity_project\IVRC\IVRC\Library\ScriptAssemblies\Unity.VisualEffectGraph.Editor.dll
Symbol file LoadedFromMemory is not a mono symbol file
Symbol file data-00000203A20BDCC0 doesn't match image C:\Users\rui02\unity_project\IVRC\IVRC\Library\ScriptAssemblies\UnityEditor.TestRunner.dll
Symbol file LoadedFromMemory is not a mono symbol file
Symbol file data-00000203A04D1040 doesn't match image C:\Users\rui02\unity_project\IVRC\IVRC\Library\ScriptAssemblies\Unity.VisualScripting.Flow.dll
Symbol file LoadedFromMemory is not a mono symbol file
Symbol file data-000002039B681D30 doesn't match image C:\Users\rui02\unity_project\IVRC\IVRC\Library\ScriptAssemblies\Unity.Mathematics.Editor.dll
Symbol file LoadedFromMemory is not a mono symbol file
Symbol file data-000002038DB9EA10 doesn't match image C:\Users\rui02\unity_project\IVRC\IVRC\Library\ScriptAssemblies\Unity.TestTools.CodeCoverage.Editor.OpenCover.Mono.Reflection.dll
Symbol file LoadedFromMemory is not a mono symbol file
Symbol file data-00000203EDB2EF70 doesn't match image C:\Users\rui02\unity_project\IVRC\IVRC\Library\ScriptAssemblies\VRMShaders.VRM10.MToon10.Editor.dll
Symbol file LoadedFromMemory is not a mono symbol file
Symbol file data-00000203E47D7090 doesn't match image C:\Users\rui02\unity_project\IVRC\IVRC\Library\ScriptAssemblies\UniGLTF.Utils.dll
Symbol file LoadedFromMemory is not a mono symbol file
Symbol file data-00000203E480A330 doesn't match image C:\Users\rui02\unity_project\IVRC\IVRC\Library\ScriptAssemblies\Unity.RenderPipelines.HighDefinition.Config.Runtime.dll
Symbol file LoadedFromMemory is not a mono symbol file
Symbol file data-00000203E8F08020 doesn't match image C:\Users\rui02\unity_project\IVRC\IVRC\Library\ScriptAssemblies\MToon.Editor.dll
Symbol file LoadedFromMemory is not a mono symbol file
Symbol file data-00000203EB812780 doesn't match image C:\Users\rui02\unity_project\IVRC\IVRC\Library\ScriptAssemblies\Unity.Performance.Profile-Analyzer.Editor.dll
Symbol file LoadedFromMemory is not a mono symbol file
Symbol file data-00000203A205B330 doesn't match image C:\Users\rui02\unity_project\IVRC\IVRC\Library\ScriptAssemblies\Unity.RenderPipelines.Core.ShaderLibrary.dll
Symbol file LoadedFromMemory is not a mono symbol file
Symbol file data-00000203A0183830 doesn't match image C:\Users\rui02\unity_project\IVRC\IVRC\Library\ScriptAssemblies\Unity.XR.Management.Editor.dll
Symbol file LoadedFromMemory is not a mono symbol file
Symbol file data-00000203E480A330 doesn't match image C:\Users\rui02\unity_project\IVRC\IVRC\Library\ScriptAssemblies\VRMShaders.VRM.IO.Runtime.dll
Symbol file LoadedFromMemory is not a mono symbol file
Symbol file data-00000203A1EABE10 doesn't match image C:\Users\rui02\unity_project\IVRC\IVRC\Library\ScriptAssemblies\Unity.TestTools.CodeCoverage.Editor.dll
Symbol file LoadedFromMemory is not a mono symbol file
Symbol file data-00000203EAA34480 doesn't match image C:\Users\rui02\unity_project\IVRC\IVRC\Library\ScriptAssemblies\VRM.dll
Symbol file LoadedFromMemory is not a mono symbol file
Symbol file data-00000203E47D7090 doesn't match image C:\Users\rui02\unity_project\IVRC\IVRC\Library\ScriptAssemblies\VRMShaders.GLTF.UniUnlit.Editor.dll
Symbol file LoadedFromMemory is not a mono symbol file
Symbol file data-00000203E47D7090 doesn't match image C:\Users\rui02\unity_project\IVRC\IVRC\Library\ScriptAssemblies\PPv2URPConverters.dll
Symbol file LoadedFromMemory is not a mono symbol file
Symbol file data-000002039ECD8020 doesn't match image C:\Users\rui02\unity_project\IVRC\IVRC\Library\ScriptAssemblies\Unity.XR.OpenVR.dll
Symbol file LoadedFromMemory is not a mono symbol file
Symbol file data-000002039D214040 doesn't match image C:\Users\rui02\unity_project\IVRC\IVRC\Library\ScriptAssemblies\Unity.Settings.Editor.dll
Symbol file LoadedFromMemory is not a mono symbol file
Symbol file data-000002039C1DC010 doesn't match image C:\Users\rui02\unity_project\IVRC\IVRC\Library\ScriptAssemblies\Unity.TextMeshPro.dll
Symbol file LoadedFromMemory is not a mono symbol file
Symbol file data-00000203A1D8BAF0 doesn't match image C:\Users\rui02\unity_project\IVRC\IVRC\Library\ScriptAssemblies\VRMShaders.VRM10.Format.Runtime.dll
Symbol file LoadedFromMemory is not a mono symbol file
Symbol file data-00000203EAF57030 doesn't match image C:\Users\rui02\unity_project\IVRC\IVRC\Library\ScriptAssemblies\Unity.Burst.CodeGen.dll
Symbol file LoadedFromMemory is not a mono symbol file
Symbol file data-00000203A0114B80 doesn't match image C:\Users\rui02\unity_project\IVRC\IVRC\Library\ScriptAssemblies\Unity.VSCode.Editor.dll
Symbol file LoadedFromMemory is not a mono symbol file
Symbol file data-00000203E48EE0B0 doesn't match image C:\Users\rui02\unity_project\IVRC\IVRC\Library\ScriptAssemblies\UniGLTF.Editor.dll
Symbol file LoadedFromMemory is not a mono symbol file
Symbol file data-000002036B168010 doesn't match image C:\Users\rui02\unity_project\IVRC\IVRC\Library\ScriptAssemblies\Unity.RenderPipelines.Universal.Editor.dll
Symbol file LoadedFromMemory is not a mono symbol file
Symbol file data-00000203E7256010 doesn't match image C:\Users\rui02\unity_project\IVRC\IVRC\Library\ScriptAssemblies\Unity.RenderPipelines.HighDefinition.Editor.dll
Symbol file LoadedFromMemory is not a mono symbol file
Symbol file data-00000203E8F08020 doesn't match image C:\Users\rui02\unity_project\IVRC\IVRC\Library\ScriptAssemblies\VRM.Samples.Editor.Tests.dll
Symbol file LoadedFromMemory is not a mono symbol file
Symbol file data-00000203A205B330 doesn't match image C:\Users\rui02\unity_project\IVRC\IVRC\Library\ScriptAssemblies\Unity.RenderPipelines.ShaderGraph.ShaderGraphLibrary.dll
Symbol file LoadedFromMemory is not a mono symbol file
Symbol file data-00000203EDB2EF70 doesn't match image C:\Users\rui02\unity_project\IVRC\IVRC\Library\ScriptAssemblies\Unity.EditorCoroutines.Editor.dll
Symbol file LoadedFromMemory is not a mono symbol file
Symbol file data-00000203A0114B80 doesn't match image C:\Users\rui02\unity_project\IVRC\IVRC\Library\ScriptAssemblies\FastSpringBone.dll
Symbol file LoadedFromMemory is not a mono symbol file
Symbol file data-000002038D817010 doesn't match image C:\Users\rui02\unity_project\IVRC\IVRC\Library\ScriptAssemblies\Unity.TerrainTools.Editor.dll
Symbol file LoadedFromMemory is not a mono symbol file
Symbol file data-00000203EAD29EC0 doesn't match image C:\Users\rui02\unity_project\IVRC\IVRC\Library\ScriptAssemblies\Unity.RenderPipelines.Universal.Runtime.dll
Symbol file LoadedFromMemory is not a mono symbol file
Symbol file data-00000203E8F08020 doesn't match image C:\Users\rui02\unity_project\IVRC\IVRC\Library\ScriptAssemblies\MToon.dll
Symbol file LoadedFromMemory is not a mono symbol file
Symbol file data-000002036B205840 doesn't match image C:\Users\rui02\unity_project\IVRC\IVRC\Library\ScriptAssemblies\UniHumanoid.dll
Symbol file LoadedFromMemory is not a mono symbol file
Symbol file data-000002038D817010 doesn't match image C:\Users\rui02\unity_project\IVRC\IVRC\Library\ScriptAssemblies\Unity.Burst.dll
Symbol file LoadedFromMemory is not a mono symbol file
Symbol file data-00000203E6390010 doesn't match image C:\Users\rui02\unity_project\IVRC\IVRC\Library\ScriptAssemblies\UnityEngine.XR.LegacyInputHelpers.dll
Symbol file LoadedFromMemory is not a mono symbol file
Symbol file data-00000203A1E78050 doesn't match image C:\Users\rui02\unity_project\IVRC\IVRC\Library\ScriptAssemblies\UniGLTF.Tests.dll
Symbol file LoadedFromMemory is not a mono symbol file
Symbol file data-000002039EA6CFF0 doesn't match image C:\Users\rui02\unity_project\IVRC\IVRC\Library\ScriptAssemblies\VRMShaders.GLTF.IO.Runtime.dll
Symbol file LoadedFromMemory is not a mono symbol file
Symbol file data-00000203E9D05020 doesn't match image C:\Users\rui02\unity_project\IVRC\IVRC\Library\ScriptAssemblies\Unity.Timeline.Editor.dll
Symbol file LoadedFromMemory is not a mono symbol file
Symbol file data-00000203E8F08020 doesn't match image C:\Users\rui02\unity_project\IVRC\IVRC\Library\ScriptAssemblies\Unity.VisualScripting.Shared.Editor.dll
Symbol file LoadedFromMemory is not a mono symbol file
Symbol file data-00000203A1D8BAF0 doesn't match image C:\Users\rui02\unity_project\IVRC\IVRC\Library\ScriptAssemblies\Unity.TerrainTools.dll
Symbol file LoadedFromMemory is not a mono symbol file
Symbol file data-00000203EA574010 doesn't match image C:\Users\rui02\unity_project\IVRC\IVRC\Library\ScriptAssemblies\Unity.PlasticSCM.Editor.dll
Symbol file LoadedFromMemory is not a mono symbol file
Symbol file data-00000203E47D7090 doesn't match image C:\Users\rui02\unity_project\IVRC\IVRC\Library\ScriptAssemblies\Unity.CollabProxy.Editor.dll
Symbol file LoadedFromMemory is not a mono symbol file
Symbol file data-00000203E47D7090 doesn't match image C:\Users\rui02\unity_project\IVRC\IVRC\Library\ScriptAssemblies\UnityEditor.SpatialTracking.dll
Symbol file LoadedFromMemory is not a mono symbol file
Symbol file data-00000203EC452030 doesn't match image C:\Users\rui02\unity_project\IVRC\IVRC\Library\ScriptAssemblies\UniVRM.Editor.dll
Symbol file LoadedFromMemory is not a mono symbol file
Symbol file data-00000203A1B427B0 doesn't match image C:\Users\rui02\unity_project\IVRC\IVRC\Library\ScriptAssemblies\Unity.ShaderGraph.Editor.dll
Symbol file LoadedFromMemory is not a mono symbol file
Symbol file data-00000203A0183830 doesn't match image C:\Users\rui02\unity_project\IVRC\IVRC\Library\ScriptAssemblies\Unity.VisualStudio.Editor.dll
Symbol file LoadedFromMemory is not a mono symbol file
Symbol file data-00000203E7565D70 doesn't match image C:\Users\rui02\unity_project\IVRC\IVRC\Library\ScriptAssemblies\UnityEditor.UI.dll
Symbol file LoadedFromMemory is not a mono symbol file
Symbol file data-0000020398D0C040 doesn't match image C:\Users\rui02\unity_project\IVRC\IVRC\Library\ScriptAssemblies\Unity.VisualScripting.Core.dll
Symbol file LoadedFromMemory is not a mono symbol file
Symbol file data-00000203EC776040 doesn't match image C:\Users\rui02\unity_project\IVRC\IVRC\Library\ScriptAssemblies\SteamVR_Input_Editor.dll
Symbol file LoadedFromMemory is not a mono symbol file
Symbol file data-000002038D275010 doesn't match image C:\Users\rui02\unity_project\IVRC\IVRC\Library\ScriptAssemblies\Unity.VisualScripting.Core.Editor.dll
Symbol file LoadedFromMemory is not a mono symbol file
Symbol file data-00000203E8F08020 doesn't match image C:\Users\rui02\unity_project\IVRC\IVRC\Library\ScriptAssemblies\UnityEngine.SpatialTracking.dll
Symbol file LoadedFromMemory is not a mono symbol file
Symbol file data-00000203A0592D30 doesn't match image C:\Users\rui02\unity_project\IVRC\IVRC\Library\ScriptAssemblies\UnityEngine.UI.dll
Symbol file LoadedFromMemory is not a mono symbol file
Symbol file data-00000203EDB2EF70 doesn't match image C:\Users\rui02\unity_project\IVRC\IVRC\Library\ScriptAssemblies\VRMShaders.GLTF.IO.Tests.dll
Symbol file LoadedFromMemory is not a mono symbol file
Symbol file data-000002039CFD1270 doesn't match image C:\Users\rui02\unity_project\IVRC\IVRC\Library\ScriptAssemblies\UnityEditor.XR.LegacyInputHelpers.dll
Symbol file LoadedFromMemory is not a mono symbol file
Symbol file data-00000203E6D03A90 doesn't match image C:\Users\rui02\unity_project\IVRC\IVRC\Library\ScriptAssemblies\SteamVR_Editor.dll
Symbol file LoadedFromMemory is not a mono symbol file
Symbol file data-00000203E5C3C7D0 doesn't match image C:\Users\rui02\unity_project\IVRC\IVRC\Library\ScriptAssemblies\Unity.VisualScripting.Flow.Editor.dll
Symbol file LoadedFromMemory is not a mono symbol file
Symbol file data-00000203E480A330 doesn't match image C:\Users\rui02\unity_project\IVRC\IVRC\Library\ScriptAssemblies\Unity.RenderPipeline.Universal.ShaderLibrary.dll
Symbol file LoadedFromMemory is not a mono symbol file
Symbol file data-00000203C39E1840 doesn't match image C:\Users\rui02\unity_project\IVRC\IVRC\Library\ScriptAssemblies\Unity.Timeline.dll
Symbol file LoadedFromMemory is not a mono symbol file
Symbol file data-0000020399927650 doesn't match image C:\Users\rui02\unity_project\IVRC\IVRC\Library\ScriptAssemblies\Unity.XR.OpenVR.Editor.dll
Symbol file LoadedFromMemory is not a mono symbol file
Symbol file data-00000203E6390010 doesn't match image C:\Users\rui02\unity_project\IVRC\IVRC\Library\ScriptAssemblies\VRMShaders.VRM10.MToon10.Runtime.dll
Symbol file LoadedFromMemory is not a mono symbol file
Symbol file data-000002039B681D30 doesn't match image C:\Users\rui02\unity_project\IVRC\IVRC\Library\ScriptAssemblies\Unity.VisualScripting.SettingsProvider.Editor.dll
Symbol file LoadedFromMemory is not a mono symbol file
Symbol file data-00000203E53B0010 doesn't match image C:\Users\rui02\unity_project\IVRC\IVRC\Library\ScriptAssemblies\Unity.TestTools.CodeCoverage.Editor.OpenCover.Model.dll
Symbol file LoadedFromMemory is not a mono symbol file
Symbol file data-00000203E5BF0010 doesn't match image C:\Users\rui02\unity_project\IVRC\IVRC\Library\ScriptAssemblies\VRMShaders.GLTF.IO.Editor.dll
Symbol file LoadedFromMemory is not a mono symbol file
Symbol file data-00000203E5721840 doesn't match image C:\Users\rui02\unity_project\IVRC\IVRC\Library\ScriptAssemblies\UnityEngine.TestRunner.dll
Symbol file LoadedFromMemory is not a mono symbol file
Symbol file data-00000203EA797B50 doesn't match image C:\Users\rui02\unity_project\IVRC\IVRC\Library\ScriptAssemblies\Unity.VisualScripting.State.Editor.dll
Symbol file LoadedFromMemory is not a mono symbol file
Symbol file data-00000203EAF67C00 doesn't match image C:\Users\rui02\unity_project\IVRC\IVRC\Library\ScriptAssemblies\Unity.Mathematics.dll
Symbol file LoadedFromMemory is not a mono symbol file
Symbol file data-00000203A205B330 doesn't match image C:\Users\rui02\unity_project\IVRC\IVRC\Library\ScriptAssemblies\Unity.RenderPipelines.Universal.Shaders.dll
Symbol file LoadedFromMemory is not a mono symbol file
Symbol file data-000002038CD50010 doesn't match image C:\Users\rui02\unity_project\IVRC\IVRC\Library\ScriptAssemblies\Unity.TextMeshPro.Editor.dll
Symbol file LoadedFromMemory is not a mono symbol file
Symbol file data-000002039F568050 doesn't match image C:\Users\rui02\unity_project\IVRC\IVRC\Library\ScriptAssemblies\Unity.Searcher.Editor.dll
Symbol file LoadedFromMemory is not a mono symbol file
Symbol file data-000002039FD93880 doesn't match image C:\Users\rui02\unity_project\IVRC\IVRC\Library\ScriptAssemblies\Unity.VisualScripting.State.dll
Symbol file LoadedFromMemory is not a mono symbol file
Symbol file data-00000203EDB2EF70 doesn't match image C:\Users\rui02\unity_project\IVRC\IVRC\Library\ScriptAssemblies\Unity.ShaderGraph.Utilities.dll
Symbol file LoadedFromMemory is not a mono symbol file
Symbol file data-00000203C41A3830 doesn't match image C:\Users\rui02\unity_project\IVRC\IVRC\Library\ScriptAssemblies\Unity.RenderPipelines.HighDefinition.Runtime.dll
Symbol file LoadedFromMemory is not a mono symbol file
Symbol file data-00000203C3A02810 doesn't match image C:\Users\rui02\unity_project\IVRC\IVRC\Library\ScriptAssemblies\VRM.Tests.dll
Symbol file LoadedFromMemory is not a mono symbol file
- Loaded All Assemblies, in  0.724 seconds
Refreshing native plugins compatible for Editor in 4.15 ms, found 6 plugins.
Native extension for WindowsStandalone target not found
Native extension for WebGL target not found
[Package Manager] Server::EnsureServerProcessIsRunning -- launch failed, reason: Unity was launched with the -noUpm command-line argument
[Package Manager] UpmClient::Send -- Unable to send message (not connected to UPM process).
[Package Manager] Cannot connect to Unity Package Manager local server
[Package Manager] Server::EnsureServerProcessIsRunning -- launch failed, reason: Unity was launched with the -noUpm command-line argument
[Package Manager] UpmClient::Send -- Unable to send message (not connected to UPM process).
[Package Manager] Cannot connect to Unity Package Manager local server
Mono: successfully reloaded assembly
[Package Manager] Server::EnsureServerProcessIsRunning -- launch failed, reason: Unity was launched with the -noUpm command-line argument
[Package Manager] UpmClient::Send -- Unable to send message (not connected to UPM process).
[Package Manager] Cannot connect to Unity Package Manager local server
- Finished resetting the current domain, in 20.492 seconds
Domain Reload Profiling: 21214ms
	BeginReloadAssembly (151ms)
		ExecutionOrderSort (0ms)
		DisableScriptedObjects (5ms)
		BackupInstance (0ms)
		ReleaseScriptingObjects (0ms)
		CreateAndSetChildDomain (43ms)
	RebuildCommonClasses (26ms)
	RebuildNativeTypeToScriptingClass (9ms)
	initialDomainReloadingComplete (25ms)
	LoadAllAssembliesAndSetupDomain (511ms)
		LoadAssemblies (557ms)
		RebuildTransferFunctionScriptingTraits (0ms)
		AnalyzeDomain (25ms)
			TypeCache.Refresh (8ms)
				TypeCache.ScanAssembly (0ms)
			ScanForSourceGeneratedMonoScriptInfo (0ms)
			ResolveRequiredComponents (16ms)
	FinalizeReload (20493ms)
		ReleaseScriptCaches (0ms)
		RebuildScriptCaches (0ms)
		SetupLoadedEditorAssemblies (609ms)
			LogAssemblyErrors (0ms)
			InitializePlatformSupportModulesInManaged (8ms)
			SetLoadedEditorAssemblies (5ms)
			RefreshPlugins (0ms)
			BeforeProcessingInitializeOnLoad (104ms)
			ProcessInitializeOnLoadAttributes (460ms)
			ProcessInitializeOnLoadMethodAttributes (27ms)
			AfterProcessingInitializeOnLoad (5ms)
			EditorAssembliesLoaded (0ms)
		ExecutionOrderSort2 (0ms)
		AwakeInstancesAfterBackupRestoration (6ms)
Refreshing native plugins compatible for Editor in 9.46 ms, found 6 plugins.
Preloading 0 native plugins for Editor in 0.00 ms.
Unloading 7879 Unused Serialized files (Serialized files now loaded: 0)
Unloading 212 unused Assets / (15.5 MB). Loaded Objects now: 8667.
Memory consumption went from 307.4 MB to 292.0 MB.
Total: 7.157300 ms (FindLiveObjects: 0.567300 ms CreateObjectMapping: 0.310200 ms MarkObjects: 3.556500 ms  DeleteObjects: 2.722500 ms)

Prepare: number of updated asset objects reloaded= 0
AssetImportParameters requested are different than current active one (requested -> active):
  custom:container-demuxer-ogg: 62fdf1f143b41e24485cea50d1cbac27 -> 
  custom:framework-win-MediaFoundation: 216162199b28c13a410421893ffa2e32 -> 
  custom:container-muxer-webm: aa71ff27fc2769a1b78a27578f13a17b -> 
  custom:video-decoder-webm-vp8: 9c59270c3fd7afecdb556c50c9e8de78 -> 
  custom:SearchIndexIgnoredProperties: e643bd26f0fe6173181afceb89e7c659 -> 
  custom:AudioImporter_EditorPlatform: d09bf68614088b80899f8185d706f6e7 -> 
  custom:audio-decoder-ogg-vorbis: bf7c407c2cedff20999df2af8eb42d56 -> 
  custom:audio-encoder-webm-vorbis: bf7c407c2cedff20999df2af8eb42d56 -> 
  custom:video-codec-MediaFoundation-h265: 746d11721c4dcdbdad8f713fa42b33f4 -> 
  custom:video-decoder-ogg-theora: a1e56fd34408186e4bbccfd4996cb3dc -> 
  custom:CustomObjectIndexerAttribute: a3ef5dd2817f97addfee359851a9dba5 -> 
  custom:container-demuxer-webm: 4f35f7cbe854078d1ac9338744f61a02 -> 
  custom:video-encoder-webm-vp8: eb34c28f22e8b96e1ab97ce403110664 -> 
========================================================================
Received Prepare
Begin MonoManager ReloadAssembly
Symbol file data-00000203A00FEC50 doesn't match image C:\Users\rui02\unity_project\IVRC\IVRC\Library\ScriptAssemblies\UniHumanoid.Editor.dll
Symbol file LoadedFromMemory is not a mono symbol file
Symbol file data-000002039CFD1270 doesn't match image C:\Users\rui02\unity_project\IVRC\IVRC\Library\ScriptAssemblies\Unity.XR.Management.dll
Symbol file LoadedFromMemory is not a mono symbol file
Symbol file data-000002039BA47020 doesn't match image C:\Users\rui02\unity_project\IVRC\IVRC\Library\ScriptAssemblies\UniHumanoid.Editor.Tests.dll
Symbol file LoadedFromMemory is not a mono symbol file
Symbol file data-00000203E8129010 doesn't match image C:\Users\rui02\unity_project\IVRC\IVRC\Library\ScriptAssemblies\Unity.VisualEffectGraph.Runtime.dll
Symbol file LoadedFromMemory is not a mono symbol file
Symbol file data-000002038D946020 doesn't match image C:\Users\rui02\unity_project\IVRC\IVRC\Library\ScriptAssemblies\Unity.RenderPipelines.Core.Runtime.dll
Symbol file LoadedFromMemory is not a mono symbol file
Symbol file data-000002036B25B010 doesn't match image C:\Users\rui02\unity_project\IVRC\IVRC\Library\ScriptAssemblies\Unity.Burst.Editor.dll
Symbol file LoadedFromMemory is not a mono symbol file
Symbol file data-00000203A24EE2F0 doesn't match image C:\Users\rui02\unity_project\IVRC\IVRC\Library\ScriptAssemblies\SteamVR.dll
Symbol file LoadedFromMemory is not a mono symbol file
Symbol file data-000002039BA47020 doesn't match image C:\Users\rui02\unity_project\IVRC\IVRC\Library\ScriptAssemblies\VRMShaders.GLTF.UniUnlit.Runtime.dll
Symbol file LoadedFromMemory is not a mono symbol file
Symbol file data-000002039BA47020 doesn't match image C:\Users\rui02\unity_project\IVRC\IVRC\Library\ScriptAssemblies\SteamVR_Windows_EditorHelper.dll
Symbol file LoadedFromMemory is not a mono symbol file
Symbol file data-000002038D16E010 doesn't match image C:\Users\rui02\unity_project\IVRC\IVRC\Library\ScriptAssemblies\UniGLTF.dll
Symbol file LoadedFromMemory is not a mono symbol file
Symbol file data-000002036B406030 doesn't match image C:\Users\rui02\unity_project\IVRC\IVRC\Library\ScriptAssemblies\Unity.Rider.Editor.dll
Symbol file LoadedFromMemory is not a mono symbol file
Symbol file data-000002039AFA1210 doesn't match image C:\Users\rui02\unity_project\IVRC\IVRC\Library\ScriptAssemblies\VRMShaders.VRM10.MToon10.Tests.dll
Symbol file LoadedFromMemory is not a mono symbol file
Symbol file data-00000203C4049010 doesn't match image C:\Users\rui02\unity_project\IVRC\IVRC\Library\ScriptAssemblies\Unity.RenderPipelines.Core.Editor.dll
Symbol file LoadedFromMemory is not a mono symbol file
Symbol file data-000002039A596010 doesn't match image C:\Users\rui02\unity_project\IVRC\IVRC\Library\ScriptAssemblies\Unity.VisualEffectGraph.Editor.dll
Symbol file LoadedFromMemory is not a mono symbol file
Symbol file data-000002039F8B2CB0 doesn't match image C:\Users\rui02\unity_project\IVRC\IVRC\Library\ScriptAssemblies\UnityEditor.TestRunner.dll
Symbol file LoadedFromMemory is not a mono symbol file
Symbol file data-00000203EB801010 doesn't match image C:\Users\rui02\unity_project\IVRC\IVRC\Library\ScriptAssemblies\Unity.VisualScripting.Flow.dll
Symbol file LoadedFromMemory is not a mono symbol file
Symbol file data-000002039CFD1270 doesn't match image C:\Users\rui02\unity_project\IVRC\IVRC\Library\ScriptAssemblies\Unity.Mathematics.Editor.dll
Symbol file LoadedFromMemory is not a mono symbol file
Symbol file data-000002039CFD1270 doesn't match image C:\Users\rui02\unity_project\IVRC\IVRC\Library\ScriptAssemblies\Unity.TestTools.CodeCoverage.Editor.OpenCover.Mono.Reflection.dll
Symbol file LoadedFromMemory is not a mono symbol file
Symbol file data-00000203E8F08020 doesn't match image C:\Users\rui02\unity_project\IVRC\IVRC\Library\ScriptAssemblies\VRMShaders.VRM10.MToon10.Editor.dll
Symbol file LoadedFromMemory is not a mono symbol file
Symbol file data-000002039BA47020 doesn't match image C:\Users\rui02\unity_project\IVRC\IVRC\Library\ScriptAssemblies\UniGLTF.Utils.dll
Symbol file LoadedFromMemory is not a mono symbol file
Symbol file data-000002039BA47020 doesn't match image C:\Users\rui02\unity_project\IVRC\IVRC\Library\ScriptAssemblies\Unity.RenderPipelines.HighDefinition.Config.Runtime.dll
Symbol file LoadedFromMemory is not a mono symbol file
Symbol file data-00000203E8F08020 doesn't match image C:\Users\rui02\unity_project\IVRC\IVRC\Library\ScriptAssemblies\MToon.Editor.dll
Symbol file LoadedFromMemory is not a mono symbol file
Symbol file data-00000203EC38E030 doesn't match image C:\Users\rui02\unity_project\IVRC\IVRC\Library\ScriptAssemblies\Unity.Performance.Profile-Analyzer.Editor.dll
Symbol file LoadedFromMemory is not a mono symbol file
Symbol file data-000002039AFA1210 doesn't match image C:\Users\rui02\unity_project\IVRC\IVRC\Library\ScriptAssemblies\Unity.RenderPipelines.Core.ShaderLibrary.dll
Symbol file LoadedFromMemory is not a mono symbol file
Symbol file data-00000203A0183830 doesn't match image C:\Users\rui02\unity_project\IVRC\IVRC\Library\ScriptAssemblies\Unity.XR.Management.Editor.dll
Symbol file LoadedFromMemory is not a mono symbol file
Symbol file data-000002039BA47020 doesn't match image C:\Users\rui02\unity_project\IVRC\IVRC\Library\ScriptAssemblies\VRMShaders.VRM.IO.Runtime.dll
Symbol file LoadedFromMemory is not a mono symbol file
Symbol file data-00000203E57920F0 doesn't match image C:\Users\rui02\unity_project\IVRC\IVRC\Library\ScriptAssemblies\Unity.TestTools.CodeCoverage.Editor.dll
Symbol file LoadedFromMemory is not a mono symbol file
Symbol file data-000002039B841020 doesn't match image C:\Users\rui02\unity_project\IVRC\IVRC\Library\ScriptAssemblies\VRM.dll
Symbol file LoadedFromMemory is not a mono symbol file
Symbol file data-000002039BA47020 doesn't match image C:\Users\rui02\unity_project\IVRC\IVRC\Library\ScriptAssemblies\VRMShaders.GLTF.UniUnlit.Editor.dll
Symbol file LoadedFromMemory is not a mono symbol file
Symbol file data-000002039BA47020 doesn't match image C:\Users\rui02\unity_project\IVRC\IVRC\Library\ScriptAssemblies\PPv2URPConverters.dll
Symbol file LoadedFromMemory is not a mono symbol file
Symbol file data-000002039ECD8020 doesn't match image C:\Users\rui02\unity_project\IVRC\IVRC\Library\ScriptAssemblies\Unity.XR.OpenVR.dll
Symbol file LoadedFromMemory is not a mono symbol file
Symbol file data-000002039EA6CFF0 doesn't match image C:\Users\rui02\unity_project\IVRC\IVRC\Library\ScriptAssemblies\Unity.Settings.Editor.dll
Symbol file LoadedFromMemory is not a mono symbol file
Symbol file data-000002038D817010 doesn't match image C:\Users\rui02\unity_project\IVRC\IVRC\Library\ScriptAssemblies\Unity.TextMeshPro.dll
Symbol file LoadedFromMemory is not a mono symbol file
Symbol file data-000002039AFA1210 doesn't match image C:\Users\rui02\unity_project\IVRC\IVRC\Library\ScriptAssemblies\VRMShaders.VRM10.Format.Runtime.dll
Symbol file LoadedFromMemory is not a mono symbol file
Symbol file data-00000203A189FAC0 doesn't match image C:\Users\rui02\unity_project\IVRC\IVRC\Library\ScriptAssemblies\Unity.Burst.CodeGen.dll
Symbol file LoadedFromMemory is not a mono symbol file
Symbol file data-00000203A0114B80 doesn't match image C:\Users\rui02\unity_project\IVRC\IVRC\Library\ScriptAssemblies\Unity.VSCode.Editor.dll
Symbol file LoadedFromMemory is not a mono symbol file
Symbol file data-000002039B6F6020 doesn't match image C:\Users\rui02\unity_project\IVRC\IVRC\Library\ScriptAssemblies\UniGLTF.Editor.dll
Symbol file LoadedFromMemory is not a mono symbol file
Symbol file data-00000203ECA54370 doesn't match image C:\Users\rui02\unity_project\IVRC\IVRC\Library\ScriptAssemblies\Unity.RenderPipelines.Universal.Editor.dll
Symbol file LoadedFromMemory is not a mono symbol file
Symbol file data-00000203EB311B40 doesn't match image C:\Users\rui02\unity_project\IVRC\IVRC\Library\ScriptAssemblies\Unity.RenderPipelines.HighDefinition.Editor.dll
Symbol file LoadedFromMemory is not a mono symbol file
Symbol file data-00000203E8F08020 doesn't match image C:\Users\rui02\unity_project\IVRC\IVRC\Library\ScriptAssemblies\VRM.Samples.Editor.Tests.dll
Symbol file LoadedFromMemory is not a mono symbol file
Symbol file data-000002039AFA1210 doesn't match image C:\Users\rui02\unity_project\IVRC\IVRC\Library\ScriptAssemblies\Unity.RenderPipelines.ShaderGraph.ShaderGraphLibrary.dll
Symbol file LoadedFromMemory is not a mono symbol file
Symbol file data-00000203E8F08020 doesn't match image C:\Users\rui02\unity_project\IVRC\IVRC\Library\ScriptAssemblies\Unity.EditorCoroutines.Editor.dll
Symbol file LoadedFromMemory is not a mono symbol file
Symbol file data-00000203A0114B80 doesn't match image C:\Users\rui02\unity_project\IVRC\IVRC\Library\ScriptAssemblies\FastSpringBone.dll
Symbol file LoadedFromMemory is not a mono symbol file
Symbol file data-000002038D817010 doesn't match image C:\Users\rui02\unity_project\IVRC\IVRC\Library\ScriptAssemblies\Unity.TerrainTools.Editor.dll
Symbol file LoadedFromMemory is not a mono symbol file
Symbol file data-00000203EAD29EC0 doesn't match image C:\Users\rui02\unity_project\IVRC\IVRC\Library\ScriptAssemblies\Unity.RenderPipelines.Universal.Runtime.dll
Symbol file LoadedFromMemory is not a mono symbol file
Symbol file data-000002039CFD1270 doesn't match image C:\Users\rui02\unity_project\IVRC\IVRC\Library\ScriptAssemblies\MToon.dll
Symbol file LoadedFromMemory is not a mono symbol file
Symbol file data-000002036B205840 doesn't match image C:\Users\rui02\unity_project\IVRC\IVRC\Library\ScriptAssemblies\UniHumanoid.dll
Symbol file LoadedFromMemory is not a mono symbol file
Symbol file data-000002038D817010 doesn't match image C:\Users\rui02\unity_project\IVRC\IVRC\Library\ScriptAssemblies\Unity.Burst.dll
Symbol file LoadedFromMemory is not a mono symbol file
Symbol file data-00000203EC77B5D0 doesn't match image C:\Users\rui02\unity_project\IVRC\IVRC\Library\ScriptAssemblies\UnityEngine.XR.LegacyInputHelpers.dll
Symbol file LoadedFromMemory is not a mono symbol file
Symbol file data-000002036B205840 doesn't match image C:\Users\rui02\unity_project\IVRC\IVRC\Library\ScriptAssemblies\UniGLTF.Tests.dll
Symbol file LoadedFromMemory is not a mono symbol file
Symbol file data-000002039EA6CFF0 doesn't match image C:\Users\rui02\unity_project\IVRC\IVRC\Library\ScriptAssemblies\VRMShaders.GLTF.IO.Runtime.dll
Symbol file LoadedFromMemory is not a mono symbol file
Symbol file data-00000203A01C0010 doesn't match image C:\Users\rui02\unity_project\IVRC\IVRC\Library\ScriptAssemblies\Unity.Timeline.Editor.dll
Symbol file LoadedFromMemory is not a mono symbol file
Symbol file data-000002039CFD1270 doesn't match image C:\Users\rui02\unity_project\IVRC\IVRC\Library\ScriptAssemblies\Unity.VisualScripting.Shared.Editor.dll
Symbol file LoadedFromMemory is not a mono symbol file
Symbol file data-000002039AFA1210 doesn't match image C:\Users\rui02\unity_project\IVRC\IVRC\Library\ScriptAssemblies\Unity.TerrainTools.dll
Symbol file LoadedFromMemory is not a mono symbol file
Symbol file data-00000203EA574010 doesn't match image C:\Users\rui02\unity_project\IVRC\IVRC\Library\ScriptAssemblies\Unity.PlasticSCM.Editor.dll
Symbol file LoadedFromMemory is not a mono symbol file
Symbol file data-000002039BA47020 doesn't match image C:\Users\rui02\unity_project\IVRC\IVRC\Library\ScriptAssemblies\Unity.CollabProxy.Editor.dll
Symbol file LoadedFromMemory is not a mono symbol file
Symbol file data-000002039BA47020 doesn't match image C:\Users\rui02\unity_project\IVRC\IVRC\Library\ScriptAssemblies\UnityEditor.SpatialTracking.dll
Symbol file LoadedFromMemory is not a mono symbol file
Symbol file data-00000203EC452030 doesn't match image C:\Users\rui02\unity_project\IVRC\IVRC\Library\ScriptAssemblies\UniVRM.Editor.dll
Symbol file LoadedFromMemory is not a mono symbol file
Symbol file data-00000203A1B427B0 doesn't match image C:\Users\rui02\unity_project\IVRC\IVRC\Library\ScriptAssemblies\Unity.ShaderGraph.Editor.dll
Symbol file LoadedFromMemory is not a mono symbol file
Symbol file data-00000203A0EFF040 doesn't match image C:\Users\rui02\unity_project\IVRC\IVRC\Library\ScriptAssemblies\Unity.VisualStudio.Editor.dll
Symbol file LoadedFromMemory is not a mono symbol file
Symbol file data-00000203A0EFF040 doesn't match image C:\Users\rui02\unity_project\IVRC\IVRC\Library\ScriptAssemblies\UnityEditor.UI.dll
Symbol file LoadedFromMemory is not a mono symbol file
Symbol file data-0000020398D0C040 doesn't match image C:\Users\rui02\unity_project\IVRC\IVRC\Library\ScriptAssemblies\Unity.VisualScripting.Core.dll
Symbol file LoadedFromMemory is not a mono symbol file
Symbol file data-00000203A0EFF040 doesn't match image C:\Users\rui02\unity_project\IVRC\IVRC\Library\ScriptAssemblies\SteamVR_Input_Editor.dll
Symbol file LoadedFromMemory is not a mono symbol file
Symbol file data-00000203EB311B40 doesn't match image C:\Users\rui02\unity_project\IVRC\IVRC\Library\ScriptAssemblies\Unity.VisualScripting.Core.Editor.dll
Symbol file LoadedFromMemory is not a mono symbol file
Symbol file data-000002039CFD1270 doesn't match image C:\Users\rui02\unity_project\IVRC\IVRC\Library\ScriptAssemblies\UnityEngine.SpatialTracking.dll
Symbol file LoadedFromMemory is not a mono symbol file
Symbol file data-000002038DA3E010 doesn't match image C:\Users\rui02\unity_project\IVRC\IVRC\Library\ScriptAssemblies\UnityEngine.UI.dll
Symbol file LoadedFromMemory is not a mono symbol file
Symbol file data-000002039CFD1270 doesn't match image C:\Users\rui02\unity_project\IVRC\IVRC\Library\ScriptAssemblies\VRMShaders.GLTF.IO.Tests.dll
Symbol file LoadedFromMemory is not a mono symbol file
Symbol file data-000002039CFD1270 doesn't match image C:\Users\rui02\unity_project\IVRC\IVRC\Library\ScriptAssemblies\UnityEditor.XR.LegacyInputHelpers.dll
Symbol file LoadedFromMemory is not a mono symbol file
Symbol file data-00000203EC8F5010 doesn't match image C:\Users\rui02\unity_project\IVRC\IVRC\Library\ScriptAssemblies\SteamVR_Editor.dll
Symbol file LoadedFromMemory is not a mono symbol file
Symbol file data-000002036B566030 doesn't match image C:\Users\rui02\unity_project\IVRC\IVRC\Library\ScriptAssemblies\Unity.VisualScripting.Flow.Editor.dll
Symbol file LoadedFromMemory is not a mono symbol file
Symbol file data-000002039BA47020 doesn't match image C:\Users\rui02\unity_project\IVRC\IVRC\Library\ScriptAssemblies\Unity.RenderPipeline.Universal.ShaderLibrary.dll
Symbol file LoadedFromMemory is not a mono symbol file
Symbol file data-00000203C39E1840 doesn't match image C:\Users\rui02\unity_project\IVRC\IVRC\Library\ScriptAssemblies\Unity.Timeline.dll
Symbol file LoadedFromMemory is not a mono symbol file
Symbol file data-000002039CFD1270 doesn't match image C:\Users\rui02\unity_project\IVRC\IVRC\Library\ScriptAssemblies\Unity.XR.OpenVR.Editor.dll
Symbol file LoadedFromMemory is not a mono symbol file
Symbol file data-00000203EC77B5D0 doesn't match image C:\Users\rui02\unity_project\IVRC\IVRC\Library\ScriptAssemblies\VRMShaders.VRM10.MToon10.Runtime.dll
Symbol file LoadedFromMemory is not a mono symbol file
Symbol file data-00000203A0027B80 doesn't match image C:\Users\rui02\unity_project\IVRC\IVRC\Library\ScriptAssemblies\Unity.VisualScripting.SettingsProvider.Editor.dll
Symbol file LoadedFromMemory is not a mono symbol file
Symbol file data-00000203EC8F5010 doesn't match image C:\Users\rui02\unity_project\IVRC\IVRC\Library\ScriptAssemblies\Unity.TestTools.CodeCoverage.Editor.OpenCover.Model.dll
Symbol file LoadedFromMemory is not a mono symbol file
Symbol file data-00000203A0027B80 doesn't match image C:\Users\rui02\unity_project\IVRC\IVRC\Library\ScriptAssemblies\VRMShaders.GLTF.IO.Editor.dll
Symbol file LoadedFromMemory is not a mono symbol file
Symbol file data-000002036B643040 doesn't match image C:\Users\rui02\unity_project\IVRC\IVRC\Library\ScriptAssemblies\UnityEngine.TestRunner.dll
Symbol file LoadedFromMemory is not a mono symbol file
Symbol file data-00000203A0EFF040 doesn't match image C:\Users\rui02\unity_project\IVRC\IVRC\Library\ScriptAssemblies\Unity.VisualScripting.State.Editor.dll
Symbol file LoadedFromMemory is not a mono symbol file
Symbol file data-00000203EAF67C00 doesn't match image C:\Users\rui02\unity_project\IVRC\IVRC\Library\ScriptAssemblies\Unity.Mathematics.dll
Symbol file LoadedFromMemory is not a mono symbol file
Symbol file data-000002039AFA1210 doesn't match image C:\Users\rui02\unity_project\IVRC\IVRC\Library\ScriptAssemblies\Unity.RenderPipelines.Universal.Shaders.dll
Symbol file LoadedFromMemory is not a mono symbol file
Symbol file data-0000020399911040 doesn't match image C:\Users\rui02\unity_project\IVRC\IVRC\Library\ScriptAssemblies\Unity.TextMeshPro.Editor.dll
Symbol file LoadedFromMemory is not a mono symbol file
Symbol file data-000002039B2D3010 doesn't match image C:\Users\rui02\unity_project\IVRC\IVRC\Library\ScriptAssemblies\Unity.Searcher.Editor.dll
Symbol file LoadedFromMemory is not a mono symbol file
Symbol file data-000002039FC38010 doesn't match image C:\Users\rui02\unity_project\IVRC\IVRC\Library\ScriptAssemblies\Unity.VisualScripting.State.dll
Symbol file LoadedFromMemory is not a mono symbol file
Symbol file data-00000203E47D7090 doesn't match image C:\Users\rui02\unity_project\IVRC\IVRC\Library\ScriptAssemblies\Unity.ShaderGraph.Utilities.dll
Symbol file LoadedFromMemory is not a mono symbol file
Symbol file data-00000203A1B427B0 doesn't match image C:\Users\rui02\unity_project\IVRC\IVRC\Library\ScriptAssemblies\Unity.RenderPipelines.HighDefinition.Runtime.dll
Symbol file LoadedFromMemory is not a mono symbol file
Symbol file data-00000203EC8F5010 doesn't match image C:\Users\rui02\unity_project\IVRC\IVRC\Library\ScriptAssemblies\VRM.Tests.dll
Symbol file LoadedFromMemory is not a mono symbol file
- Loaded All Assemblies, in  3.008 seconds
Refreshing native plugins compatible for Editor in 4.46 ms, found 6 plugins.
Native extension for WindowsStandalone target not found
Native extension for WebGL target not found
[Package Manager] Server::EnsureServerProcessIsRunning -- launch failed, reason: Unity was launched with the -noUpm command-line argument
[Package Manager] UpmClient::Send -- Unable to send message (not connected to UPM process).
[Package Manager] Cannot connect to Unity Package Manager local server
[Package Manager] Server::EnsureServerProcessIsRunning -- launch failed, reason: Unity was launched with the -noUpm command-line argument
[Package Manager] UpmClient::Send -- Unable to send message (not connected to UPM process).
[Package Manager] Cannot connect to Unity Package Manager local server
Mono: successfully reloaded assembly
[Package Manager] Server::EnsureServerProcessIsRunning -- launch failed, reason: Unity was launched with the -noUpm command-line argument
[Package Manager] UpmClient::Send -- Unable to send message (not connected to UPM process).
[Package Manager] Cannot connect to Unity Package Manager local server
- Finished resetting the current domain, in 22.296 seconds
Domain Reload Profiling: 25301ms
	BeginReloadAssembly (133ms)
		ExecutionOrderSort (0ms)
		DisableScriptedObjects (3ms)
		BackupInstance (0ms)
		ReleaseScriptingObjects (0ms)
		CreateAndSetChildDomain (35ms)
	RebuildCommonClasses (142ms)
	RebuildNativeTypeToScriptingClass (10ms)
	initialDomainReloadingComplete (24ms)
	LoadAllAssembliesAndSetupDomain (2696ms)
		LoadAssemblies (2737ms)
		RebuildTransferFunctionScriptingTraits (0ms)
		AnalyzeDomain (25ms)
			TypeCache.Refresh (8ms)
				TypeCache.ScanAssembly (0ms)
			ScanForSourceGeneratedMonoScriptInfo (0ms)
			ResolveRequiredComponents (14ms)
	FinalizeReload (22297ms)
		ReleaseScriptCaches (0ms)
		RebuildScriptCaches (0ms)
		SetupLoadedEditorAssemblies (603ms)
			LogAssemblyErrors (0ms)
			InitializePlatformSupportModulesInManaged (7ms)
			SetLoadedEditorAssemblies (7ms)
			RefreshPlugins (0ms)
			BeforeProcessingInitializeOnLoad (103ms)
			ProcessInitializeOnLoadAttributes (451ms)
			ProcessInitializeOnLoadMethodAttributes (30ms)
			AfterProcessingInitializeOnLoad (6ms)
			EditorAssembliesLoaded (0ms)
		ExecutionOrderSort2 (0ms)
		AwakeInstancesAfterBackupRestoration (5ms)
Refreshing native plugins compatible for Editor in 5.51 ms, found 6 plugins.
Preloading 0 native plugins for Editor in 0.00 ms.
Unloading 7879 Unused Serialized files (Serialized files now loaded: 0)
Unloading 212 unused Assets / (15.5 MB). Loaded Objects now: 8683.
Memory consumption went from 307.5 MB to 292.0 MB.
Total: 6.905300 ms (FindLiveObjects: 0.481800 ms CreateObjectMapping: 0.482800 ms MarkObjects: 2.810700 ms  DeleteObjects: 3.129000 ms)

Prepare: number of updated asset objects reloaded= 0
AssetImportParameters requested are different than current active one (requested -> active):
  custom:container-demuxer-ogg: 62fdf1f143b41e24485cea50d1cbac27 -> 
  custom:framework-win-MediaFoundation: 216162199b28c13a410421893ffa2e32 -> 
  custom:container-muxer-webm: aa71ff27fc2769a1b78a27578f13a17b -> 
  custom:video-decoder-webm-vp8: 9c59270c3fd7afecdb556c50c9e8de78 -> 
  custom:SearchIndexIgnoredProperties: e643bd26f0fe6173181afceb89e7c659 -> 
  custom:AudioImporter_EditorPlatform: d09bf68614088b80899f8185d706f6e7 -> 
  custom:audio-decoder-ogg-vorbis: bf7c407c2cedff20999df2af8eb42d56 -> 
  custom:audio-encoder-webm-vorbis: bf7c407c2cedff20999df2af8eb42d56 -> 
  custom:video-codec-MediaFoundation-h265: 746d11721c4dcdbdad8f713fa42b33f4 -> 
  custom:video-decoder-ogg-theora: a1e56fd34408186e4bbccfd4996cb3dc -> 
  custom:CustomObjectIndexerAttribute: a3ef5dd2817f97addfee359851a9dba5 -> 
  custom:container-demuxer-webm: 4f35f7cbe854078d1ac9338744f61a02 -> 
  custom:video-encoder-webm-vp8: eb34c28f22e8b96e1ab97ce403110664 -> 
========================================================================
Received Prepare
Begin MonoManager ReloadAssembly
Symbol file data-000002038E675E00 doesn't match image C:\Users\rui02\unity_project\IVRC\IVRC\Library\ScriptAssemblies\UniHumanoid.Editor.dll
Symbol file LoadedFromMemory is not a mono symbol file
Symbol file data-00000203A0248CE0 doesn't match image C:\Users\rui02\unity_project\IVRC\IVRC\Library\ScriptAssemblies\Unity.XR.Management.dll
Symbol file LoadedFromMemory is not a mono symbol file
Symbol file data-00000203A18AD210 doesn't match image C:\Users\rui02\unity_project\IVRC\IVRC\Library\ScriptAssemblies\UniHumanoid.Editor.Tests.dll
Symbol file LoadedFromMemory is not a mono symbol file
Symbol file data-000002036AF35060 doesn't match image C:\Users\rui02\unity_project\IVRC\IVRC\Library\ScriptAssemblies\Unity.VisualEffectGraph.Runtime.dll
Symbol file LoadedFromMemory is not a mono symbol file
Symbol file data-000002038D946020 doesn't match image C:\Users\rui02\unity_project\IVRC\IVRC\Library\ScriptAssemblies\Unity.RenderPipelines.Core.Runtime.dll
Symbol file LoadedFromMemory is not a mono symbol file
Symbol file data-00000203E60EEC50 doesn't match image C:\Users\rui02\unity_project\IVRC\IVRC\Library\ScriptAssemblies\Unity.Burst.Editor.dll
Symbol file LoadedFromMemory is not a mono symbol file
Symbol file data-00000203EC0FF020 doesn't match image C:\Users\rui02\unity_project\IVRC\IVRC\Library\ScriptAssemblies\SteamVR.dll
Symbol file LoadedFromMemory is not a mono symbol file
Symbol file data-000002039B11B4E0 doesn't match image C:\Users\rui02\unity_project\IVRC\IVRC\Library\ScriptAssemblies\VRMShaders.GLTF.UniUnlit.Runtime.dll
Symbol file LoadedFromMemory is not a mono symbol file
Symbol file data-00000203A18AD210 doesn't match image C:\Users\rui02\unity_project\IVRC\IVRC\Library\ScriptAssemblies\SteamVR_Windows_EditorHelper.dll
Symbol file LoadedFromMemory is not a mono symbol file
Symbol file data-000002039D3ED000 doesn't match image C:\Users\rui02\unity_project\IVRC\IVRC\Library\ScriptAssemblies\UniGLTF.dll
Symbol file LoadedFromMemory is not a mono symbol file
Symbol file data-00000203A018F9C0 doesn't match image C:\Users\rui02\unity_project\IVRC\IVRC\Library\ScriptAssemblies\Unity.Rider.Editor.dll
Symbol file LoadedFromMemory is not a mono symbol file
Symbol file data-000002039ED8F030 doesn't match image C:\Users\rui02\unity_project\IVRC\IVRC\Library\ScriptAssemblies\VRMShaders.VRM10.MToon10.Tests.dll
Symbol file LoadedFromMemory is not a mono symbol file
Symbol file data-00000203C4049010 doesn't match image C:\Users\rui02\unity_project\IVRC\IVRC\Library\ScriptAssemblies\Unity.RenderPipelines.Core.Editor.dll
Symbol file LoadedFromMemory is not a mono symbol file
Symbol file data-00000203C374A010 doesn't match image C:\Users\rui02\unity_project\IVRC\IVRC\Library\ScriptAssemblies\Unity.VisualEffectGraph.Editor.dll
Symbol file LoadedFromMemory is not a mono symbol file
Symbol file data-00000203A0F0A5F0 doesn't match image C:\Users\rui02\unity_project\IVRC\IVRC\Library\ScriptAssemblies\UnityEditor.TestRunner.dll
Symbol file LoadedFromMemory is not a mono symbol file
Symbol file data-00000203E6807040 doesn't match image C:\Users\rui02\unity_project\IVRC\IVRC\Library\ScriptAssemblies\Unity.VisualScripting.Flow.dll
Symbol file LoadedFromMemory is not a mono symbol file
Symbol file data-000002039B681D30 doesn't match image C:\Users\rui02\unity_project\IVRC\IVRC\Library\ScriptAssemblies\Unity.Mathematics.Editor.dll
Symbol file LoadedFromMemory is not a mono symbol file
Symbol file data-000002039B681D30 doesn't match image C:\Users\rui02\unity_project\IVRC\IVRC\Library\ScriptAssemblies\Unity.TestTools.CodeCoverage.Editor.OpenCover.Mono.Reflection.dll
Symbol file LoadedFromMemory is not a mono symbol file
Symbol file data-000002039F9C8310 doesn't match image C:\Users\rui02\unity_project\IVRC\IVRC\Library\ScriptAssemblies\VRMShaders.VRM10.MToon10.Editor.dll
Symbol file LoadedFromMemory is not a mono symbol file
Symbol file data-00000203A18AD210 doesn't match image C:\Users\rui02\unity_project\IVRC\IVRC\Library\ScriptAssemblies\UniGLTF.Utils.dll
Symbol file LoadedFromMemory is not a mono symbol file
Symbol file data-000002039B11B4E0 doesn't match image C:\Users\rui02\unity_project\IVRC\IVRC\Library\ScriptAssemblies\Unity.RenderPipelines.HighDefinition.Config.Runtime.dll
Symbol file LoadedFromMemory is not a mono symbol file
Symbol file data-000002039D3E3250 doesn't match image C:\Users\rui02\unity_project\IVRC\IVRC\Library\ScriptAssemblies\MToon.Editor.dll
Symbol file LoadedFromMemory is not a mono symbol file
Symbol file data-00000203E5560040 doesn't match image C:\Users\rui02\unity_project\IVRC\IVRC\Library\ScriptAssemblies\Unity.Performance.Profile-Analyzer.Editor.dll
Symbol file LoadedFromMemory is not a mono symbol file
Symbol file data-00000203A205B330 doesn't match image C:\Users\rui02\unity_project\IVRC\IVRC\Library\ScriptAssemblies\Unity.RenderPipelines.Core.ShaderLibrary.dll
Symbol file LoadedFromMemory is not a mono symbol file
Symbol file data-00000203A0183830 doesn't match image C:\Users\rui02\unity_project\IVRC\IVRC\Library\ScriptAssemblies\Unity.XR.Management.Editor.dll
Symbol file LoadedFromMemory is not a mono symbol file
Symbol file data-000002039B11B4E0 doesn't match image C:\Users\rui02\unity_project\IVRC\IVRC\Library\ScriptAssemblies\VRMShaders.VRM.IO.Runtime.dll
Symbol file LoadedFromMemory is not a mono symbol file
Symbol file data-00000203A2141020 doesn't match image C:\Users\rui02\unity_project\IVRC\IVRC\Library\ScriptAssemblies\Unity.TestTools.CodeCoverage.Editor.dll
Symbol file LoadedFromMemory is not a mono symbol file
Symbol file data-000002039B841020 doesn't match image C:\Users\rui02\unity_project\IVRC\IVRC\Library\ScriptAssemblies\VRM.dll
Symbol file LoadedFromMemory is not a mono symbol file
Symbol file data-00000203A18AD210 doesn't match image C:\Users\rui02\unity_project\IVRC\IVRC\Library\ScriptAssemblies\VRMShaders.GLTF.UniUnlit.Editor.dll
Symbol file LoadedFromMemory is not a mono symbol file
Symbol file data-00000203A18AD210 doesn't match image C:\Users\rui02\unity_project\IVRC\IVRC\Library\ScriptAssemblies\PPv2URPConverters.dll
Symbol file LoadedFromMemory is not a mono symbol file
Symbol file data-00000203A27B4F20 doesn't match image C:\Users\rui02\unity_project\IVRC\IVRC\Library\ScriptAssemblies\Unity.XR.OpenVR.dll
Symbol file LoadedFromMemory is not a mono symbol file
Symbol file data-00000203E4793060 doesn't match image C:\Users\rui02\unity_project\IVRC\IVRC\Library\ScriptAssemblies\Unity.Settings.Editor.dll
Symbol file LoadedFromMemory is not a mono symbol file
Symbol file data-00000203EC432020 doesn't match image C:\Users\rui02\unity_project\IVRC\IVRC\Library\ScriptAssemblies\Unity.TextMeshPro.dll
Symbol file LoadedFromMemory is not a mono symbol file
Symbol file data-00000203A1D8FB00 doesn't match image C:\Users\rui02\unity_project\IVRC\IVRC\Library\ScriptAssemblies\VRMShaders.VRM10.Format.Runtime.dll
Symbol file LoadedFromMemory is not a mono symbol file
Symbol file data-00000203A197DA40 doesn't match image C:\Users\rui02\unity_project\IVRC\IVRC\Library\ScriptAssemblies\Unity.Burst.CodeGen.dll
Symbol file LoadedFromMemory is not a mono symbol file
Symbol file data-00000203A0114B80 doesn't match image C:\Users\rui02\unity_project\IVRC\IVRC\Library\ScriptAssemblies\Unity.VSCode.Editor.dll
Symbol file LoadedFromMemory is not a mono symbol file
Symbol file data-000002039EEC05F0 doesn't match image C:\Users\rui02\unity_project\IVRC\IVRC\Library\ScriptAssemblies\UniGLTF.Editor.dll
Symbol file LoadedFromMemory is not a mono symbol file
Symbol file data-00000203A201FD20 doesn't match image C:\Users\rui02\unity_project\IVRC\IVRC\Library\ScriptAssemblies\Unity.RenderPipelines.Universal.Editor.dll
Symbol file LoadedFromMemory is not a mono symbol file
Symbol file data-00000203ECCB7070 doesn't match image C:\Users\rui02\unity_project\IVRC\IVRC\Library\ScriptAssemblies\Unity.RenderPipelines.HighDefinition.Editor.dll
Symbol file LoadedFromMemory is not a mono symbol file
Symbol file data-000002039D3E3250 doesn't match image C:\Users\rui02\unity_project\IVRC\IVRC\Library\ScriptAssemblies\VRM.Samples.Editor.Tests.dll
Symbol file LoadedFromMemory is not a mono symbol file
Symbol file data-00000203A205B330 doesn't match image C:\Users\rui02\unity_project\IVRC\IVRC\Library\ScriptAssemblies\Unity.RenderPipelines.ShaderGraph.ShaderGraphLibrary.dll
Symbol file LoadedFromMemory is not a mono symbol file
Symbol file data-000002039F9C8310 doesn't match image C:\Users\rui02\unity_project\IVRC\IVRC\Library\ScriptAssemblies\Unity.EditorCoroutines.Editor.dll
Symbol file LoadedFromMemory is not a mono symbol file
Symbol file data-00000203A0114B80 doesn't match image C:\Users\rui02\unity_project\IVRC\IVRC\Library\ScriptAssemblies\FastSpringBone.dll
Symbol file LoadedFromMemory is not a mono symbol file
Symbol file data-00000203EC432020 doesn't match image C:\Users\rui02\unity_project\IVRC\IVRC\Library\ScriptAssemblies\Unity.TerrainTools.Editor.dll
Symbol file LoadedFromMemory is not a mono symbol file
Symbol file data-000002039C060010 doesn't match image C:\Users\rui02\unity_project\IVRC\IVRC\Library\ScriptAssemblies\Unity.RenderPipelines.Universal.Runtime.dll
Symbol file LoadedFromMemory is not a mono symbol file
Symbol file data-00000203A0027B80 doesn't match image C:\Users\rui02\unity_project\IVRC\IVRC\Library\ScriptAssemblies\MToon.dll
Symbol file LoadedFromMemory is not a mono symbol file
Symbol file data-000002036B205840 doesn't match image C:\Users\rui02\unity_project\IVRC\IVRC\Library\ScriptAssemblies\UniHumanoid.dll
Symbol file LoadedFromMemory is not a mono symbol file
Symbol file data-00000203EC432020 doesn't match image C:\Users\rui02\unity_project\IVRC\IVRC\Library\ScriptAssemblies\Unity.Burst.dll
Symbol file LoadedFromMemory is not a mono symbol file
Symbol file data-00000203A00FEC50 doesn't match image C:\Users\rui02\unity_project\IVRC\IVRC\Library\ScriptAssemblies\UnityEngine.XR.LegacyInputHelpers.dll
Symbol file LoadedFromMemory is not a mono symbol file
Symbol file data-00000203A1E78050 doesn't match image C:\Users\rui02\unity_project\IVRC\IVRC\Library\ScriptAssemblies\UniGLTF.Tests.dll
Symbol file LoadedFromMemory is not a mono symbol file
Symbol file data-000002039EA6CFF0 doesn't match image C:\Users\rui02\unity_project\IVRC\IVRC\Library\ScriptAssemblies\VRMShaders.GLTF.IO.Runtime.dll
Symbol file LoadedFromMemory is not a mono symbol file
Symbol file data-00000203E45F1010 doesn't match image C:\Users\rui02\unity_project\IVRC\IVRC\Library\ScriptAssemblies\Unity.Timeline.Editor.dll
Symbol file LoadedFromMemory is not a mono symbol file
Symbol file data-00000203A0027B80 doesn't match image C:\Users\rui02\unity_project\IVRC\IVRC\Library\ScriptAssemblies\Unity.VisualScripting.Shared.Editor.dll
Symbol file LoadedFromMemory is not a mono symbol file
Symbol file data-00000203A1D8FB00 doesn't match image C:\Users\rui02\unity_project\IVRC\IVRC\Library\ScriptAssemblies\Unity.TerrainTools.dll
Symbol file LoadedFromMemory is not a mono symbol file
Symbol file data-000002038D02A020 doesn't match image C:\Users\rui02\unity_project\IVRC\IVRC\Library\ScriptAssemblies\Unity.PlasticSCM.Editor.dll
Symbol file LoadedFromMemory is not a mono symbol file
Symbol file data-00000203A18AD210 doesn't match image C:\Users\rui02\unity_project\IVRC\IVRC\Library\ScriptAssemblies\Unity.CollabProxy.Editor.dll
Symbol file LoadedFromMemory is not a mono symbol file
Symbol file data-00000203A18AD210 doesn't match image C:\Users\rui02\unity_project\IVRC\IVRC\Library\ScriptAssemblies\UnityEditor.SpatialTracking.dll
Symbol file LoadedFromMemory is not a mono symbol file
Symbol file data-000002036AF35060 doesn't match image C:\Users\rui02\unity_project\IVRC\IVRC\Library\ScriptAssemblies\UniVRM.Editor.dll
Symbol file LoadedFromMemory is not a mono symbol file
Symbol file data-00000203E9AAE010 doesn't match image C:\Users\rui02\unity_project\IVRC\IVRC\Library\ScriptAssemblies\Unity.ShaderGraph.Editor.dll
Symbol file LoadedFromMemory is not a mono symbol file
Symbol file data-000002039F41D0D0 doesn't match image C:\Users\rui02\unity_project\IVRC\IVRC\Library\ScriptAssemblies\Unity.VisualStudio.Editor.dll
Symbol file LoadedFromMemory is not a mono symbol file
Symbol file data-00000203A189E030 doesn't match image C:\Users\rui02\unity_project\IVRC\IVRC\Library\ScriptAssemblies\UnityEditor.UI.dll
Symbol file LoadedFromMemory is not a mono symbol file
Symbol file data-0000020398E18030 doesn't match image C:\Users\rui02\unity_project\IVRC\IVRC\Library\ScriptAssemblies\Unity.VisualScripting.Core.dll
Symbol file LoadedFromMemory is not a mono symbol file
Symbol file data-000002039F41D0D0 doesn't match image C:\Users\rui02\unity_project\IVRC\IVRC\Library\ScriptAssemblies\SteamVR_Input_Editor.dll
Symbol file LoadedFromMemory is not a mono symbol file
Symbol file data-00000203ECCB7070 doesn't match image C:\Users\rui02\unity_project\IVRC\IVRC\Library\ScriptAssemblies\Unity.VisualScripting.Core.Editor.dll
Symbol file LoadedFromMemory is not a mono symbol file
Symbol file data-000002039D3E3250 doesn't match image C:\Users\rui02\unity_project\IVRC\IVRC\Library\ScriptAssemblies\UnityEngine.SpatialTracking.dll
Symbol file LoadedFromMemory is not a mono symbol file
Symbol file data-000002039F9488A0 doesn't match image C:\Users\rui02\unity_project\IVRC\IVRC\Library\ScriptAssemblies\UnityEngine.UI.dll
Symbol file LoadedFromMemory is not a mono symbol file
Symbol file data-000002039D3E3250 doesn't match image C:\Users\rui02\unity_project\IVRC\IVRC\Library\ScriptAssemblies\VRMShaders.GLTF.IO.Tests.dll
Symbol file LoadedFromMemory is not a mono symbol file
Symbol file data-00000203EB90A860 doesn't match image C:\Users\rui02\unity_project\IVRC\IVRC\Library\ScriptAssemblies\UnityEditor.XR.LegacyInputHelpers.dll
Symbol file LoadedFromMemory is not a mono symbol file
Symbol file data-00000203A03B9020 doesn't match image C:\Users\rui02\unity_project\IVRC\IVRC\Library\ScriptAssemblies\SteamVR_Editor.dll
Symbol file LoadedFromMemory is not a mono symbol file
Symbol file data-00000203E5560040 doesn't match image C:\Users\rui02\unity_project\IVRC\IVRC\Library\ScriptAssemblies\Unity.VisualScripting.Flow.Editor.dll
Symbol file LoadedFromMemory is not a mono symbol file
Symbol file data-000002039B11B4E0 doesn't match image C:\Users\rui02\unity_project\IVRC\IVRC\Library\ScriptAssemblies\Unity.RenderPipeline.Universal.ShaderLibrary.dll
Symbol file LoadedFromMemory is not a mono symbol file
Symbol file data-00000203C39E1840 doesn't match image C:\Users\rui02\unity_project\IVRC\IVRC\Library\ScriptAssemblies\Unity.Timeline.dll
Symbol file LoadedFromMemory is not a mono symbol file
Symbol file data-0000020399927650 doesn't match image C:\Users\rui02\unity_project\IVRC\IVRC\Library\ScriptAssemblies\Unity.XR.OpenVR.Editor.dll
Symbol file LoadedFromMemory is not a mono symbol file
Symbol file data-00000203A0053EE0 doesn't match image C:\Users\rui02\unity_project\IVRC\IVRC\Library\ScriptAssemblies\VRMShaders.VRM10.MToon10.Runtime.dll
Symbol file LoadedFromMemory is not a mono symbol file
Symbol file data-000002039B681D30 doesn't match image C:\Users\rui02\unity_project\IVRC\IVRC\Library\ScriptAssemblies\Unity.VisualScripting.SettingsProvider.Editor.dll
Symbol file LoadedFromMemory is not a mono symbol file
Symbol file data-00000203A03B9020 doesn't match image C:\Users\rui02\unity_project\IVRC\IVRC\Library\ScriptAssemblies\Unity.TestTools.CodeCoverage.Editor.OpenCover.Model.dll
Symbol file LoadedFromMemory is not a mono symbol file
Symbol file data-000002040E85F440 doesn't match image C:\Users\rui02\unity_project\IVRC\IVRC\Library\ScriptAssemblies\VRMShaders.GLTF.IO.Editor.dll
Symbol file LoadedFromMemory is not a mono symbol file
Symbol file data-00000203E6C0C8F0 doesn't match image C:\Users\rui02\unity_project\IVRC\IVRC\Library\ScriptAssemblies\UnityEngine.TestRunner.dll
Symbol file LoadedFromMemory is not a mono symbol file
Symbol file data-000002039F41D0D0 doesn't match image C:\Users\rui02\unity_project\IVRC\IVRC\Library\ScriptAssemblies\Unity.VisualScripting.State.Editor.dll
Symbol file LoadedFromMemory is not a mono symbol file
Symbol file data-00000203ED8EEC70 doesn't match image C:\Users\rui02\unity_project\IVRC\IVRC\Library\ScriptAssemblies\Unity.Mathematics.dll
Symbol file LoadedFromMemory is not a mono symbol file
Symbol file data-00000203A205B330 doesn't match image C:\Users\rui02\unity_project\IVRC\IVRC\Library\ScriptAssemblies\Unity.RenderPipelines.Universal.Shaders.dll
Symbol file LoadedFromMemory is not a mono symbol file
Symbol file data-00000203ECD86CB0 doesn't match image C:\Users\rui02\unity_project\IVRC\IVRC\Library\ScriptAssemblies\Unity.TextMeshPro.Editor.dll
Symbol file LoadedFromMemory is not a mono symbol file
Symbol file data-00000203E4793060 doesn't match image C:\Users\rui02\unity_project\IVRC\IVRC\Library\ScriptAssemblies\Unity.Searcher.Editor.dll
Symbol file LoadedFromMemory is not a mono symbol file
Symbol file data-0000020398C31010 doesn't match image C:\Users\rui02\unity_project\IVRC\IVRC\Library\ScriptAssemblies\Unity.VisualScripting.State.dll
Symbol file LoadedFromMemory is not a mono symbol file
Symbol file data-000002039BA47020 doesn't match image C:\Users\rui02\unity_project\IVRC\IVRC\Library\ScriptAssemblies\Unity.ShaderGraph.Utilities.dll
Symbol file LoadedFromMemory is not a mono symbol file
Symbol file data-00000203EC7B9010 doesn't match image C:\Users\rui02\unity_project\IVRC\IVRC\Library\ScriptAssemblies\Unity.RenderPipelines.HighDefinition.Runtime.dll
Symbol file LoadedFromMemory is not a mono symbol file
Symbol file data-00000203A03B9020 doesn't match image C:\Users\rui02\unity_project\IVRC\IVRC\Library\ScriptAssemblies\VRM.Tests.dll
Symbol file LoadedFromMemory is not a mono symbol file
- Loaded All Assemblies, in  0.820 seconds
Refreshing native plugins compatible for Editor in 3.83 ms, found 6 plugins.
Native extension for WindowsStandalone target not found
Native extension for WebGL target not found
[Package Manager] Server::EnsureServerProcessIsRunning -- launch failed, reason: Unity was launched with the -noUpm command-line argument
[Package Manager] UpmClient::Send -- Unable to send message (not connected to UPM process).
[Package Manager] Cannot connect to Unity Package Manager local server
[Package Manager] Server::EnsureServerProcessIsRunning -- launch failed, reason: Unity was launched with the -noUpm command-line argument
[Package Manager] UpmClient::Send -- Unable to send message (not connected to UPM process).
[Package Manager] Cannot connect to Unity Package Manager local server
Mono: successfully reloaded assembly
[Package Manager] Server::EnsureServerProcessIsRunning -- launch failed, reason: Unity was launched with the -noUpm command-line argument
[Package Manager] UpmClient::Send -- Unable to send message (not connected to UPM process).
[Package Manager] Cannot connect to Unity Package Manager local server
- Finished resetting the current domain, in  7.270 seconds
Domain Reload Profiling: 8088ms
	BeginReloadAssembly (180ms)
		ExecutionOrderSort (0ms)
		DisableScriptedObjects (6ms)
		BackupInstance (0ms)
		ReleaseScriptingObjects (0ms)
		CreateAndSetChildDomain (66ms)
	RebuildCommonClasses (28ms)
	RebuildNativeTypeToScriptingClass (9ms)
	initialDomainReloadingComplete (25ms)
	LoadAllAssembliesAndSetupDomain (575ms)
		LoadAssemblies (578ms)
		RebuildTransferFunctionScriptingTraits (0ms)
		AnalyzeDomain (70ms)
			TypeCache.Refresh (19ms)
				TypeCache.ScanAssembly (4ms)
			ScanForSourceGeneratedMonoScriptInfo (35ms)
			ResolveRequiredComponents (14ms)
	FinalizeReload (7271ms)
		ReleaseScriptCaches (0ms)
		RebuildScriptCaches (0ms)
		SetupLoadedEditorAssemblies (482ms)
			LogAssemblyErrors (0ms)
			InitializePlatformSupportModulesInManaged (6ms)
			SetLoadedEditorAssemblies (5ms)
			RefreshPlugins (0ms)
			BeforeProcessingInitializeOnLoad (78ms)
			ProcessInitializeOnLoadAttributes (366ms)
			ProcessInitializeOnLoadMethodAttributes (22ms)
			AfterProcessingInitializeOnLoad (4ms)
			EditorAssembliesLoaded (0ms)
		ExecutionOrderSort2 (0ms)
		AwakeInstancesAfterBackupRestoration (5ms)
Refreshing native plugins compatible for Editor in 6.33 ms, found 6 plugins.
Preloading 0 native plugins for Editor in 0.00 ms.
Unloading 7879 Unused Serialized files (Serialized files now loaded: 0)
Unloading 212 unused Assets / (15.5 MB). Loaded Objects now: 8699.
Memory consumption went from 307.4 MB to 291.9 MB.
Total: 9.208800 ms (FindLiveObjects: 0.628700 ms CreateObjectMapping: 0.273300 ms MarkObjects: 5.168400 ms  DeleteObjects: 3.137000 ms)

Prepare: number of updated asset objects reloaded= 0
AssetImportParameters requested are different than current active one (requested -> active):
  custom:container-demuxer-ogg: 62fdf1f143b41e24485cea50d1cbac27 -> 
  custom:framework-win-MediaFoundation: 216162199b28c13a410421893ffa2e32 -> 
  custom:container-muxer-webm: aa71ff27fc2769a1b78a27578f13a17b -> 
  custom:video-decoder-webm-vp8: 9c59270c3fd7afecdb556c50c9e8de78 -> 
  custom:SearchIndexIgnoredProperties: e643bd26f0fe6173181afceb89e7c659 -> 
  custom:AudioImporter_EditorPlatform: d09bf68614088b80899f8185d706f6e7 -> 
  custom:audio-decoder-ogg-vorbis: bf7c407c2cedff20999df2af8eb42d56 -> 
  custom:audio-encoder-webm-vorbis: bf7c407c2cedff20999df2af8eb42d56 -> 
  custom:video-codec-MediaFoundation-h265: 746d11721c4dcdbdad8f713fa42b33f4 -> 
  custom:video-decoder-ogg-theora: a1e56fd34408186e4bbccfd4996cb3dc -> 
  custom:CustomObjectIndexerAttribute: a3ef5dd2817f97addfee359851a9dba5 -> 
  custom:container-demuxer-webm: 4f35f7cbe854078d1ac9338744f61a02 -> 
  custom:video-encoder-webm-vp8: eb34c28f22e8b96e1ab97ce403110664 -> 
========================================================================
Received Prepare
Begin MonoManager ReloadAssembly
Symbol file data-000002038E675E00 doesn't match image C:\Users\rui02\unity_project\IVRC\IVRC\Library\ScriptAssemblies\UniHumanoid.Editor.dll
Symbol file LoadedFromMemory is not a mono symbol file
Symbol file data-00000203A00FEC50 doesn't match image C:\Users\rui02\unity_project\IVRC\IVRC\Library\ScriptAssemblies\Unity.XR.Management.dll
Symbol file LoadedFromMemory is not a mono symbol file
Symbol file data-00000203A18AD210 doesn't match image C:\Users\rui02\unity_project\IVRC\IVRC\Library\ScriptAssemblies\UniHumanoid.Editor.Tests.dll
Symbol file LoadedFromMemory is not a mono symbol file
Symbol file data-000002036AF35060 doesn't match image C:\Users\rui02\unity_project\IVRC\IVRC\Library\ScriptAssemblies\Unity.VisualEffectGraph.Runtime.dll
Symbol file LoadedFromMemory is not a mono symbol file
Symbol file data-000002038D946020 doesn't match image C:\Users\rui02\unity_project\IVRC\IVRC\Library\ScriptAssemblies\Unity.RenderPipelines.Core.Runtime.dll
Symbol file LoadedFromMemory is not a mono symbol file
Symbol file data-000002036B25B010 doesn't match image C:\Users\rui02\unity_project\IVRC\IVRC\Library\ScriptAssemblies\Unity.Burst.Editor.dll
Symbol file LoadedFromMemory is not a mono symbol file
Symbol file data-00000203EC0FF020 doesn't match image C:\Users\rui02\unity_project\IVRC\IVRC\Library\ScriptAssemblies\SteamVR.dll
Symbol file LoadedFromMemory is not a mono symbol file
Symbol file data-00000203A18AD210 doesn't match image C:\Users\rui02\unity_project\IVRC\IVRC\Library\ScriptAssemblies\VRMShaders.GLTF.UniUnlit.Runtime.dll
Symbol file LoadedFromMemory is not a mono symbol file
Symbol file data-00000203A18AD210 doesn't match image C:\Users\rui02\unity_project\IVRC\IVRC\Library\ScriptAssemblies\SteamVR_Windows_EditorHelper.dll
Symbol file LoadedFromMemory is not a mono symbol file
Symbol file data-000002039D3ED000 doesn't match image C:\Users\rui02\unity_project\IVRC\IVRC\Library\ScriptAssemblies\UniGLTF.dll
Symbol file LoadedFromMemory is not a mono symbol file
Symbol file data-000002039D29F440 doesn't match image C:\Users\rui02\unity_project\IVRC\IVRC\Library\ScriptAssemblies\Unity.Rider.Editor.dll
Symbol file LoadedFromMemory is not a mono symbol file
Symbol file data-00000203A220B020 doesn't match image C:\Users\rui02\unity_project\IVRC\IVRC\Library\ScriptAssemblies\VRMShaders.VRM10.MToon10.Tests.dll
Symbol file LoadedFromMemory is not a mono symbol file
Symbol file data-00000203C4049010 doesn't match image C:\Users\rui02\unity_project\IVRC\IVRC\Library\ScriptAssemblies\Unity.RenderPipelines.Core.Editor.dll
Symbol file LoadedFromMemory is not a mono symbol file
Symbol file data-00000203C374A010 doesn't match image C:\Users\rui02\unity_project\IVRC\IVRC\Library\ScriptAssemblies\Unity.VisualEffectGraph.Editor.dll
Symbol file LoadedFromMemory is not a mono symbol file
Symbol file data-00000203A0F0A5F0 doesn't match image C:\Users\rui02\unity_project\IVRC\IVRC\Library\ScriptAssemblies\UnityEditor.TestRunner.dll
Symbol file LoadedFromMemory is not a mono symbol file
Symbol file data-00000203E6807040 doesn't match image C:\Users\rui02\unity_project\IVRC\IVRC\Library\ScriptAssemblies\Unity.VisualScripting.Flow.dll
Symbol file LoadedFromMemory is not a mono symbol file
Symbol file data-00000203A00FEC50 doesn't match image C:\Users\rui02\unity_project\IVRC\IVRC\Library\ScriptAssemblies\Unity.Mathematics.Editor.dll
Symbol file LoadedFromMemory is not a mono symbol file
Symbol file data-00000203A00FEC50 doesn't match image C:\Users\rui02\unity_project\IVRC\IVRC\Library\ScriptAssemblies\Unity.TestTools.CodeCoverage.Editor.OpenCover.Mono.Reflection.dll
Symbol file LoadedFromMemory is not a mono symbol file
Symbol file data-000002039F9C8310 doesn't match image C:\Users\rui02\unity_project\IVRC\IVRC\Library\ScriptAssemblies\VRMShaders.VRM10.MToon10.Editor.dll
Symbol file LoadedFromMemory is not a mono symbol file
Symbol file data-00000203A18AD210 doesn't match image C:\Users\rui02\unity_project\IVRC\IVRC\Library\ScriptAssemblies\UniGLTF.Utils.dll
Symbol file LoadedFromMemory is not a mono symbol file
Symbol file data-00000203A18AD210 doesn't match image C:\Users\rui02\unity_project\IVRC\IVRC\Library\ScriptAssemblies\Unity.RenderPipelines.HighDefinition.Config.Runtime.dll
Symbol file LoadedFromMemory is not a mono symbol file
Symbol file data-000002039D3E3250 doesn't match image C:\Users\rui02\unity_project\IVRC\IVRC\Library\ScriptAssemblies\MToon.Editor.dll
Symbol file LoadedFromMemory is not a mono symbol file
Symbol file data-00000203E5560040 doesn't match image C:\Users\rui02\unity_project\IVRC\IVRC\Library\ScriptAssemblies\Unity.Performance.Profile-Analyzer.Editor.dll
Symbol file LoadedFromMemory is not a mono symbol file
Symbol file data-00000203A220B020 doesn't match image C:\Users\rui02\unity_project\IVRC\IVRC\Library\ScriptAssemblies\Unity.RenderPipelines.Core.ShaderLibrary.dll
Symbol file LoadedFromMemory is not a mono symbol file
Symbol file data-00000203A0183830 doesn't match image C:\Users\rui02\unity_project\IVRC\IVRC\Library\ScriptAssemblies\Unity.XR.Management.Editor.dll
Symbol file LoadedFromMemory is not a mono symbol file
Symbol file data-00000203A18AD210 doesn't match image C:\Users\rui02\unity_project\IVRC\IVRC\Library\ScriptAssemblies\VRMShaders.VRM.IO.Runtime.dll
Symbol file LoadedFromMemory is not a mono symbol file
Symbol file data-00000203A2141020 doesn't match image C:\Users\rui02\unity_project\IVRC\IVRC\Library\ScriptAssemblies\Unity.TestTools.CodeCoverage.Editor.dll
Symbol file LoadedFromMemory is not a mono symbol file
Symbol file data-000002039B841020 doesn't match image C:\Users\rui02\unity_project\IVRC\IVRC\Library\ScriptAssemblies\VRM.dll
Symbol file LoadedFromMemory is not a mono symbol file
Symbol file data-00000203A18AD210 doesn't match image C:\Users\rui02\unity_project\IVRC\IVRC\Library\ScriptAssemblies\VRMShaders.GLTF.UniUnlit.Editor.dll
Symbol file LoadedFromMemory is not a mono symbol file
Symbol file data-00000203A18AD210 doesn't match image C:\Users\rui02\unity_project\IVRC\IVRC\Library\ScriptAssemblies\PPv2URPConverters.dll
Symbol file LoadedFromMemory is not a mono symbol file
Symbol file data-00000203A27B4F20 doesn't match image C:\Users\rui02\unity_project\IVRC\IVRC\Library\ScriptAssemblies\Unity.XR.OpenVR.dll
Symbol file LoadedFromMemory is not a mono symbol file
Symbol file data-00000203E4793060 doesn't match image C:\Users\rui02\unity_project\IVRC\IVRC\Library\ScriptAssemblies\Unity.Settings.Editor.dll
Symbol file LoadedFromMemory is not a mono symbol file
Symbol file data-00000203EC432020 doesn't match image C:\Users\rui02\unity_project\IVRC\IVRC\Library\ScriptAssemblies\Unity.TextMeshPro.dll
Symbol file LoadedFromMemory is not a mono symbol file
Symbol file data-00000203A220B020 doesn't match image C:\Users\rui02\unity_project\IVRC\IVRC\Library\ScriptAssemblies\VRMShaders.VRM10.Format.Runtime.dll
Symbol file LoadedFromMemory is not a mono symbol file
Symbol file data-000002039F0BB010 doesn't match image C:\Users\rui02\unity_project\IVRC\IVRC\Library\ScriptAssemblies\Unity.Burst.CodeGen.dll
Symbol file LoadedFromMemory is not a mono symbol file
Symbol file data-00000203A0114B80 doesn't match image C:\Users\rui02\unity_project\IVRC\IVRC\Library\ScriptAssemblies\Unity.VSCode.Editor.dll
Symbol file LoadedFromMemory is not a mono symbol file
Symbol file data-000002039B841020 doesn't match image C:\Users\rui02\unity_project\IVRC\IVRC\Library\ScriptAssemblies\UniGLTF.Editor.dll
Symbol file LoadedFromMemory is not a mono symbol file
Symbol file data-000002039A9AD020 doesn't match image C:\Users\rui02\unity_project\IVRC\IVRC\Library\ScriptAssemblies\Unity.RenderPipelines.Universal.Editor.dll
Symbol file LoadedFromMemory is not a mono symbol file
Symbol file data-00000203ECCB7070 doesn't match image C:\Users\rui02\unity_project\IVRC\IVRC\Library\ScriptAssemblies\Unity.RenderPipelines.HighDefinition.Editor.dll
Symbol file LoadedFromMemory is not a mono symbol file
Symbol file data-000002039D3E3250 doesn't match image C:\Users\rui02\unity_project\IVRC\IVRC\Library\ScriptAssemblies\VRM.Samples.Editor.Tests.dll
Symbol file LoadedFromMemory is not a mono symbol file
Symbol file data-00000203A220B020 doesn't match image C:\Users\rui02\unity_project\IVRC\IVRC\Library\ScriptAssemblies\Unity.RenderPipelines.ShaderGraph.ShaderGraphLibrary.dll
Symbol file LoadedFromMemory is not a mono symbol file
Symbol file data-000002039F9C8310 doesn't match image C:\Users\rui02\unity_project\IVRC\IVRC\Library\ScriptAssemblies\Unity.EditorCoroutines.Editor.dll
Symbol file LoadedFromMemory is not a mono symbol file
Symbol file data-00000203E5BF0010 doesn't match image C:\Users\rui02\unity_project\IVRC\IVRC\Library\ScriptAssemblies\FastSpringBone.dll
Symbol file LoadedFromMemory is not a mono symbol file
Symbol file data-00000203EC432020 doesn't match image C:\Users\rui02\unity_project\IVRC\IVRC\Library\ScriptAssemblies\Unity.TerrainTools.Editor.dll
Symbol file LoadedFromMemory is not a mono symbol file
Symbol file data-00000203E45F1010 doesn't match image C:\Users\rui02\unity_project\IVRC\IVRC\Library\ScriptAssemblies\Unity.RenderPipelines.Universal.Runtime.dll
Symbol file LoadedFromMemory is not a mono symbol file
Symbol file data-00000203A00FEC50 doesn't match image C:\Users\rui02\unity_project\IVRC\IVRC\Library\ScriptAssemblies\MToon.dll
Symbol file LoadedFromMemory is not a mono symbol file
Symbol file data-000002036B205840 doesn't match image C:\Users\rui02\unity_project\IVRC\IVRC\Library\ScriptAssemblies\UniHumanoid.dll
Symbol file LoadedFromMemory is not a mono symbol file
Symbol file data-00000203EC432020 doesn't match image C:\Users\rui02\unity_project\IVRC\IVRC\Library\ScriptAssemblies\Unity.Burst.dll
Symbol file LoadedFromMemory is not a mono symbol file
Symbol file data-000002036B421A80 doesn't match image C:\Users\rui02\unity_project\IVRC\IVRC\Library\ScriptAssemblies\UnityEngine.XR.LegacyInputHelpers.dll
Symbol file LoadedFromMemory is not a mono symbol file
Symbol file data-00000203A1E78050 doesn't match image C:\Users\rui02\unity_project\IVRC\IVRC\Library\ScriptAssemblies\UniGLTF.Tests.dll
Symbol file LoadedFromMemory is not a mono symbol file
Symbol file data-000002039EA6CFF0 doesn't match image C:\Users\rui02\unity_project\IVRC\IVRC\Library\ScriptAssemblies\VRMShaders.GLTF.IO.Runtime.dll
Symbol file LoadedFromMemory is not a mono symbol file
Symbol file data-00000203A01C0010 doesn't match image C:\Users\rui02\unity_project\IVRC\IVRC\Library\ScriptAssemblies\Unity.Timeline.Editor.dll
Symbol file LoadedFromMemory is not a mono symbol file
Symbol file data-00000203A00FEC50 doesn't match image C:\Users\rui02\unity_project\IVRC\IVRC\Library\ScriptAssemblies\Unity.VisualScripting.Shared.Editor.dll
Symbol file LoadedFromMemory is not a mono symbol file
Symbol file data-00000203A220B020 doesn't match image C:\Users\rui02\unity_project\IVRC\IVRC\Library\ScriptAssemblies\Unity.TerrainTools.dll
Symbol file LoadedFromMemory is not a mono symbol file
Symbol file data-000002038D02A020 doesn't match image C:\Users\rui02\unity_project\IVRC\IVRC\Library\ScriptAssemblies\Unity.PlasticSCM.Editor.dll
Symbol file LoadedFromMemory is not a mono symbol file
Symbol file data-00000203A18AD210 doesn't match image C:\Users\rui02\unity_project\IVRC\IVRC\Library\ScriptAssemblies\Unity.CollabProxy.Editor.dll
Symbol file LoadedFromMemory is not a mono symbol file
Symbol file data-00000203A18AD210 doesn't match image C:\Users\rui02\unity_project\IVRC\IVRC\Library\ScriptAssemblies\UnityEditor.SpatialTracking.dll
Symbol file LoadedFromMemory is not a mono symbol file
Symbol file data-000002036AF35060 doesn't match image C:\Users\rui02\unity_project\IVRC\IVRC\Library\ScriptAssemblies\UniVRM.Editor.dll
Symbol file LoadedFromMemory is not a mono symbol file
Symbol file data-00000203E66A9010 doesn't match image C:\Users\rui02\unity_project\IVRC\IVRC\Library\ScriptAssemblies\Unity.ShaderGraph.Editor.dll
Symbol file LoadedFromMemory is not a mono symbol file
Symbol file data-000002039F41D0D0 doesn't match image C:\Users\rui02\unity_project\IVRC\IVRC\Library\ScriptAssemblies\Unity.VisualStudio.Editor.dll
Symbol file LoadedFromMemory is not a mono symbol file
Symbol file data-00000203A189E030 doesn't match image C:\Users\rui02\unity_project\IVRC\IVRC\Library\ScriptAssemblies\UnityEditor.UI.dll
Symbol file LoadedFromMemory is not a mono symbol file
Symbol file data-0000020398E18030 doesn't match image C:\Users\rui02\unity_project\IVRC\IVRC\Library\ScriptAssemblies\Unity.VisualScripting.Core.dll
Symbol file LoadedFromMemory is not a mono symbol file
Symbol file data-000002039F41D0D0 doesn't match image C:\Users\rui02\unity_project\IVRC\IVRC\Library\ScriptAssemblies\SteamVR_Input_Editor.dll
Symbol file LoadedFromMemory is not a mono symbol file
Symbol file data-00000203ECCB7070 doesn't match image C:\Users\rui02\unity_project\IVRC\IVRC\Library\ScriptAssemblies\Unity.VisualScripting.Core.Editor.dll
Symbol file LoadedFromMemory is not a mono symbol file
Symbol file data-000002039D3E3250 doesn't match image C:\Users\rui02\unity_project\IVRC\IVRC\Library\ScriptAssemblies\UnityEngine.SpatialTracking.dll
Symbol file LoadedFromMemory is not a mono symbol file
Symbol file data-00000203E5C3C7D0 doesn't match image C:\Users\rui02\unity_project\IVRC\IVRC\Library\ScriptAssemblies\UnityEngine.UI.dll
Symbol file LoadedFromMemory is not a mono symbol file
Symbol file data-000002039D3E3250 doesn't match image C:\Users\rui02\unity_project\IVRC\IVRC\Library\ScriptAssemblies\VRMShaders.GLTF.IO.Tests.dll
Symbol file LoadedFromMemory is not a mono symbol file
Symbol file data-00000203A00FEC50 doesn't match image C:\Users\rui02\unity_project\IVRC\IVRC\Library\ScriptAssemblies\UnityEditor.XR.LegacyInputHelpers.dll
Symbol file LoadedFromMemory is not a mono symbol file
Symbol file data-00000203EC8F5010 doesn't match image C:\Users\rui02\unity_project\IVRC\IVRC\Library\ScriptAssemblies\SteamVR_Editor.dll
Symbol file LoadedFromMemory is not a mono symbol file
Symbol file data-00000203E5560040 doesn't match image C:\Users\rui02\unity_project\IVRC\IVRC\Library\ScriptAssemblies\Unity.VisualScripting.Flow.Editor.dll
Symbol file LoadedFromMemory is not a mono symbol file
Symbol file data-00000203A18AD210 doesn't match image C:\Users\rui02\unity_project\IVRC\IVRC\Library\ScriptAssemblies\Unity.RenderPipeline.Universal.ShaderLibrary.dll
Symbol file LoadedFromMemory is not a mono symbol file
Symbol file data-00000203E8F4A010 doesn't match image C:\Users\rui02\unity_project\IVRC\IVRC\Library\ScriptAssemblies\Unity.Timeline.dll
Symbol file LoadedFromMemory is not a mono symbol file
Symbol file data-00000203A00FEC50 doesn't match image C:\Users\rui02\unity_project\IVRC\IVRC\Library\ScriptAssemblies\Unity.XR.OpenVR.Editor.dll
Symbol file LoadedFromMemory is not a mono symbol file
Symbol file data-000002036B421A80 doesn't match image C:\Users\rui02\unity_project\IVRC\IVRC\Library\ScriptAssemblies\VRMShaders.VRM10.MToon10.Runtime.dll
Symbol file LoadedFromMemory is not a mono symbol file
Symbol file data-00000203A00FEC50 doesn't match image C:\Users\rui02\unity_project\IVRC\IVRC\Library\ScriptAssemblies\Unity.VisualScripting.SettingsProvider.Editor.dll
Symbol file LoadedFromMemory is not a mono symbol file
Symbol file data-00000203EC8F5010 doesn't match image C:\Users\rui02\unity_project\IVRC\IVRC\Library\ScriptAssemblies\Unity.TestTools.CodeCoverage.Editor.OpenCover.Model.dll
Symbol file LoadedFromMemory is not a mono symbol file
Symbol file data-00000203A00FEC50 doesn't match image C:\Users\rui02\unity_project\IVRC\IVRC\Library\ScriptAssemblies\VRMShaders.GLTF.IO.Editor.dll
Symbol file LoadedFromMemory is not a mono symbol file
Symbol file data-000002039B841020 doesn't match image C:\Users\rui02\unity_project\IVRC\IVRC\Library\ScriptAssemblies\UnityEngine.TestRunner.dll
Symbol file LoadedFromMemory is not a mono symbol file
Symbol file data-000002039F41D0D0 doesn't match image C:\Users\rui02\unity_project\IVRC\IVRC\Library\ScriptAssemblies\Unity.VisualScripting.State.Editor.dll
Symbol file LoadedFromMemory is not a mono symbol file
Symbol file data-00000203A0099A80 doesn't match image C:\Users\rui02\unity_project\IVRC\IVRC\Library\ScriptAssemblies\Unity.Mathematics.dll
Symbol file LoadedFromMemory is not a mono symbol file
Symbol file data-00000203A220B020 doesn't match image C:\Users\rui02\unity_project\IVRC\IVRC\Library\ScriptAssemblies\Unity.RenderPipelines.Universal.Shaders.dll
Symbol file LoadedFromMemory is not a mono symbol file
Symbol file data-00000203E8F4A010 doesn't match image C:\Users\rui02\unity_project\IVRC\IVRC\Library\ScriptAssemblies\Unity.TextMeshPro.Editor.dll
Symbol file LoadedFromMemory is not a mono symbol file
Symbol file data-00000203E4793060 doesn't match image C:\Users\rui02\unity_project\IVRC\IVRC\Library\ScriptAssemblies\Unity.Searcher.Editor.dll
Symbol file LoadedFromMemory is not a mono symbol file
Symbol file data-000002038EF90040 doesn't match image C:\Users\rui02\unity_project\IVRC\IVRC\Library\ScriptAssemblies\Unity.VisualScripting.State.dll
Symbol file LoadedFromMemory is not a mono symbol file
Symbol file data-000002039BA47020 doesn't match image C:\Users\rui02\unity_project\IVRC\IVRC\Library\ScriptAssemblies\Unity.ShaderGraph.Utilities.dll
Symbol file LoadedFromMemory is not a mono symbol file
Symbol file data-00000203E66A9010 doesn't match image C:\Users\rui02\unity_project\IVRC\IVRC\Library\ScriptAssemblies\Unity.RenderPipelines.HighDefinition.Runtime.dll
Symbol file LoadedFromMemory is not a mono symbol file
Symbol file data-00000203EC8F5010 doesn't match image C:\Users\rui02\unity_project\IVRC\IVRC\Library\ScriptAssemblies\VRM.Tests.dll
Symbol file LoadedFromMemory is not a mono symbol file
- Loaded All Assemblies, in  0.432 seconds
Refreshing native plugins compatible for Editor in 4.30 ms, found 6 plugins.
Native extension for WindowsStandalone target not found
Native extension for WebGL target not found
[Package Manager] Server::EnsureServerProcessIsRunning -- launch failed, reason: Unity was launched with the -noUpm command-line argument
[Package Manager] UpmClient::Send -- Unable to send message (not connected to UPM process).
[Package Manager] Cannot connect to Unity Package Manager local server
[Package Manager] Server::EnsureServerProcessIsRunning -- launch failed, reason: Unity was launched with the -noUpm command-line argument
[Package Manager] UpmClient::Send -- Unable to send message (not connected to UPM process).
[Package Manager] Cannot connect to Unity Package Manager local server
Mono: successfully reloaded assembly
[Package Manager] Server::EnsureServerProcessIsRunning -- launch failed, reason: Unity was launched with the -noUpm command-line argument
[Package Manager] UpmClient::Send -- Unable to send message (not connected to UPM process).
[Package Manager] Cannot connect to Unity Package Manager local server
- Finished resetting the current domain, in  1.123 seconds
Domain Reload Profiling: 1553ms
	BeginReloadAssembly (123ms)
		ExecutionOrderSort (0ms)
		DisableScriptedObjects (3ms)
		BackupInstance (0ms)
		ReleaseScriptingObjects (0ms)
		CreateAndSetChildDomain (31ms)
	RebuildCommonClasses (32ms)
	RebuildNativeTypeToScriptingClass (10ms)
	initialDomainReloadingComplete (28ms)
	LoadAllAssembliesAndSetupDomain (236ms)
		LoadAssemblies (273ms)
		RebuildTransferFunctionScriptingTraits (0ms)
		AnalyzeDomain (26ms)
			TypeCache.Refresh (8ms)
				TypeCache.ScanAssembly (0ms)
			ScanForSourceGeneratedMonoScriptInfo (0ms)
			ResolveRequiredComponents (16ms)
	FinalizeReload (1123ms)
		ReleaseScriptCaches (0ms)
		RebuildScriptCaches (0ms)
		SetupLoadedEditorAssemblies (469ms)
			LogAssemblyErrors (0ms)
			InitializePlatformSupportModulesInManaged (5ms)
			SetLoadedEditorAssemblies (5ms)
			RefreshPlugins (0ms)
			BeforeProcessingInitializeOnLoad (76ms)
			ProcessInitializeOnLoadAttributes (359ms)
			ProcessInitializeOnLoadMethodAttributes (20ms)
			AfterProcessingInitializeOnLoad (4ms)
			EditorAssembliesLoaded (0ms)
		ExecutionOrderSort2 (0ms)
		AwakeInstancesAfterBackupRestoration (5ms)
Refreshing native plugins compatible for Editor in 5.30 ms, found 6 plugins.
Preloading 0 native plugins for Editor in 0.00 ms.
Unloading 7879 Unused Serialized files (Serialized files now loaded: 0)
Unloading 212 unused Assets / (15.5 MB). Loaded Objects now: 8715.
Memory consumption went from 307.5 MB to 292.0 MB.
Total: 7.315800 ms (FindLiveObjects: 0.784500 ms CreateObjectMapping: 0.460900 ms MarkObjects: 3.180300 ms  DeleteObjects: 2.888300 ms)

Prepare: number of updated asset objects reloaded= 0
AssetImportParameters requested are different than current active one (requested -> active):
  custom:container-demuxer-ogg: 62fdf1f143b41e24485cea50d1cbac27 -> 
  custom:framework-win-MediaFoundation: 216162199b28c13a410421893ffa2e32 -> 
  custom:container-muxer-webm: aa71ff27fc2769a1b78a27578f13a17b -> 
  custom:video-decoder-webm-vp8: 9c59270c3fd7afecdb556c50c9e8de78 -> 
  custom:SearchIndexIgnoredProperties: e643bd26f0fe6173181afceb89e7c659 -> 
  custom:AudioImporter_EditorPlatform: d09bf68614088b80899f8185d706f6e7 -> 
  custom:audio-decoder-ogg-vorbis: bf7c407c2cedff20999df2af8eb42d56 -> 
  custom:audio-encoder-webm-vorbis: bf7c407c2cedff20999df2af8eb42d56 -> 
  custom:video-codec-MediaFoundation-h265: 746d11721c4dcdbdad8f713fa42b33f4 -> 
  custom:video-decoder-ogg-theora: a1e56fd34408186e4bbccfd4996cb3dc -> 
  custom:CustomObjectIndexerAttribute: a3ef5dd2817f97addfee359851a9dba5 -> 
  custom:container-demuxer-webm: 4f35f7cbe854078d1ac9338744f61a02 -> 
  custom:video-encoder-webm-vp8: eb34c28f22e8b96e1ab97ce403110664 -> 
========================================================================
Received Prepare
Begin MonoManager ReloadAssembly
Symbol file data-000002038E675E00 doesn't match image C:\Users\rui02\unity_project\IVRC\IVRC\Library\ScriptAssemblies\UniHumanoid.Editor.dll
Symbol file LoadedFromMemory is not a mono symbol file
Symbol file data-00000203A00FEC50 doesn't match image C:\Users\rui02\unity_project\IVRC\IVRC\Library\ScriptAssemblies\Unity.XR.Management.dll
Symbol file LoadedFromMemory is not a mono symbol file
Symbol file data-00000203A18AD210 doesn't match image C:\Users\rui02\unity_project\IVRC\IVRC\Library\ScriptAssemblies\UniHumanoid.Editor.Tests.dll
Symbol file LoadedFromMemory is not a mono symbol file
Symbol file data-00000203A2768020 doesn't match image C:\Users\rui02\unity_project\IVRC\IVRC\Library\ScriptAssemblies\Unity.VisualEffectGraph.Runtime.dll
Symbol file LoadedFromMemory is not a mono symbol file
Symbol file data-000002038D946020 doesn't match image C:\Users\rui02\unity_project\IVRC\IVRC\Library\ScriptAssemblies\Unity.RenderPipelines.Core.Runtime.dll
Symbol file LoadedFromMemory is not a mono symbol file
Symbol file data-00000203E506A020 doesn't match image C:\Users\rui02\unity_project\IVRC\IVRC\Library\ScriptAssemblies\Unity.Burst.Editor.dll
Symbol file LoadedFromMemory is not a mono symbol file
Symbol file data-00000203A15BD030 doesn't match image C:\Users\rui02\unity_project\IVRC\IVRC\Library\ScriptAssemblies\SteamVR.dll
Symbol file LoadedFromMemory is not a mono symbol file
Symbol file data-00000203A18AD210 doesn't match image C:\Users\rui02\unity_project\IVRC\IVRC\Library\ScriptAssemblies\VRMShaders.GLTF.UniUnlit.Runtime.dll
Symbol file LoadedFromMemory is not a mono symbol file
Symbol file data-00000203A18AD210 doesn't match image C:\Users\rui02\unity_project\IVRC\IVRC\Library\ScriptAssemblies\SteamVR_Windows_EditorHelper.dll
Symbol file LoadedFromMemory is not a mono symbol file
Symbol file data-00000203EA141120 doesn't match image C:\Users\rui02\unity_project\IVRC\IVRC\Library\ScriptAssemblies\UniGLTF.dll
Symbol file LoadedFromMemory is not a mono symbol file
Symbol file data-00000203A018F9C0 doesn't match image C:\Users\rui02\unity_project\IVRC\IVRC\Library\ScriptAssemblies\Unity.Rider.Editor.dll
Symbol file LoadedFromMemory is not a mono symbol file
Symbol file data-00000203EC793010 doesn't match image C:\Users\rui02\unity_project\IVRC\IVRC\Library\ScriptAssemblies\VRMShaders.VRM10.MToon10.Tests.dll
Symbol file LoadedFromMemory is not a mono symbol file
Symbol file data-00000203C4049010 doesn't match image C:\Users\rui02\unity_project\IVRC\IVRC\Library\ScriptAssemblies\Unity.RenderPipelines.Core.Editor.dll
Symbol file LoadedFromMemory is not a mono symbol file
Symbol file data-00000203C3A16D50 doesn't match image C:\Users\rui02\unity_project\IVRC\IVRC\Library\ScriptAssemblies\Unity.VisualEffectGraph.Editor.dll
Symbol file LoadedFromMemory is not a mono symbol file
Symbol file data-000002039F8B2CB0 doesn't match image C:\Users\rui02\unity_project\IVRC\IVRC\Library\ScriptAssemblies\UnityEditor.TestRunner.dll
Symbol file LoadedFromMemory is not a mono symbol file
Symbol file data-00000203E69FB020 doesn't match image C:\Users\rui02\unity_project\IVRC\IVRC\Library\ScriptAssemblies\Unity.VisualScripting.Flow.dll
Symbol file LoadedFromMemory is not a mono symbol file
Symbol file data-000002039ECE0030 doesn't match image C:\Users\rui02\unity_project\IVRC\IVRC\Library\ScriptAssemblies\Unity.Mathematics.Editor.dll
Symbol file LoadedFromMemory is not a mono symbol file
Symbol file data-000002039ECE0030 doesn't match image C:\Users\rui02\unity_project\IVRC\IVRC\Library\ScriptAssemblies\Unity.TestTools.CodeCoverage.Editor.OpenCover.Mono.Reflection.dll
Symbol file LoadedFromMemory is not a mono symbol file
Symbol file data-000002039F8D0B80 doesn't match image C:\Users\rui02\unity_project\IVRC\IVRC\Library\ScriptAssemblies\VRMShaders.VRM10.MToon10.Editor.dll
Symbol file LoadedFromMemory is not a mono symbol file
Symbol file data-00000203A18AD210 doesn't match image C:\Users\rui02\unity_project\IVRC\IVRC\Library\ScriptAssemblies\UniGLTF.Utils.dll
Symbol file LoadedFromMemory is not a mono symbol file
Symbol file data-00000203A18AD210 doesn't match image C:\Users\rui02\unity_project\IVRC\IVRC\Library\ScriptAssemblies\Unity.RenderPipelines.HighDefinition.Config.Runtime.dll
Symbol file LoadedFromMemory is not a mono symbol file
Symbol file data-00000203EAEB2010 doesn't match image C:\Users\rui02\unity_project\IVRC\IVRC\Library\ScriptAssemblies\MToon.Editor.dll
Symbol file LoadedFromMemory is not a mono symbol file
Symbol file data-000002040E72FC20 doesn't match image C:\Users\rui02\unity_project\IVRC\IVRC\Library\ScriptAssemblies\Unity.Performance.Profile-Analyzer.Editor.dll
Symbol file LoadedFromMemory is not a mono symbol file
Symbol file data-00000203A205B330 doesn't match image C:\Users\rui02\unity_project\IVRC\IVRC\Library\ScriptAssemblies\Unity.RenderPipelines.Core.ShaderLibrary.dll
Symbol file LoadedFromMemory is not a mono symbol file
Symbol file data-00000203EB911F80 doesn't match image C:\Users\rui02\unity_project\IVRC\IVRC\Library\ScriptAssemblies\Unity.XR.Management.Editor.dll
Symbol file LoadedFromMemory is not a mono symbol file
Symbol file data-00000203A18AD210 doesn't match image C:\Users\rui02\unity_project\IVRC\IVRC\Library\ScriptAssemblies\VRMShaders.VRM.IO.Runtime.dll
Symbol file LoadedFromMemory is not a mono symbol file
Symbol file data-00000203A1A83170 doesn't match image C:\Users\rui02\unity_project\IVRC\IVRC\Library\ScriptAssemblies\Unity.TestTools.CodeCoverage.Editor.dll
Symbol file LoadedFromMemory is not a mono symbol file
Symbol file data-000002039B841020 doesn't match image C:\Users\rui02\unity_project\IVRC\IVRC\Library\ScriptAssemblies\VRM.dll
Symbol file LoadedFromMemory is not a mono symbol file
Symbol file data-00000203A18AD210 doesn't match image C:\Users\rui02\unity_project\IVRC\IVRC\Library\ScriptAssemblies\VRMShaders.GLTF.UniUnlit.Editor.dll
Symbol file LoadedFromMemory is not a mono symbol file
Symbol file data-00000203A18AD210 doesn't match image C:\Users\rui02\unity_project\IVRC\IVRC\Library\ScriptAssemblies\PPv2URPConverters.dll
Symbol file LoadedFromMemory is not a mono symbol file
Symbol file data-000002039ED45B80 doesn't match image C:\Users\rui02\unity_project\IVRC\IVRC\Library\ScriptAssemblies\Unity.XR.OpenVR.dll
Symbol file LoadedFromMemory is not a mono symbol file
Symbol file data-00000203993E7020 doesn't match image C:\Users\rui02\unity_project\IVRC\IVRC\Library\ScriptAssemblies\Unity.Settings.Editor.dll
Symbol file LoadedFromMemory is not a mono symbol file
Symbol file data-00000203E69FB020 doesn't match image C:\Users\rui02\unity_project\IVRC\IVRC\Library\ScriptAssemblies\Unity.TextMeshPro.dll
Symbol file LoadedFromMemory is not a mono symbol file
Symbol file data-00000203A192DC40 doesn't match image C:\Users\rui02\unity_project\IVRC\IVRC\Library\ScriptAssemblies\VRMShaders.VRM10.Format.Runtime.dll
Symbol file LoadedFromMemory is not a mono symbol file
Symbol file data-000002039F0BB010 doesn't match image C:\Users\rui02\unity_project\IVRC\IVRC\Library\ScriptAssemblies\Unity.Burst.CodeGen.dll
Symbol file LoadedFromMemory is not a mono symbol file
Symbol file data-0000020398C31010 doesn't match image C:\Users\rui02\unity_project\IVRC\IVRC\Library\ScriptAssemblies\Unity.VSCode.Editor.dll
Symbol file LoadedFromMemory is not a mono symbol file
Symbol file data-000002039D2B1780 doesn't match image C:\Users\rui02\unity_project\IVRC\IVRC\Library\ScriptAssemblies\UniGLTF.Editor.dll
Symbol file LoadedFromMemory is not a mono symbol file
Symbol file data-00000203E7190080 doesn't match image C:\Users\rui02\unity_project\IVRC\IVRC\Library\ScriptAssemblies\Unity.RenderPipelines.Universal.Editor.dll
Symbol file LoadedFromMemory is not a mono symbol file
Symbol file data-00000203A16E8020 doesn't match image C:\Users\rui02\unity_project\IVRC\IVRC\Library\ScriptAssemblies\Unity.RenderPipelines.HighDefinition.Editor.dll
Symbol file LoadedFromMemory is not a mono symbol file
Symbol file data-000002039F8D0B80 doesn't match image C:\Users\rui02\unity_project\IVRC\IVRC\Library\ScriptAssemblies\VRM.Samples.Editor.Tests.dll
Symbol file LoadedFromMemory is not a mono symbol file
Symbol file data-00000203A205B330 doesn't match image C:\Users\rui02\unity_project\IVRC\IVRC\Library\ScriptAssemblies\Unity.RenderPipelines.ShaderGraph.ShaderGraphLibrary.dll
Symbol file LoadedFromMemory is not a mono symbol file
Symbol file data-000002039F8D0B80 doesn't match image C:\Users\rui02\unity_project\IVRC\IVRC\Library\ScriptAssemblies\Unity.EditorCoroutines.Editor.dll
Symbol file LoadedFromMemory is not a mono symbol file
Symbol file data-00000203E5BF0010 doesn't match image C:\Users\rui02\unity_project\IVRC\IVRC\Library\ScriptAssemblies\FastSpringBone.dll
Symbol file LoadedFromMemory is not a mono symbol file
Symbol file data-00000203EE21AFC0 doesn't match image C:\Users\rui02\unity_project\IVRC\IVRC\Library\ScriptAssemblies\Unity.TerrainTools.Editor.dll
Symbol file LoadedFromMemory is not a mono symbol file
Symbol file data-00000203E9D05020 doesn't match image C:\Users\rui02\unity_project\IVRC\IVRC\Library\ScriptAssemblies\Unity.RenderPipelines.Universal.Runtime.dll
Symbol file LoadedFromMemory is not a mono symbol file
Symbol file data-000002036B43B030 doesn't match image C:\Users\rui02\unity_project\IVRC\IVRC\Library\ScriptAssemblies\MToon.dll
Symbol file LoadedFromMemory is not a mono symbol file
Symbol file data-000002036B205840 doesn't match image C:\Users\rui02\unity_project\IVRC\IVRC\Library\ScriptAssemblies\UniHumanoid.dll
Symbol file LoadedFromMemory is not a mono symbol file
Symbol file data-00000203E69FB020 doesn't match image C:\Users\rui02\unity_project\IVRC\IVRC\Library\ScriptAssemblies\Unity.Burst.dll
Symbol file LoadedFromMemory is not a mono symbol file
Symbol file data-000002039FDDBC50 doesn't match image C:\Users\rui02\unity_project\IVRC\IVRC\Library\ScriptAssemblies\UnityEngine.XR.LegacyInputHelpers.dll
Symbol file LoadedFromMemory is not a mono symbol file
Symbol file data-00000203A0412510 doesn't match image C:\Users\rui02\unity_project\IVRC\IVRC\Library\ScriptAssemblies\UniGLTF.Tests.dll
Symbol file LoadedFromMemory is not a mono symbol file
Symbol file data-000002039EA6CFF0 doesn't match image C:\Users\rui02\unity_project\IVRC\IVRC\Library\ScriptAssemblies\VRMShaders.GLTF.IO.Runtime.dll
Symbol file LoadedFromMemory is not a mono symbol file
Symbol file data-000002040E813010 doesn't match image C:\Users\rui02\unity_project\IVRC\IVRC\Library\ScriptAssemblies\Unity.Timeline.Editor.dll
Symbol file LoadedFromMemory is not a mono symbol file
Symbol file data-000002036B43B030 doesn't match image C:\Users\rui02\unity_project\IVRC\IVRC\Library\ScriptAssemblies\Unity.VisualScripting.Shared.Editor.dll
Symbol file LoadedFromMemory is not a mono symbol file
Symbol file data-00000203A192DC40 doesn't match image C:\Users\rui02\unity_project\IVRC\IVRC\Library\ScriptAssemblies\Unity.TerrainTools.dll
Symbol file LoadedFromMemory is not a mono symbol file
Symbol file data-00000203E57A3130 doesn't match image C:\Users\rui02\unity_project\IVRC\IVRC\Library\ScriptAssemblies\Unity.PlasticSCM.Editor.dll
Symbol file LoadedFromMemory is not a mono symbol file
Symbol file data-00000203A18AD210 doesn't match image C:\Users\rui02\unity_project\IVRC\IVRC\Library\ScriptAssemblies\Unity.CollabProxy.Editor.dll
Symbol file LoadedFromMemory is not a mono symbol file
Symbol file data-00000203A18AD210 doesn't match image C:\Users\rui02\unity_project\IVRC\IVRC\Library\ScriptAssemblies\UnityEditor.SpatialTracking.dll
Symbol file LoadedFromMemory is not a mono symbol file
Symbol file data-000002039F97AF80 doesn't match image C:\Users\rui02\unity_project\IVRC\IVRC\Library\ScriptAssemblies\UniVRM.Editor.dll
Symbol file LoadedFromMemory is not a mono symbol file
Symbol file data-00000203A2187C50 doesn't match image C:\Users\rui02\unity_project\IVRC\IVRC\Library\ScriptAssemblies\Unity.ShaderGraph.Editor.dll
Symbol file LoadedFromMemory is not a mono symbol file
Symbol file data-00000203A2013D00 doesn't match image C:\Users\rui02\unity_project\IVRC\IVRC\Library\ScriptAssemblies\Unity.VisualStudio.Editor.dll
Symbol file LoadedFromMemory is not a mono symbol file
Symbol file data-000002039D395F50 doesn't match image C:\Users\rui02\unity_project\IVRC\IVRC\Library\ScriptAssemblies\UnityEditor.UI.dll
Symbol file LoadedFromMemory is not a mono symbol file
Symbol file data-00000203E71D1050 doesn't match image C:\Users\rui02\unity_project\IVRC\IVRC\Library\ScriptAssemblies\Unity.VisualScripting.Core.dll
Symbol file LoadedFromMemory is not a mono symbol file
Symbol file data-000002039D395F50 doesn't match image C:\Users\rui02\unity_project\IVRC\IVRC\Library\ScriptAssemblies\SteamVR_Input_Editor.dll
Symbol file LoadedFromMemory is not a mono symbol file
Symbol file data-00000203E8B84030 doesn't match image C:\Users\rui02\unity_project\IVRC\IVRC\Library\ScriptAssemblies\Unity.VisualScripting.Core.Editor.dll
Symbol file LoadedFromMemory is not a mono symbol file
Symbol file data-00000203EAEB2010 doesn't match image C:\Users\rui02\unity_project\IVRC\IVRC\Library\ScriptAssemblies\UnityEngine.SpatialTracking.dll
Symbol file LoadedFromMemory is not a mono symbol file
Symbol file data-000002039F9488A0 doesn't match image C:\Users\rui02\unity_project\IVRC\IVRC\Library\ScriptAssemblies\UnityEngine.UI.dll
Symbol file LoadedFromMemory is not a mono symbol file
Symbol file data-00000203EAEB2010 doesn't match image C:\Users\rui02\unity_project\IVRC\IVRC\Library\ScriptAssemblies\VRMShaders.GLTF.IO.Tests.dll
Symbol file LoadedFromMemory is not a mono symbol file
Symbol file data-00000203A00FEC50 doesn't match image C:\Users\rui02\unity_project\IVRC\IVRC\Library\ScriptAssemblies\UnityEditor.XR.LegacyInputHelpers.dll
Symbol file LoadedFromMemory is not a mono symbol file
Symbol file data-000002039FC49C80 doesn't match image C:\Users\rui02\unity_project\IVRC\IVRC\Library\ScriptAssemblies\SteamVR_Editor.dll
Symbol file LoadedFromMemory is not a mono symbol file
Symbol file data-00000203E6ADA030 doesn't match image C:\Users\rui02\unity_project\IVRC\IVRC\Library\ScriptAssemblies\Unity.VisualScripting.Flow.Editor.dll
Symbol file LoadedFromMemory is not a mono symbol file
Symbol file data-00000203A18AD210 doesn't match image C:\Users\rui02\unity_project\IVRC\IVRC\Library\ScriptAssemblies\Unity.RenderPipeline.Universal.ShaderLibrary.dll
Symbol file LoadedFromMemory is not a mono symbol file
Symbol file data-00000203E4495AC0 doesn't match image C:\Users\rui02\unity_project\IVRC\IVRC\Library\ScriptAssemblies\Unity.Timeline.dll
Symbol file LoadedFromMemory is not a mono symbol file
Symbol file data-000002039ECE0030 doesn't match image C:\Users\rui02\unity_project\IVRC\IVRC\Library\ScriptAssemblies\Unity.XR.OpenVR.Editor.dll
Symbol file LoadedFromMemory is not a mono symbol file
Symbol file data-00000203A2959030 doesn't match image C:\Users\rui02\unity_project\IVRC\IVRC\Library\ScriptAssemblies\VRMShaders.VRM10.MToon10.Runtime.dll
Symbol file LoadedFromMemory is not a mono symbol file
Symbol file data-000002039ECE0030 doesn't match image C:\Users\rui02\unity_project\IVRC\IVRC\Library\ScriptAssemblies\Unity.VisualScripting.SettingsProvider.Editor.dll
Symbol file LoadedFromMemory is not a mono symbol file
Symbol file data-000002038E48B010 doesn't match image C:\Users\rui02\unity_project\IVRC\IVRC\Library\ScriptAssemblies\Unity.TestTools.CodeCoverage.Editor.OpenCover.Model.dll
Symbol file LoadedFromMemory is not a mono symbol file
Symbol file data-00000203EB618AA0 doesn't match image C:\Users\rui02\unity_project\IVRC\IVRC\Library\ScriptAssemblies\VRMShaders.GLTF.IO.Editor.dll
Symbol file LoadedFromMemory is not a mono symbol file
Symbol file data-00000203A1E99EC0 doesn't match image C:\Users\rui02\unity_project\IVRC\IVRC\Library\ScriptAssemblies\UnityEngine.TestRunner.dll
Symbol file LoadedFromMemory is not a mono symbol file
Symbol file data-000002039D395F50 doesn't match image C:\Users\rui02\unity_project\IVRC\IVRC\Library\ScriptAssemblies\Unity.VisualScripting.State.Editor.dll
Symbol file LoadedFromMemory is not a mono symbol file
Symbol file data-0000020399457050 doesn't match image C:\Users\rui02\unity_project\IVRC\IVRC\Library\ScriptAssemblies\Unity.Mathematics.dll
Symbol file LoadedFromMemory is not a mono symbol file
Symbol file data-00000203A205B330 doesn't match image C:\Users\rui02\unity_project\IVRC\IVRC\Library\ScriptAssemblies\Unity.RenderPipelines.Universal.Shaders.dll
Symbol file LoadedFromMemory is not a mono symbol file
Symbol file data-000002039EE8F8D0 doesn't match image C:\Users\rui02\unity_project\IVRC\IVRC\Library\ScriptAssemblies\Unity.TextMeshPro.Editor.dll
Symbol file LoadedFromMemory is not a mono symbol file
Symbol file data-00000203993E7020 doesn't match image C:\Users\rui02\unity_project\IVRC\IVRC\Library\ScriptAssemblies\Unity.Searcher.Editor.dll
Symbol file LoadedFromMemory is not a mono symbol file
Symbol file data-0000020398C31010 doesn't match image C:\Users\rui02\unity_project\IVRC\IVRC\Library\ScriptAssemblies\Unity.VisualScripting.State.dll
Symbol file LoadedFromMemory is not a mono symbol file
Symbol file data-00000203E455F010 doesn't match image C:\Users\rui02\unity_project\IVRC\IVRC\Library\ScriptAssemblies\Unity.ShaderGraph.Utilities.dll
Symbol file LoadedFromMemory is not a mono symbol file
Symbol file data-00000203E590E010 doesn't match image C:\Users\rui02\unity_project\IVRC\IVRC\Library\ScriptAssemblies\Unity.RenderPipelines.HighDefinition.Runtime.dll
Symbol file LoadedFromMemory is not a mono symbol file
Symbol file data-000002039FC49C80 doesn't match image C:\Users\rui02\unity_project\IVRC\IVRC\Library\ScriptAssemblies\VRM.Tests.dll
Symbol file LoadedFromMemory is not a mono symbol file
- Loaded All Assemblies, in  0.884 seconds
Refreshing native plugins compatible for Editor in 5.90 ms, found 6 plugins.
Native extension for WindowsStandalone target not found
Native extension for WebGL target not found
[Package Manager] Server::EnsureServerProcessIsRunning -- launch failed, reason: Unity was launched with the -noUpm command-line argument
[Package Manager] UpmClient::Send -- Unable to send message (not connected to UPM process).
[Package Manager] Cannot connect to Unity Package Manager local server
[Package Manager] Server::EnsureServerProcessIsRunning -- launch failed, reason: Unity was launched with the -noUpm command-line argument
[Package Manager] UpmClient::Send -- Unable to send message (not connected to UPM process).
[Package Manager] Cannot connect to Unity Package Manager local server
Mono: successfully reloaded assembly
[Package Manager] Server::EnsureServerProcessIsRunning -- launch failed, reason: Unity was launched with the -noUpm command-line argument
[Package Manager] UpmClient::Send -- Unable to send message (not connected to UPM process).
[Package Manager] Cannot connect to Unity Package Manager local server
- Finished resetting the current domain, in  8.678 seconds
Domain Reload Profiling: 9559ms
	BeginReloadAssembly (154ms)
		ExecutionOrderSort (0ms)
		DisableScriptedObjects (5ms)
		BackupInstance (0ms)
		ReleaseScriptingObjects (0ms)
		CreateAndSetChildDomain (52ms)
	RebuildCommonClasses (26ms)
	RebuildNativeTypeToScriptingClass (9ms)
	initialDomainReloadingComplete (25ms)
	LoadAllAssembliesAndSetupDomain (667ms)
		LoadAssemblies (658ms)
		RebuildTransferFunctionScriptingTraits (0ms)
		AnalyzeDomain (74ms)
			TypeCache.Refresh (14ms)
				TypeCache.ScanAssembly (1ms)
			ScanForSourceGeneratedMonoScriptInfo (40ms)
			ResolveRequiredComponents (19ms)
	FinalizeReload (8678ms)
		ReleaseScriptCaches (0ms)
		RebuildScriptCaches (0ms)
		SetupLoadedEditorAssemblies (480ms)
			LogAssemblyErrors (0ms)
			InitializePlatformSupportModulesInManaged (5ms)
			SetLoadedEditorAssemblies (5ms)
			RefreshPlugins (0ms)
			BeforeProcessingInitializeOnLoad (76ms)
			ProcessInitializeOnLoadAttributes (370ms)
			ProcessInitializeOnLoadMethodAttributes (22ms)
			AfterProcessingInitializeOnLoad (4ms)
			EditorAssembliesLoaded (0ms)
		ExecutionOrderSort2 (0ms)
		AwakeInstancesAfterBackupRestoration (4ms)
Refreshing native plugins compatible for Editor in 4.04 ms, found 6 plugins.
Preloading 0 native plugins for Editor in 0.00 ms.
Unloading 7879 Unused Serialized files (Serialized files now loaded: 0)
Unloading 212 unused Assets / (15.5 MB). Loaded Objects now: 8731.
Memory consumption went from 307.5 MB to 292.0 MB.
Total: 5.973500 ms (FindLiveObjects: 0.430800 ms CreateObjectMapping: 0.303000 ms MarkObjects: 2.480800 ms  DeleteObjects: 2.758100 ms)

Prepare: number of updated asset objects reloaded= 0
AssetImportParameters requested are different than current active one (requested -> active):
  custom:container-demuxer-ogg: 62fdf1f143b41e24485cea50d1cbac27 -> 
  custom:framework-win-MediaFoundation: 216162199b28c13a410421893ffa2e32 -> 
  custom:container-muxer-webm: aa71ff27fc2769a1b78a27578f13a17b -> 
  custom:video-decoder-webm-vp8: 9c59270c3fd7afecdb556c50c9e8de78 -> 
  custom:SearchIndexIgnoredProperties: e643bd26f0fe6173181afceb89e7c659 -> 
  custom:AudioImporter_EditorPlatform: d09bf68614088b80899f8185d706f6e7 -> 
  custom:audio-decoder-ogg-vorbis: bf7c407c2cedff20999df2af8eb42d56 -> 
  custom:audio-encoder-webm-vorbis: bf7c407c2cedff20999df2af8eb42d56 -> 
  custom:video-codec-MediaFoundation-h265: 746d11721c4dcdbdad8f713fa42b33f4 -> 
  custom:video-decoder-ogg-theora: a1e56fd34408186e4bbccfd4996cb3dc -> 
  custom:CustomObjectIndexerAttribute: a3ef5dd2817f97addfee359851a9dba5 -> 
  custom:container-demuxer-webm: 4f35f7cbe854078d1ac9338744f61a02 -> 
  custom:video-encoder-webm-vp8: eb34c28f22e8b96e1ab97ce403110664 -> 
========================================================================
Received Prepare
Begin MonoManager ReloadAssembly
Symbol file data-000002038E675E00 doesn't match image C:\Users\rui02\unity_project\IVRC\IVRC\Library\ScriptAssemblies\UniHumanoid.Editor.dll
Symbol file LoadedFromMemory is not a mono symbol file
Symbol file data-00000203A00FEC50 doesn't match image C:\Users\rui02\unity_project\IVRC\IVRC\Library\ScriptAssemblies\Unity.XR.Management.dll
Symbol file LoadedFromMemory is not a mono symbol file
Symbol file data-00000203A18AD210 doesn't match image C:\Users\rui02\unity_project\IVRC\IVRC\Library\ScriptAssemblies\UniHumanoid.Editor.Tests.dll
Symbol file LoadedFromMemory is not a mono symbol file
Symbol file data-00000203A2768020 doesn't match image C:\Users\rui02\unity_project\IVRC\IVRC\Library\ScriptAssemblies\Unity.VisualEffectGraph.Runtime.dll
Symbol file LoadedFromMemory is not a mono symbol file
Symbol file data-000002038D946020 doesn't match image C:\Users\rui02\unity_project\IVRC\IVRC\Library\ScriptAssemblies\Unity.RenderPipelines.Core.Runtime.dll
Symbol file LoadedFromMemory is not a mono symbol file
Symbol file data-00000203E506A020 doesn't match image C:\Users\rui02\unity_project\IVRC\IVRC\Library\ScriptAssemblies\Unity.Burst.Editor.dll
Symbol file LoadedFromMemory is not a mono symbol file
Symbol file data-00000203A15BD030 doesn't match image C:\Users\rui02\unity_project\IVRC\IVRC\Library\ScriptAssemblies\SteamVR.dll
Symbol file LoadedFromMemory is not a mono symbol file
Symbol file data-00000203A18AD210 doesn't match image C:\Users\rui02\unity_project\IVRC\IVRC\Library\ScriptAssemblies\VRMShaders.GLTF.UniUnlit.Runtime.dll
Symbol file LoadedFromMemory is not a mono symbol file
Symbol file data-00000203A18AD210 doesn't match image C:\Users\rui02\unity_project\IVRC\IVRC\Library\ScriptAssemblies\SteamVR_Windows_EditorHelper.dll
Symbol file LoadedFromMemory is not a mono symbol file
Symbol file data-00000203EA141120 doesn't match image C:\Users\rui02\unity_project\IVRC\IVRC\Library\ScriptAssemblies\UniGLTF.dll
Symbol file LoadedFromMemory is not a mono symbol file
Symbol file data-00000203E4633020 doesn't match image C:\Users\rui02\unity_project\IVRC\IVRC\Library\ScriptAssemblies\Unity.Rider.Editor.dll
Symbol file LoadedFromMemory is not a mono symbol file
Symbol file data-00000203EC793010 doesn't match image C:\Users\rui02\unity_project\IVRC\IVRC\Library\ScriptAssemblies\VRMShaders.VRM10.MToon10.Tests.dll
Symbol file LoadedFromMemory is not a mono symbol file
Symbol file data-00000203C4049010 doesn't match image C:\Users\rui02\unity_project\IVRC\IVRC\Library\ScriptAssemblies\Unity.RenderPipelines.Core.Editor.dll
Symbol file LoadedFromMemory is not a mono symbol file
Symbol file data-00000203C3A16D50 doesn't match image C:\Users\rui02\unity_project\IVRC\IVRC\Library\ScriptAssemblies\Unity.VisualEffectGraph.Editor.dll
Symbol file LoadedFromMemory is not a mono symbol file
Symbol file data-00000203E49A3020 doesn't match image C:\Users\rui02\unity_project\IVRC\IVRC\Library\ScriptAssemblies\UnityEditor.TestRunner.dll
Symbol file LoadedFromMemory is not a mono symbol file
Symbol file data-00000203ECCE1010 doesn't match image C:\Users\rui02\unity_project\IVRC\IVRC\Library\ScriptAssemblies\Unity.VisualScripting.Flow.dll
Symbol file LoadedFromMemory is not a mono symbol file
Symbol file data-000002039ECE0030 doesn't match image C:\Users\rui02\unity_project\IVRC\IVRC\Library\ScriptAssemblies\Unity.Mathematics.Editor.dll
Symbol file LoadedFromMemory is not a mono symbol file
Symbol file data-000002039ECE0030 doesn't match image C:\Users\rui02\unity_project\IVRC\IVRC\Library\ScriptAssemblies\Unity.TestTools.CodeCoverage.Editor.OpenCover.Mono.Reflection.dll
Symbol file LoadedFromMemory is not a mono symbol file
Symbol file data-000002039F8D0B80 doesn't match image C:\Users\rui02\unity_project\IVRC\IVRC\Library\ScriptAssemblies\VRMShaders.VRM10.MToon10.Editor.dll
Symbol file LoadedFromMemory is not a mono symbol file
Symbol file data-00000203A18AD210 doesn't match image C:\Users\rui02\unity_project\IVRC\IVRC\Library\ScriptAssemblies\UniGLTF.Utils.dll
Symbol file LoadedFromMemory is not a mono symbol file
Symbol file data-00000203A18AD210 doesn't match image C:\Users\rui02\unity_project\IVRC\IVRC\Library\ScriptAssemblies\Unity.RenderPipelines.HighDefinition.Config.Runtime.dll
Symbol file LoadedFromMemory is not a mono symbol file
Symbol file data-00000203EAEB2010 doesn't match image C:\Users\rui02\unity_project\IVRC\IVRC\Library\ScriptAssemblies\MToon.Editor.dll
Symbol file LoadedFromMemory is not a mono symbol file
Symbol file data-000002040E72FC20 doesn't match image C:\Users\rui02\unity_project\IVRC\IVRC\Library\ScriptAssemblies\Unity.Performance.Profile-Analyzer.Editor.dll
Symbol file LoadedFromMemory is not a mono symbol file
Symbol file data-00000203A205B330 doesn't match image C:\Users\rui02\unity_project\IVRC\IVRC\Library\ScriptAssemblies\Unity.RenderPipelines.Core.ShaderLibrary.dll
Symbol file LoadedFromMemory is not a mono symbol file
Symbol file data-00000203EB911F80 doesn't match image C:\Users\rui02\unity_project\IVRC\IVRC\Library\ScriptAssemblies\Unity.XR.Management.Editor.dll
Symbol file LoadedFromMemory is not a mono symbol file
Symbol file data-00000203A18AD210 doesn't match image C:\Users\rui02\unity_project\IVRC\IVRC\Library\ScriptAssemblies\VRMShaders.VRM.IO.Runtime.dll
Symbol file LoadedFromMemory is not a mono symbol file
Symbol file data-00000203A1A83170 doesn't match image C:\Users\rui02\unity_project\IVRC\IVRC\Library\ScriptAssemblies\Unity.TestTools.CodeCoverage.Editor.dll
Symbol file LoadedFromMemory is not a mono symbol file
Symbol file data-000002039B841020 doesn't match image C:\Users\rui02\unity_project\IVRC\IVRC\Library\ScriptAssemblies\VRM.dll
Symbol file LoadedFromMemory is not a mono symbol file
Symbol file data-00000203A18AD210 doesn't match image C:\Users\rui02\unity_project\IVRC\IVRC\Library\ScriptAssemblies\VRMShaders.GLTF.UniUnlit.Editor.dll
Symbol file LoadedFromMemory is not a mono symbol file
Symbol file data-00000203A18AD210 doesn't match image C:\Users\rui02\unity_project\IVRC\IVRC\Library\ScriptAssemblies\PPv2URPConverters.dll
Symbol file LoadedFromMemory is not a mono symbol file
Symbol file data-000002039ED45B80 doesn't match image C:\Users\rui02\unity_project\IVRC\IVRC\Library\ScriptAssemblies\Unity.XR.OpenVR.dll
Symbol file LoadedFromMemory is not a mono symbol file
Symbol file data-00000203993E7020 doesn't match image C:\Users\rui02\unity_project\IVRC\IVRC\Library\ScriptAssemblies\Unity.Settings.Editor.dll
Symbol file LoadedFromMemory is not a mono symbol file
Symbol file data-00000203ECCE1010 doesn't match image C:\Users\rui02\unity_project\IVRC\IVRC\Library\ScriptAssemblies\Unity.TextMeshPro.dll
Symbol file LoadedFromMemory is not a mono symbol file
Symbol file data-00000203A192DC40 doesn't match image C:\Users\rui02\unity_project\IVRC\IVRC\Library\ScriptAssemblies\VRMShaders.VRM10.Format.Runtime.dll
Symbol file LoadedFromMemory is not a mono symbol file
Symbol file data-00000203A197DA40 doesn't match image C:\Users\rui02\unity_project\IVRC\IVRC\Library\ScriptAssemblies\Unity.Burst.CodeGen.dll
Symbol file LoadedFromMemory is not a mono symbol file
Symbol file data-00000203A18E62F0 doesn't match image C:\Users\rui02\unity_project\IVRC\IVRC\Library\ScriptAssemblies\Unity.VSCode.Editor.dll
Symbol file LoadedFromMemory is not a mono symbol file
Symbol file data-00000203E5827020 doesn't match image C:\Users\rui02\unity_project\IVRC\IVRC\Library\ScriptAssemblies\UniGLTF.Editor.dll
Symbol file LoadedFromMemory is not a mono symbol file
Symbol file data-00000203C3C59010 doesn't match image C:\Users\rui02\unity_project\IVRC\IVRC\Library\ScriptAssemblies\Unity.RenderPipelines.Universal.Editor.dll
Symbol file LoadedFromMemory is not a mono symbol file
Symbol file data-000002038EE54050 doesn't match image C:\Users\rui02\unity_project\IVRC\IVRC\Library\ScriptAssemblies\Unity.RenderPipelines.HighDefinition.Editor.dll
Symbol file LoadedFromMemory is not a mono symbol file
Symbol file data-000002039F8D0B80 doesn't match image C:\Users\rui02\unity_project\IVRC\IVRC\Library\ScriptAssemblies\VRM.Samples.Editor.Tests.dll
Symbol file LoadedFromMemory is not a mono symbol file
Symbol file data-00000203A205B330 doesn't match image C:\Users\rui02\unity_project\IVRC\IVRC\Library\ScriptAssemblies\Unity.RenderPipelines.ShaderGraph.ShaderGraphLibrary.dll
Symbol file LoadedFromMemory is not a mono symbol file
Symbol file data-000002039F8D0B80 doesn't match image C:\Users\rui02\unity_project\IVRC\IVRC\Library\ScriptAssemblies\Unity.EditorCoroutines.Editor.dll
Symbol file LoadedFromMemory is not a mono symbol file
Symbol file data-00000203E5BF0010 doesn't match image C:\Users\rui02\unity_project\IVRC\IVRC\Library\ScriptAssemblies\FastSpringBone.dll
Symbol file LoadedFromMemory is not a mono symbol file
Symbol file data-00000203EE21AFC0 doesn't match image C:\Users\rui02\unity_project\IVRC\IVRC\Library\ScriptAssemblies\Unity.TerrainTools.Editor.dll
Symbol file LoadedFromMemory is not a mono symbol file
Symbol file data-00000203E9D05020 doesn't match image C:\Users\rui02\unity_project\IVRC\IVRC\Library\ScriptAssemblies\Unity.RenderPipelines.Universal.Runtime.dll
Symbol file LoadedFromMemory is not a mono symbol file
Symbol file data-000002038E8ADD90 doesn't match image C:\Users\rui02\unity_project\IVRC\IVRC\Library\ScriptAssemblies\MToon.dll
Symbol file LoadedFromMemory is not a mono symbol file
Symbol file data-000002036B205840 doesn't match image C:\Users\rui02\unity_project\IVRC\IVRC\Library\ScriptAssemblies\UniHumanoid.dll
Symbol file LoadedFromMemory is not a mono symbol file
Symbol file data-00000203ECCE1010 doesn't match image C:\Users\rui02\unity_project\IVRC\IVRC\Library\ScriptAssemblies\Unity.Burst.dll
Symbol file LoadedFromMemory is not a mono symbol file
Symbol file data-000002039FDDBC50 doesn't match image C:\Users\rui02\unity_project\IVRC\IVRC\Library\ScriptAssemblies\UnityEngine.XR.LegacyInputHelpers.dll
Symbol file LoadedFromMemory is not a mono symbol file
Symbol file data-00000203A0412510 doesn't match image C:\Users\rui02\unity_project\IVRC\IVRC\Library\ScriptAssemblies\UniGLTF.Tests.dll
Symbol file LoadedFromMemory is not a mono symbol file
Symbol file data-000002039EA6CFF0 doesn't match image C:\Users\rui02\unity_project\IVRC\IVRC\Library\ScriptAssemblies\VRMShaders.GLTF.IO.Runtime.dll
Symbol file LoadedFromMemory is not a mono symbol file
Symbol file data-00000203A01C0010 doesn't match image C:\Users\rui02\unity_project\IVRC\IVRC\Library\ScriptAssemblies\Unity.Timeline.Editor.dll
Symbol file LoadedFromMemory is not a mono symbol file
Symbol file data-000002038E8ADD90 doesn't match image C:\Users\rui02\unity_project\IVRC\IVRC\Library\ScriptAssemblies\Unity.VisualScripting.Shared.Editor.dll
Symbol file LoadedFromMemory is not a mono symbol file
Symbol file data-00000203A192DC40 doesn't match image C:\Users\rui02\unity_project\IVRC\IVRC\Library\ScriptAssemblies\Unity.TerrainTools.dll
Symbol file LoadedFromMemory is not a mono symbol file
Symbol file data-00000203E57A3130 doesn't match image C:\Users\rui02\unity_project\IVRC\IVRC\Library\ScriptAssemblies\Unity.PlasticSCM.Editor.dll
Symbol file LoadedFromMemory is not a mono symbol file
Symbol file data-00000203A18AD210 doesn't match image C:\Users\rui02\unity_project\IVRC\IVRC\Library\ScriptAssemblies\Unity.CollabProxy.Editor.dll
Symbol file LoadedFromMemory is not a mono symbol file
Symbol file data-00000203A18AD210 doesn't match image C:\Users\rui02\unity_project\IVRC\IVRC\Library\ScriptAssemblies\UnityEditor.SpatialTracking.dll
Symbol file LoadedFromMemory is not a mono symbol file
Symbol file data-000002039F97AF80 doesn't match image C:\Users\rui02\unity_project\IVRC\IVRC\Library\ScriptAssemblies\UniVRM.Editor.dll
Symbol file LoadedFromMemory is not a mono symbol file
Symbol file data-00000203A2187C50 doesn't match image C:\Users\rui02\unity_project\IVRC\IVRC\Library\ScriptAssemblies\Unity.ShaderGraph.Editor.dll
Symbol file LoadedFromMemory is not a mono symbol file
Symbol file data-00000203A2013D00 doesn't match image C:\Users\rui02\unity_project\IVRC\IVRC\Library\ScriptAssemblies\Unity.VisualStudio.Editor.dll
Symbol file LoadedFromMemory is not a mono symbol file
Symbol file data-000002039D395F50 doesn't match image C:\Users\rui02\unity_project\IVRC\IVRC\Library\ScriptAssemblies\UnityEditor.UI.dll
Symbol file LoadedFromMemory is not a mono symbol file
Symbol file data-00000203E71D1050 doesn't match image C:\Users\rui02\unity_project\IVRC\IVRC\Library\ScriptAssemblies\Unity.VisualScripting.Core.dll
Symbol file LoadedFromMemory is not a mono symbol file
Symbol file data-000002039D395F50 doesn't match image C:\Users\rui02\unity_project\IVRC\IVRC\Library\ScriptAssemblies\SteamVR_Input_Editor.dll
Symbol file LoadedFromMemory is not a mono symbol file
Symbol file data-00000203E8B84030 doesn't match image C:\Users\rui02\unity_project\IVRC\IVRC\Library\ScriptAssemblies\Unity.VisualScripting.Core.Editor.dll
Symbol file LoadedFromMemory is not a mono symbol file
Symbol file data-00000203EAEB2010 doesn't match image C:\Users\rui02\unity_project\IVRC\IVRC\Library\ScriptAssemblies\UnityEngine.SpatialTracking.dll
Symbol file LoadedFromMemory is not a mono symbol file
Symbol file data-000002039F9488A0 doesn't match image C:\Users\rui02\unity_project\IVRC\IVRC\Library\ScriptAssemblies\UnityEngine.UI.dll
Symbol file LoadedFromMemory is not a mono symbol file
Symbol file data-00000203EAEB2010 doesn't match image C:\Users\rui02\unity_project\IVRC\IVRC\Library\ScriptAssemblies\VRMShaders.GLTF.IO.Tests.dll
Symbol file LoadedFromMemory is not a mono symbol file
Symbol file data-00000203EB90A050 doesn't match image C:\Users\rui02\unity_project\IVRC\IVRC\Library\ScriptAssemblies\UnityEditor.XR.LegacyInputHelpers.dll
Symbol file LoadedFromMemory is not a mono symbol file
Symbol file data-000002039FC49C80 doesn't match image C:\Users\rui02\unity_project\IVRC\IVRC\Library\ScriptAssemblies\SteamVR_Editor.dll
Symbol file LoadedFromMemory is not a mono symbol file
Symbol file data-000002039A7BD020 doesn't match image C:\Users\rui02\unity_project\IVRC\IVRC\Library\ScriptAssemblies\Unity.VisualScripting.Flow.Editor.dll
Symbol file LoadedFromMemory is not a mono symbol file
Symbol file data-00000203A18AD210 doesn't match image C:\Users\rui02\unity_project\IVRC\IVRC\Library\ScriptAssemblies\Unity.RenderPipeline.Universal.ShaderLibrary.dll
Symbol file LoadedFromMemory is not a mono symbol file
Symbol file data-00000203E4495AC0 doesn't match image C:\Users\rui02\unity_project\IVRC\IVRC\Library\ScriptAssemblies\Unity.Timeline.dll
Symbol file LoadedFromMemory is not a mono symbol file
Symbol file data-000002039ECE0030 doesn't match image C:\Users\rui02\unity_project\IVRC\IVRC\Library\ScriptAssemblies\Unity.XR.OpenVR.Editor.dll
Symbol file LoadedFromMemory is not a mono symbol file
Symbol file data-00000203EAD24020 doesn't match image C:\Users\rui02\unity_project\IVRC\IVRC\Library\ScriptAssemblies\VRMShaders.VRM10.MToon10.Runtime.dll
Symbol file LoadedFromMemory is not a mono symbol file
Symbol file data-000002039ECE0030 doesn't match image C:\Users\rui02\unity_project\IVRC\IVRC\Library\ScriptAssemblies\Unity.VisualScripting.SettingsProvider.Editor.dll
Symbol file LoadedFromMemory is not a mono symbol file
Symbol file data-000002038E48B010 doesn't match image C:\Users\rui02\unity_project\IVRC\IVRC\Library\ScriptAssemblies\Unity.TestTools.CodeCoverage.Editor.OpenCover.Model.dll
Symbol file LoadedFromMemory is not a mono symbol file
Symbol file data-000002038E8ADD90 doesn't match image C:\Users\rui02\unity_project\IVRC\IVRC\Library\ScriptAssemblies\VRMShaders.GLTF.IO.Editor.dll
Symbol file LoadedFromMemory is not a mono symbol file
Symbol file data-00000203E5827020 doesn't match image C:\Users\rui02\unity_project\IVRC\IVRC\Library\ScriptAssemblies\UnityEngine.TestRunner.dll
Symbol file LoadedFromMemory is not a mono symbol file
Symbol file data-000002039D395F50 doesn't match image C:\Users\rui02\unity_project\IVRC\IVRC\Library\ScriptAssemblies\Unity.VisualScripting.State.Editor.dll
Symbol file LoadedFromMemory is not a mono symbol file
Symbol file data-00000203EA2DA010 doesn't match image C:\Users\rui02\unity_project\IVRC\IVRC\Library\ScriptAssemblies\Unity.Mathematics.dll
Symbol file LoadedFromMemory is not a mono symbol file
Symbol file data-00000203A205B330 doesn't match image C:\Users\rui02\unity_project\IVRC\IVRC\Library\ScriptAssemblies\Unity.RenderPipelines.Universal.Shaders.dll
Symbol file LoadedFromMemory is not a mono symbol file
Symbol file data-0000020398BEF010 doesn't match image C:\Users\rui02\unity_project\IVRC\IVRC\Library\ScriptAssemblies\Unity.TextMeshPro.Editor.dll
Symbol file LoadedFromMemory is not a mono symbol file
Symbol file data-00000203993E7020 doesn't match image C:\Users\rui02\unity_project\IVRC\IVRC\Library\ScriptAssemblies\Unity.Searcher.Editor.dll
Symbol file LoadedFromMemory is not a mono symbol file
Symbol file data-00000203A18E62F0 doesn't match image C:\Users\rui02\unity_project\IVRC\IVRC\Library\ScriptAssemblies\Unity.VisualScripting.State.dll
Symbol file LoadedFromMemory is not a mono symbol file
Symbol file data-00000203E455F010 doesn't match image C:\Users\rui02\unity_project\IVRC\IVRC\Library\ScriptAssemblies\Unity.ShaderGraph.Utilities.dll
Symbol file LoadedFromMemory is not a mono symbol file
Symbol file data-00000203EA175100 doesn't match image C:\Users\rui02\unity_project\IVRC\IVRC\Library\ScriptAssemblies\Unity.RenderPipelines.HighDefinition.Runtime.dll
Symbol file LoadedFromMemory is not a mono symbol file
Symbol file data-000002039FC49C80 doesn't match image C:\Users\rui02\unity_project\IVRC\IVRC\Library\ScriptAssemblies\VRM.Tests.dll
Symbol file LoadedFromMemory is not a mono symbol file
- Loaded All Assemblies, in  0.600 seconds
Refreshing native plugins compatible for Editor in 4.42 ms, found 6 plugins.
Native extension for WindowsStandalone target not found
Native extension for WebGL target not found
[Package Manager] Server::EnsureServerProcessIsRunning -- launch failed, reason: Unity was launched with the -noUpm command-line argument
[Package Manager] UpmClient::Send -- Unable to send message (not connected to UPM process).
[Package Manager] Cannot connect to Unity Package Manager local server
[Package Manager] Server::EnsureServerProcessIsRunning -- launch failed, reason: Unity was launched with the -noUpm command-line argument
[Package Manager] UpmClient::Send -- Unable to send message (not connected to UPM process).
[Package Manager] Cannot connect to Unity Package Manager local server
Mono: successfully reloaded assembly
[Package Manager] Server::EnsureServerProcessIsRunning -- launch failed, reason: Unity was launched with the -noUpm command-line argument
[Package Manager] UpmClient::Send -- Unable to send message (not connected to UPM process).
[Package Manager] Cannot connect to Unity Package Manager local server
- Finished resetting the current domain, in  2.029 seconds
Domain Reload Profiling: 2625ms
	BeginReloadAssembly (162ms)
		ExecutionOrderSort (0ms)
		DisableScriptedObjects (4ms)
		BackupInstance (0ms)
		ReleaseScriptingObjects (0ms)
		CreateAndSetChildDomain (38ms)
	RebuildCommonClasses (28ms)
	RebuildNativeTypeToScriptingClass (9ms)
	initialDomainReloadingComplete (26ms)
	LoadAllAssembliesAndSetupDomain (369ms)
		LoadAssemblies (388ms)
		RebuildTransferFunctionScriptingTraits (0ms)
		AnalyzeDomain (72ms)
			TypeCache.Refresh (13ms)
				TypeCache.ScanAssembly (1ms)
			ScanForSourceGeneratedMonoScriptInfo (42ms)
			ResolveRequiredComponents (15ms)
	FinalizeReload (2029ms)
		ReleaseScriptCaches (0ms)
		RebuildScriptCaches (0ms)
		SetupLoadedEditorAssemblies (491ms)
			LogAssemblyErrors (0ms)
			InitializePlatformSupportModulesInManaged (6ms)
			SetLoadedEditorAssemblies (5ms)
			RefreshPlugins (0ms)
			BeforeProcessingInitializeOnLoad (79ms)
			ProcessInitializeOnLoadAttributes (377ms)
			ProcessInitializeOnLoadMethodAttributes (21ms)
			AfterProcessingInitializeOnLoad (4ms)
			EditorAssembliesLoaded (0ms)
		ExecutionOrderSort2 (0ms)
		AwakeInstancesAfterBackupRestoration (5ms)
Refreshing native plugins compatible for Editor in 3.79 ms, found 6 plugins.
Preloading 0 native plugins for Editor in 0.00 ms.
Unloading 7879 Unused Serialized files (Serialized files now loaded: 0)
Unloading 212 unused Assets / (15.5 MB). Loaded Objects now: 8747.
Memory consumption went from 307.5 MB to 292.0 MB.
Total: 5.404100 ms (FindLiveObjects: 0.473000 ms CreateObjectMapping: 0.271200 ms MarkObjects: 2.314100 ms  DeleteObjects: 2.345100 ms)

Prepare: number of updated asset objects reloaded= 0
AssetImportParameters requested are different than current active one (requested -> active):
  custom:container-demuxer-ogg: 62fdf1f143b41e24485cea50d1cbac27 -> 
  custom:framework-win-MediaFoundation: 216162199b28c13a410421893ffa2e32 -> 
  custom:container-muxer-webm: aa71ff27fc2769a1b78a27578f13a17b -> 
  custom:video-decoder-webm-vp8: 9c59270c3fd7afecdb556c50c9e8de78 -> 
  custom:SearchIndexIgnoredProperties: e643bd26f0fe6173181afceb89e7c659 -> 
  custom:AudioImporter_EditorPlatform: d09bf68614088b80899f8185d706f6e7 -> 
  custom:audio-decoder-ogg-vorbis: bf7c407c2cedff20999df2af8eb42d56 -> 
  custom:audio-encoder-webm-vorbis: bf7c407c2cedff20999df2af8eb42d56 -> 
  custom:video-codec-MediaFoundation-h265: 746d11721c4dcdbdad8f713fa42b33f4 -> 
  custom:video-decoder-ogg-theora: a1e56fd34408186e4bbccfd4996cb3dc -> 
  custom:CustomObjectIndexerAttribute: a3ef5dd2817f97addfee359851a9dba5 -> 
  custom:container-demuxer-webm: 4f35f7cbe854078d1ac9338744f61a02 -> 
  custom:video-encoder-webm-vp8: eb34c28f22e8b96e1ab97ce403110664 -> 
========================================================================
Received Prepare
Begin MonoManager ReloadAssembly
Symbol file data-000002039D15B3E0 doesn't match image C:\Users\rui02\unity_project\IVRC\IVRC\Library\ScriptAssemblies\UniHumanoid.Editor.dll
Symbol file LoadedFromMemory is not a mono symbol file
Symbol file data-000002039A50B550 doesn't match image C:\Users\rui02\unity_project\IVRC\IVRC\Library\ScriptAssemblies\Unity.XR.Management.dll
Symbol file LoadedFromMemory is not a mono symbol file
Symbol file data-00000203A012CFF0 doesn't match image C:\Users\rui02\unity_project\IVRC\IVRC\Library\ScriptAssemblies\UniHumanoid.Editor.Tests.dll
Symbol file LoadedFromMemory is not a mono symbol file
Symbol file data-00000203EAAC7050 doesn't match image C:\Users\rui02\unity_project\IVRC\IVRC\Library\ScriptAssemblies\Unity.VisualEffectGraph.Runtime.dll
Symbol file LoadedFromMemory is not a mono symbol file
Symbol file data-00000203E4E5AED0 doesn't match image C:\Users\rui02\unity_project\IVRC\IVRC\Library\ScriptAssemblies\Unity.RenderPipelines.Core.Runtime.dll
Symbol file LoadedFromMemory is not a mono symbol file
Symbol file data-000002036B7B1830 doesn't match image C:\Users\rui02\unity_project\IVRC\IVRC\Library\ScriptAssemblies\Unity.Burst.Editor.dll
Symbol file LoadedFromMemory is not a mono symbol file
Symbol file data-00000203A24ED1B0 doesn't match image C:\Users\rui02\unity_project\IVRC\IVRC\Library\ScriptAssemblies\SteamVR.dll
Symbol file LoadedFromMemory is not a mono symbol file
Symbol file data-00000203A012CFF0 doesn't match image C:\Users\rui02\unity_project\IVRC\IVRC\Library\ScriptAssemblies\VRMShaders.GLTF.UniUnlit.Runtime.dll
Symbol file LoadedFromMemory is not a mono symbol file
Symbol file data-00000203A012CFF0 doesn't match image C:\Users\rui02\unity_project\IVRC\IVRC\Library\ScriptAssemblies\SteamVR_Windows_EditorHelper.dll
Symbol file LoadedFromMemory is not a mono symbol file
Symbol file data-000002039D3ED000 doesn't match image C:\Users\rui02\unity_project\IVRC\IVRC\Library\ScriptAssemblies\UniGLTF.dll
Symbol file LoadedFromMemory is not a mono symbol file
Symbol file data-00000203A018F9C0 doesn't match image C:\Users\rui02\unity_project\IVRC\IVRC\Library\ScriptAssemblies\Unity.Rider.Editor.dll
Symbol file LoadedFromMemory is not a mono symbol file
Symbol file data-00000203A012CFF0 doesn't match image C:\Users\rui02\unity_project\IVRC\IVRC\Library\ScriptAssemblies\VRMShaders.VRM10.MToon10.Tests.dll
Symbol file LoadedFromMemory is not a mono symbol file
Symbol file data-00000203C4049010 doesn't match image C:\Users\rui02\unity_project\IVRC\IVRC\Library\ScriptAssemblies\Unity.RenderPipelines.Core.Editor.dll
Symbol file LoadedFromMemory is not a mono symbol file
Symbol file data-00000203E7CD8010 doesn't match image C:\Users\rui02\unity_project\IVRC\IVRC\Library\ScriptAssemblies\Unity.VisualEffectGraph.Editor.dll
Symbol file LoadedFromMemory is not a mono symbol file
Symbol file data-00000203E8AD6010 doesn't match image C:\Users\rui02\unity_project\IVRC\IVRC\Library\ScriptAssemblies\UnityEditor.TestRunner.dll
Symbol file LoadedFromMemory is not a mono symbol file
Symbol file data-00000203EB997B50 doesn't match image C:\Users\rui02\unity_project\IVRC\IVRC\Library\ScriptAssemblies\Unity.VisualScripting.Flow.dll
Symbol file LoadedFromMemory is not a mono symbol file
Symbol file data-00000203E665BD50 doesn't match image C:\Users\rui02\unity_project\IVRC\IVRC\Library\ScriptAssemblies\Unity.Mathematics.Editor.dll
Symbol file LoadedFromMemory is not a mono symbol file
Symbol file data-000002038D6EFE10 doesn't match image C:\Users\rui02\unity_project\IVRC\IVRC\Library\ScriptAssemblies\Unity.TestTools.CodeCoverage.Editor.OpenCover.Mono.Reflection.dll
Symbol file LoadedFromMemory is not a mono symbol file
Symbol file data-00000203A25C2900 doesn't match image C:\Users\rui02\unity_project\IVRC\IVRC\Library\ScriptAssemblies\VRMShaders.VRM10.MToon10.Editor.dll
Symbol file LoadedFromMemory is not a mono symbol file
Symbol file data-00000203A15FED00 doesn't match image C:\Users\rui02\unity_project\IVRC\IVRC\Library\ScriptAssemblies\UniGLTF.Utils.dll
Symbol file LoadedFromMemory is not a mono symbol file
Symbol file data-00000203A012CFF0 doesn't match image C:\Users\rui02\unity_project\IVRC\IVRC\Library\ScriptAssemblies\Unity.RenderPipelines.HighDefinition.Config.Runtime.dll
Symbol file LoadedFromMemory is not a mono symbol file
Symbol file data-00000203EAEB2010 doesn't match image C:\Users\rui02\unity_project\IVRC\IVRC\Library\ScriptAssemblies\MToon.Editor.dll
Symbol file LoadedFromMemory is not a mono symbol file
Symbol file data-000002039EA22010 doesn't match image C:\Users\rui02\unity_project\IVRC\IVRC\Library\ScriptAssemblies\Unity.Performance.Profile-Analyzer.Editor.dll
Symbol file LoadedFromMemory is not a mono symbol file
Symbol file data-00000203A012CFF0 doesn't match image C:\Users\rui02\unity_project\IVRC\IVRC\Library\ScriptAssemblies\Unity.RenderPipelines.Core.ShaderLibrary.dll
Symbol file LoadedFromMemory is not a mono symbol file
Symbol file data-000002039F564040 doesn't match image C:\Users\rui02\unity_project\IVRC\IVRC\Library\ScriptAssemblies\Unity.XR.Management.Editor.dll
Symbol file LoadedFromMemory is not a mono symbol file
Symbol file data-00000203A012CFF0 doesn't match image C:\Users\rui02\unity_project\IVRC\IVRC\Library\ScriptAssemblies\VRMShaders.VRM.IO.Runtime.dll
Symbol file LoadedFromMemory is not a mono symbol file
Symbol file data-00000203A1A83170 doesn't match image C:\Users\rui02\unity_project\IVRC\IVRC\Library\ScriptAssemblies\Unity.TestTools.CodeCoverage.Editor.dll
Symbol file LoadedFromMemory is not a mono symbol file
Symbol file data-000002039B841020 doesn't match image C:\Users\rui02\unity_project\IVRC\IVRC\Library\ScriptAssemblies\VRM.dll
Symbol file LoadedFromMemory is not a mono symbol file
Symbol file data-00000203A15FED00 doesn't match image C:\Users\rui02\unity_project\IVRC\IVRC\Library\ScriptAssemblies\VRMShaders.GLTF.UniUnlit.Editor.dll
Symbol file LoadedFromMemory is not a mono symbol file
Symbol file data-00000203A15FED00 doesn't match image C:\Users\rui02\unity_project\IVRC\IVRC\Library\ScriptAssemblies\PPv2URPConverters.dll
Symbol file LoadedFromMemory is not a mono symbol file
Symbol file data-000002039AFB1AC0 doesn't match image C:\Users\rui02\unity_project\IVRC\IVRC\Library\ScriptAssemblies\Unity.XR.OpenVR.dll
Symbol file LoadedFromMemory is not a mono symbol file
Symbol file data-000002039F8FDB60 doesn't match image C:\Users\rui02\unity_project\IVRC\IVRC\Library\ScriptAssemblies\Unity.Settings.Editor.dll
Symbol file LoadedFromMemory is not a mono symbol file
Symbol file data-00000203A0210030 doesn't match image C:\Users\rui02\unity_project\IVRC\IVRC\Library\ScriptAssemblies\Unity.TextMeshPro.dll
Symbol file LoadedFromMemory is not a mono symbol file
Symbol file data-00000203A012CFF0 doesn't match image C:\Users\rui02\unity_project\IVRC\IVRC\Library\ScriptAssemblies\VRMShaders.VRM10.Format.Runtime.dll
Symbol file LoadedFromMemory is not a mono symbol file
Symbol file data-000002039F0BB010 doesn't match image C:\Users\rui02\unity_project\IVRC\IVRC\Library\ScriptAssemblies\Unity.Burst.CodeGen.dll
Symbol file LoadedFromMemory is not a mono symbol file
Symbol file data-00000203E783C040 doesn't match image C:\Users\rui02\unity_project\IVRC\IVRC\Library\ScriptAssemblies\Unity.VSCode.Editor.dll
Symbol file LoadedFromMemory is not a mono symbol file
Symbol file data-000002039D2B1780 doesn't match image C:\Users\rui02\unity_project\IVRC\IVRC\Library\ScriptAssemblies\UniGLTF.Editor.dll
Symbol file LoadedFromMemory is not a mono symbol file
Symbol file data-00000203EB6E6FB0 doesn't match image C:\Users\rui02\unity_project\IVRC\IVRC\Library\ScriptAssemblies\Unity.RenderPipelines.Universal.Editor.dll
Symbol file LoadedFromMemory is not a mono symbol file
Symbol file data-00000203E6CA1020 doesn't match image C:\Users\rui02\unity_project\IVRC\IVRC\Library\ScriptAssemblies\Unity.RenderPipelines.HighDefinition.Editor.dll
Symbol file LoadedFromMemory is not a mono symbol file
Symbol file data-00000203A25C2900 doesn't match image C:\Users\rui02\unity_project\IVRC\IVRC\Library\ScriptAssemblies\VRM.Samples.Editor.Tests.dll
Symbol file LoadedFromMemory is not a mono symbol file
Symbol file data-00000203A012CFF0 doesn't match image C:\Users\rui02\unity_project\IVRC\IVRC\Library\ScriptAssemblies\Unity.RenderPipelines.ShaderGraph.ShaderGraphLibrary.dll
Symbol file LoadedFromMemory is not a mono symbol file
Symbol file data-00000203A25C2900 doesn't match image C:\Users\rui02\unity_project\IVRC\IVRC\Library\ScriptAssemblies\Unity.EditorCoroutines.Editor.dll
Symbol file LoadedFromMemory is not a mono symbol file
Symbol file data-00000203E5BF0010 doesn't match image C:\Users\rui02\unity_project\IVRC\IVRC\Library\ScriptAssemblies\FastSpringBone.dll
Symbol file LoadedFromMemory is not a mono symbol file
Symbol file data-00000203A0210030 doesn't match image C:\Users\rui02\unity_project\IVRC\IVRC\Library\ScriptAssemblies\Unity.TerrainTools.Editor.dll
Symbol file LoadedFromMemory is not a mono symbol file
Symbol file data-000002039C060010 doesn't match image C:\Users\rui02\unity_project\IVRC\IVRC\Library\ScriptAssemblies\Unity.RenderPipelines.Universal.Runtime.dll
Symbol file LoadedFromMemory is not a mono symbol file
Symbol file data-00000203E444E050 doesn't match image C:\Users\rui02\unity_project\IVRC\IVRC\Library\ScriptAssemblies\MToon.dll
Symbol file LoadedFromMemory is not a mono symbol file
Symbol file data-000002036B205840 doesn't match image C:\Users\rui02\unity_project\IVRC\IVRC\Library\ScriptAssemblies\UniHumanoid.dll
Symbol file LoadedFromMemory is not a mono symbol file
Symbol file data-00000203A0210030 doesn't match image C:\Users\rui02\unity_project\IVRC\IVRC\Library\ScriptAssemblies\Unity.Burst.dll
Symbol file LoadedFromMemory is not a mono symbol file
Symbol file data-000002038ECFB020 doesn't match image C:\Users\rui02\unity_project\IVRC\IVRC\Library\ScriptAssemblies\UnityEngine.XR.LegacyInputHelpers.dll
Symbol file LoadedFromMemory is not a mono symbol file
Symbol file data-000002039A9DD040 doesn't match image C:\Users\rui02\unity_project\IVRC\IVRC\Library\ScriptAssemblies\UniGLTF.Tests.dll
Symbol file LoadedFromMemory is not a mono symbol file
Symbol file data-000002039EA6CFF0 doesn't match image C:\Users\rui02\unity_project\IVRC\IVRC\Library\ScriptAssemblies\VRMShaders.GLTF.IO.Runtime.dll
Symbol file LoadedFromMemory is not a mono symbol file
Symbol file data-000002040E813010 doesn't match image C:\Users\rui02\unity_project\IVRC\IVRC\Library\ScriptAssemblies\Unity.Timeline.Editor.dll
Symbol file LoadedFromMemory is not a mono symbol file
Symbol file data-00000203E444E050 doesn't match image C:\Users\rui02\unity_project\IVRC\IVRC\Library\ScriptAssemblies\Unity.VisualScripting.Shared.Editor.dll
Symbol file LoadedFromMemory is not a mono symbol file
Symbol file data-00000203A012CFF0 doesn't match image C:\Users\rui02\unity_project\IVRC\IVRC\Library\ScriptAssemblies\Unity.TerrainTools.dll
Symbol file LoadedFromMemory is not a mono symbol file
Symbol file data-000002038D02A020 doesn't match image C:\Users\rui02\unity_project\IVRC\IVRC\Library\ScriptAssemblies\Unity.PlasticSCM.Editor.dll
Symbol file LoadedFromMemory is not a mono symbol file
Symbol file data-00000203A012CFF0 doesn't match image C:\Users\rui02\unity_project\IVRC\IVRC\Library\ScriptAssemblies\Unity.CollabProxy.Editor.dll
Symbol file LoadedFromMemory is not a mono symbol file
Symbol file data-00000203A15FED00 doesn't match image C:\Users\rui02\unity_project\IVRC\IVRC\Library\ScriptAssemblies\UnityEditor.SpatialTracking.dll
Symbol file LoadedFromMemory is not a mono symbol file
Symbol file data-000002039F97AF80 doesn't match image C:\Users\rui02\unity_project\IVRC\IVRC\Library\ScriptAssemblies\UniVRM.Editor.dll
Symbol file LoadedFromMemory is not a mono symbol file
Symbol file data-00000203EA1FB030 doesn't match image C:\Users\rui02\unity_project\IVRC\IVRC\Library\ScriptAssemblies\Unity.ShaderGraph.Editor.dll
Symbol file LoadedFromMemory is not a mono symbol file
Symbol file data-000002039F41D0D0 doesn't match image C:\Users\rui02\unity_project\IVRC\IVRC\Library\ScriptAssemblies\Unity.VisualStudio.Editor.dll
Symbol file LoadedFromMemory is not a mono symbol file
Symbol file data-00000203E7565D70 doesn't match image C:\Users\rui02\unity_project\IVRC\IVRC\Library\ScriptAssemblies\UnityEditor.UI.dll
Symbol file LoadedFromMemory is not a mono symbol file
Symbol file data-000002036AAF0060 doesn't match image C:\Users\rui02\unity_project\IVRC\IVRC\Library\ScriptAssemblies\Unity.VisualScripting.Core.dll
Symbol file LoadedFromMemory is not a mono symbol file
Symbol file data-00000203A20F36E0 doesn't match image C:\Users\rui02\unity_project\IVRC\IVRC\Library\ScriptAssemblies\SteamVR_Input_Editor.dll
Symbol file LoadedFromMemory is not a mono symbol file
Symbol file data-00000203E5027020 doesn't match image C:\Users\rui02\unity_project\IVRC\IVRC\Library\ScriptAssemblies\Unity.VisualScripting.Core.Editor.dll
Symbol file LoadedFromMemory is not a mono symbol file
Symbol file data-00000203EAEB2010 doesn't match image C:\Users\rui02\unity_project\IVRC\IVRC\Library\ScriptAssemblies\UnityEngine.SpatialTracking.dll
Symbol file LoadedFromMemory is not a mono symbol file
Symbol file data-00000203EAE75020 doesn't match image C:\Users\rui02\unity_project\IVRC\IVRC\Library\ScriptAssemblies\UnityEngine.UI.dll
Symbol file LoadedFromMemory is not a mono symbol file
Symbol file data-00000203EAEB2010 doesn't match image C:\Users\rui02\unity_project\IVRC\IVRC\Library\ScriptAssemblies\VRMShaders.GLTF.IO.Tests.dll
Symbol file LoadedFromMemory is not a mono symbol file
Symbol file data-000002039CFD1270 doesn't match image C:\Users\rui02\unity_project\IVRC\IVRC\Library\ScriptAssemblies\UnityEditor.XR.LegacyInputHelpers.dll
Symbol file LoadedFromMemory is not a mono symbol file
Symbol file data-00000203A0114B80 doesn't match image C:\Users\rui02\unity_project\IVRC\IVRC\Library\ScriptAssemblies\SteamVR_Editor.dll
Symbol file LoadedFromMemory is not a mono symbol file
Symbol file data-00000203EC81B030 doesn't match image C:\Users\rui02\unity_project\IVRC\IVRC\Library\ScriptAssemblies\Unity.VisualScripting.Flow.Editor.dll
Symbol file LoadedFromMemory is not a mono symbol file
Symbol file data-00000203A012CFF0 doesn't match image C:\Users\rui02\unity_project\IVRC\IVRC\Library\ScriptAssemblies\Unity.RenderPipeline.Universal.ShaderLibrary.dll
Symbol file LoadedFromMemory is not a mono symbol file
Symbol file data-000002039A4F80F0 doesn't match image C:\Users\rui02\unity_project\IVRC\IVRC\Library\ScriptAssemblies\Unity.Timeline.dll
Symbol file LoadedFromMemory is not a mono symbol file
Symbol file data-0000020399927650 doesn't match image C:\Users\rui02\unity_project\IVRC\IVRC\Library\ScriptAssemblies\Unity.XR.OpenVR.Editor.dll
Symbol file LoadedFromMemory is not a mono symbol file
Symbol file data-00000203A2959030 doesn't match image C:\Users\rui02\unity_project\IVRC\IVRC\Library\ScriptAssemblies\VRMShaders.VRM10.MToon10.Runtime.dll
Symbol file LoadedFromMemory is not a mono symbol file
Symbol file data-00000203E665BD50 doesn't match image C:\Users\rui02\unity_project\IVRC\IVRC\Library\ScriptAssemblies\Unity.VisualScripting.SettingsProvider.Editor.dll
Symbol file LoadedFromMemory is not a mono symbol file
Symbol file data-00000203A2053D50 doesn't match image C:\Users\rui02\unity_project\IVRC\IVRC\Library\ScriptAssemblies\Unity.TestTools.CodeCoverage.Editor.OpenCover.Model.dll
Symbol file LoadedFromMemory is not a mono symbol file
Symbol file data-0000020399882E40 doesn't match image C:\Users\rui02\unity_project\IVRC\IVRC\Library\ScriptAssemblies\VRMShaders.GLTF.IO.Editor.dll
Symbol file LoadedFromMemory is not a mono symbol file
Symbol file data-00000203A1A54030 doesn't match image C:\Users\rui02\unity_project\IVRC\IVRC\Library\ScriptAssemblies\UnityEngine.TestRunner.dll
Symbol file LoadedFromMemory is not a mono symbol file
Symbol file data-00000203A20F36E0 doesn't match image C:\Users\rui02\unity_project\IVRC\IVRC\Library\ScriptAssemblies\Unity.VisualScripting.State.Editor.dll
Symbol file LoadedFromMemory is not a mono symbol file
Symbol file data-00000203ED8EEC70 doesn't match image C:\Users\rui02\unity_project\IVRC\IVRC\Library\ScriptAssemblies\Unity.Mathematics.dll
Symbol file LoadedFromMemory is not a mono symbol file
Symbol file data-00000203A012CFF0 doesn't match image C:\Users\rui02\unity_project\IVRC\IVRC\Library\ScriptAssemblies\Unity.RenderPipelines.Universal.Shaders.dll
Symbol file LoadedFromMemory is not a mono symbol file
Symbol file data-00000203A08B7EA0 doesn't match image C:\Users\rui02\unity_project\IVRC\IVRC\Library\ScriptAssemblies\Unity.TextMeshPro.Editor.dll
Symbol file LoadedFromMemory is not a mono symbol file
Symbol file data-00000203993E7020 doesn't match image C:\Users\rui02\unity_project\IVRC\IVRC\Library\ScriptAssemblies\Unity.Searcher.Editor.dll
Symbol file LoadedFromMemory is not a mono symbol file
Symbol file data-00000203E74AC010 doesn't match image C:\Users\rui02\unity_project\IVRC\IVRC\Library\ScriptAssemblies\Unity.VisualScripting.State.dll
Symbol file LoadedFromMemory is not a mono symbol file
Symbol file data-00000203A18AD210 doesn't match image C:\Users\rui02\unity_project\IVRC\IVRC\Library\ScriptAssemblies\Unity.ShaderGraph.Utilities.dll
Symbol file LoadedFromMemory is not a mono symbol file
Symbol file data-00000203EDAB56C0 doesn't match image C:\Users\rui02\unity_project\IVRC\IVRC\Library\ScriptAssemblies\Unity.RenderPipelines.HighDefinition.Runtime.dll
Symbol file LoadedFromMemory is not a mono symbol file
Symbol file data-00000203EB618AA0 doesn't match image C:\Users\rui02\unity_project\IVRC\IVRC\Library\ScriptAssemblies\VRM.Tests.dll
Symbol file LoadedFromMemory is not a mono symbol file
- Loaded All Assemblies, in  0.610 seconds
Refreshing native plugins compatible for Editor in 3.98 ms, found 6 plugins.
Native extension for WindowsStandalone target not found
Native extension for WebGL target not found
[Package Manager] Server::EnsureServerProcessIsRunning -- launch failed, reason: Unity was launched with the -noUpm command-line argument
[Package Manager] UpmClient::Send -- Unable to send message (not connected to UPM process).
[Package Manager] Cannot connect to Unity Package Manager local server
[Package Manager] Server::EnsureServerProcessIsRunning -- launch failed, reason: Unity was launched with the -noUpm command-line argument
[Package Manager] UpmClient::Send -- Unable to send message (not connected to UPM process).
[Package Manager] Cannot connect to Unity Package Manager local server
Mono: successfully reloaded assembly
[Package Manager] Server::EnsureServerProcessIsRunning -- launch failed, reason: Unity was launched with the -noUpm command-line argument
[Package Manager] UpmClient::Send -- Unable to send message (not connected to UPM process).
[Package Manager] Cannot connect to Unity Package Manager local server
- Finished resetting the current domain, in  2.255 seconds
Domain Reload Profiling: 2862ms
	BeginReloadAssembly (169ms)
		ExecutionOrderSort (0ms)
		DisableScriptedObjects (4ms)
		BackupInstance (0ms)
		ReleaseScriptingObjects (0ms)
		CreateAndSetChildDomain (56ms)
	RebuildCommonClasses (34ms)
	RebuildNativeTypeToScriptingClass (10ms)
	initialDomainReloadingComplete (26ms)
	LoadAllAssembliesAndSetupDomain (367ms)
		LoadAssemblies (380ms)
		RebuildTransferFunctionScriptingTraits (0ms)
		AnalyzeDomain (65ms)
			TypeCache.Refresh (13ms)
				TypeCache.ScanAssembly (1ms)
			ScanForSourceGeneratedMonoScriptInfo (36ms)
			ResolveRequiredComponents (15ms)
	FinalizeReload (2255ms)
		ReleaseScriptCaches (0ms)
		RebuildScriptCaches (0ms)
		SetupLoadedEditorAssemblies (466ms)
			LogAssemblyErrors (0ms)
			InitializePlatformSupportModulesInManaged (5ms)
			SetLoadedEditorAssemblies (4ms)
			RefreshPlugins (0ms)
			BeforeProcessingInitializeOnLoad (77ms)
			ProcessInitializeOnLoadAttributes (353ms)
			ProcessInitializeOnLoadMethodAttributes (23ms)
			AfterProcessingInitializeOnLoad (4ms)
			EditorAssembliesLoaded (0ms)
		ExecutionOrderSort2 (0ms)
		AwakeInstancesAfterBackupRestoration (5ms)
Refreshing native plugins compatible for Editor in 4.01 ms, found 6 plugins.
Preloading 0 native plugins for Editor in 0.00 ms.
Unloading 7879 Unused Serialized files (Serialized files now loaded: 0)
Unloading 212 unused Assets / (15.5 MB). Loaded Objects now: 8763.
Memory consumption went from 307.5 MB to 292.0 MB.
Total: 6.089200 ms (FindLiveObjects: 0.441800 ms CreateObjectMapping: 0.284100 ms MarkObjects: 2.643700 ms  DeleteObjects: 2.718700 ms)

Prepare: number of updated asset objects reloaded= 0
AssetImportParameters requested are different than current active one (requested -> active):
  custom:container-demuxer-ogg: 62fdf1f143b41e24485cea50d1cbac27 -> 
  custom:framework-win-MediaFoundation: 216162199b28c13a410421893ffa2e32 -> 
  custom:container-muxer-webm: aa71ff27fc2769a1b78a27578f13a17b -> 
  custom:video-decoder-webm-vp8: 9c59270c3fd7afecdb556c50c9e8de78 -> 
  custom:SearchIndexIgnoredProperties: e643bd26f0fe6173181afceb89e7c659 -> 
  custom:AudioImporter_EditorPlatform: d09bf68614088b80899f8185d706f6e7 -> 
  custom:audio-decoder-ogg-vorbis: bf7c407c2cedff20999df2af8eb42d56 -> 
  custom:audio-encoder-webm-vorbis: bf7c407c2cedff20999df2af8eb42d56 -> 
  custom:video-codec-MediaFoundation-h265: 746d11721c4dcdbdad8f713fa42b33f4 -> 
  custom:video-decoder-ogg-theora: a1e56fd34408186e4bbccfd4996cb3dc -> 
  custom:CustomObjectIndexerAttribute: a3ef5dd2817f97addfee359851a9dba5 -> 
  custom:container-demuxer-webm: 4f35f7cbe854078d1ac9338744f61a02 -> 
  custom:video-encoder-webm-vp8: eb34c28f22e8b96e1ab97ce403110664 -> 
========================================================================
Received Prepare
Begin MonoManager ReloadAssembly
Symbol file data-000002039D15B3E0 doesn't match image C:\Users\rui02\unity_project\IVRC\IVRC\Library\ScriptAssemblies\UniHumanoid.Editor.dll
Symbol file LoadedFromMemory is not a mono symbol file
Symbol file data-000002039A50B550 doesn't match image C:\Users\rui02\unity_project\IVRC\IVRC\Library\ScriptAssemblies\Unity.XR.Management.dll
Symbol file LoadedFromMemory is not a mono symbol file
Symbol file data-000002039C8AD010 doesn't match image C:\Users\rui02\unity_project\IVRC\IVRC\Library\ScriptAssemblies\UniHumanoid.Editor.Tests.dll
Symbol file LoadedFromMemory is not a mono symbol file
Symbol file data-00000203EAAC7050 doesn't match image C:\Users\rui02\unity_project\IVRC\IVRC\Library\ScriptAssemblies\Unity.VisualEffectGraph.Runtime.dll
Symbol file LoadedFromMemory is not a mono symbol file
Symbol file data-000002038D946020 doesn't match image C:\Users\rui02\unity_project\IVRC\IVRC\Library\ScriptAssemblies\Unity.RenderPipelines.Core.Runtime.dll
Symbol file LoadedFromMemory is not a mono symbol file
Symbol file data-000002036B7B1830 doesn't match image C:\Users\rui02\unity_project\IVRC\IVRC\Library\ScriptAssemblies\Unity.Burst.Editor.dll
Symbol file LoadedFromMemory is not a mono symbol file
Symbol file data-00000203A24ED1B0 doesn't match image C:\Users\rui02\unity_project\IVRC\IVRC\Library\ScriptAssemblies\SteamVR.dll
Symbol file LoadedFromMemory is not a mono symbol file
Symbol file data-000002039C8AD010 doesn't match image C:\Users\rui02\unity_project\IVRC\IVRC\Library\ScriptAssemblies\VRMShaders.GLTF.UniUnlit.Runtime.dll
Symbol file LoadedFromMemory is not a mono symbol file
Symbol file data-000002039C8AD010 doesn't match image C:\Users\rui02\unity_project\IVRC\IVRC\Library\ScriptAssemblies\SteamVR_Windows_EditorHelper.dll
Symbol file LoadedFromMemory is not a mono symbol file
Symbol file data-000002039D3ED000 doesn't match image C:\Users\rui02\unity_project\IVRC\IVRC\Library\ScriptAssemblies\UniGLTF.dll
Symbol file LoadedFromMemory is not a mono symbol file
Symbol file data-00000203A0ABF280 doesn't match image C:\Users\rui02\unity_project\IVRC\IVRC\Library\ScriptAssemblies\Unity.Rider.Editor.dll
Symbol file LoadedFromMemory is not a mono symbol file
Symbol file data-00000203A18AD210 doesn't match image C:\Users\rui02\unity_project\IVRC\IVRC\Library\ScriptAssemblies\VRMShaders.VRM10.MToon10.Tests.dll
Symbol file LoadedFromMemory is not a mono symbol file
Symbol file data-00000203C4049010 doesn't match image C:\Users\rui02\unity_project\IVRC\IVRC\Library\ScriptAssemblies\Unity.RenderPipelines.Core.Editor.dll
Symbol file LoadedFromMemory is not a mono symbol file
Symbol file data-00000203E7CD8010 doesn't match image C:\Users\rui02\unity_project\IVRC\IVRC\Library\ScriptAssemblies\Unity.VisualEffectGraph.Editor.dll
Symbol file LoadedFromMemory is not a mono symbol file
Symbol file data-00000203E8AD6010 doesn't match image C:\Users\rui02\unity_project\IVRC\IVRC\Library\ScriptAssemblies\UnityEditor.TestRunner.dll
Symbol file LoadedFromMemory is not a mono symbol file
Symbol file data-00000203EB997B50 doesn't match image C:\Users\rui02\unity_project\IVRC\IVRC\Library\ScriptAssemblies\Unity.VisualScripting.Flow.dll
Symbol file LoadedFromMemory is not a mono symbol file
Symbol file data-00000203E665BD50 doesn't match image C:\Users\rui02\unity_project\IVRC\IVRC\Library\ScriptAssemblies\Unity.Mathematics.Editor.dll
Symbol file LoadedFromMemory is not a mono symbol file
Symbol file data-000002038D6EFE10 doesn't match image C:\Users\rui02\unity_project\IVRC\IVRC\Library\ScriptAssemblies\Unity.TestTools.CodeCoverage.Editor.OpenCover.Mono.Reflection.dll
Symbol file LoadedFromMemory is not a mono symbol file
Symbol file data-000002039F8D0B80 doesn't match image C:\Users\rui02\unity_project\IVRC\IVRC\Library\ScriptAssemblies\VRMShaders.VRM10.MToon10.Editor.dll
Symbol file LoadedFromMemory is not a mono symbol file
Symbol file data-000002039C8AD010 doesn't match image C:\Users\rui02\unity_project\IVRC\IVRC\Library\ScriptAssemblies\UniGLTF.Utils.dll
Symbol file LoadedFromMemory is not a mono symbol file
Symbol file data-000002039C8AD010 doesn't match image C:\Users\rui02\unity_project\IVRC\IVRC\Library\ScriptAssemblies\Unity.RenderPipelines.HighDefinition.Config.Runtime.dll
Symbol file LoadedFromMemory is not a mono symbol file
Symbol file data-00000203EAEB2010 doesn't match image C:\Users\rui02\unity_project\IVRC\IVRC\Library\ScriptAssemblies\MToon.Editor.dll
Symbol file LoadedFromMemory is not a mono symbol file
Symbol file data-000002039EA22010 doesn't match image C:\Users\rui02\unity_project\IVRC\IVRC\Library\ScriptAssemblies\Unity.Performance.Profile-Analyzer.Editor.dll
Symbol file LoadedFromMemory is not a mono symbol file
Symbol file data-00000203A18AD210 doesn't match image C:\Users\rui02\unity_project\IVRC\IVRC\Library\ScriptAssemblies\Unity.RenderPipelines.Core.ShaderLibrary.dll
Symbol file LoadedFromMemory is not a mono symbol file
Symbol file data-000002039F564040 doesn't match image C:\Users\rui02\unity_project\IVRC\IVRC\Library\ScriptAssemblies\Unity.XR.Management.Editor.dll
Symbol file LoadedFromMemory is not a mono symbol file
Symbol file data-000002039C8AD010 doesn't match image C:\Users\rui02\unity_project\IVRC\IVRC\Library\ScriptAssemblies\VRMShaders.VRM.IO.Runtime.dll
Symbol file LoadedFromMemory is not a mono symbol file
Symbol file data-00000203A1A83170 doesn't match image C:\Users\rui02\unity_project\IVRC\IVRC\Library\ScriptAssemblies\Unity.TestTools.CodeCoverage.Editor.dll
Symbol file LoadedFromMemory is not a mono symbol file
Symbol file data-000002039B841020 doesn't match image C:\Users\rui02\unity_project\IVRC\IVRC\Library\ScriptAssemblies\VRM.dll
Symbol file LoadedFromMemory is not a mono symbol file
Symbol file data-000002039C8AD010 doesn't match image C:\Users\rui02\unity_project\IVRC\IVRC\Library\ScriptAssemblies\VRMShaders.GLTF.UniUnlit.Editor.dll
Symbol file LoadedFromMemory is not a mono symbol file
Symbol file data-000002039C8AD010 doesn't match image C:\Users\rui02\unity_project\IVRC\IVRC\Library\ScriptAssemblies\PPv2URPConverters.dll
Symbol file LoadedFromMemory is not a mono symbol file
Symbol file data-00000203A1B31010 doesn't match image C:\Users\rui02\unity_project\IVRC\IVRC\Library\ScriptAssemblies\Unity.XR.OpenVR.dll
Symbol file LoadedFromMemory is not a mono symbol file
Symbol file data-000002039F8FDB60 doesn't match image C:\Users\rui02\unity_project\IVRC\IVRC\Library\ScriptAssemblies\Unity.Settings.Editor.dll
Symbol file LoadedFromMemory is not a mono symbol file
Symbol file data-00000203EDFB1010 doesn't match image C:\Users\rui02\unity_project\IVRC\IVRC\Library\ScriptAssemblies\Unity.TextMeshPro.dll
Symbol file LoadedFromMemory is not a mono symbol file
Symbol file data-00000203A18AD210 doesn't match image C:\Users\rui02\unity_project\IVRC\IVRC\Library\ScriptAssemblies\VRMShaders.VRM10.Format.Runtime.dll
Symbol file LoadedFromMemory is not a mono symbol file
Symbol file data-00000203A197DA40 doesn't match image C:\Users\rui02\unity_project\IVRC\IVRC\Library\ScriptAssemblies\Unity.Burst.CodeGen.dll
Symbol file LoadedFromMemory is not a mono symbol file
Symbol file data-00000203E783C040 doesn't match image C:\Users\rui02\unity_project\IVRC\IVRC\Library\ScriptAssemblies\Unity.VSCode.Editor.dll
Symbol file LoadedFromMemory is not a mono symbol file
Symbol file data-000002039D2B1780 doesn't match image C:\Users\rui02\unity_project\IVRC\IVRC\Library\ScriptAssemblies\UniGLTF.Editor.dll
Symbol file LoadedFromMemory is not a mono symbol file
Symbol file data-00000203E4E5AED0 doesn't match image C:\Users\rui02\unity_project\IVRC\IVRC\Library\ScriptAssemblies\Unity.RenderPipelines.Universal.Editor.dll
Symbol file LoadedFromMemory is not a mono symbol file
Symbol file data-000002038EE54050 doesn't match image C:\Users\rui02\unity_project\IVRC\IVRC\Library\ScriptAssemblies\Unity.RenderPipelines.HighDefinition.Editor.dll
Symbol file LoadedFromMemory is not a mono symbol file
Symbol file data-000002039F8D0B80 doesn't match image C:\Users\rui02\unity_project\IVRC\IVRC\Library\ScriptAssemblies\VRM.Samples.Editor.Tests.dll
Symbol file LoadedFromMemory is not a mono symbol file
Symbol file data-00000203A18AD210 doesn't match image C:\Users\rui02\unity_project\IVRC\IVRC\Library\ScriptAssemblies\Unity.RenderPipelines.ShaderGraph.ShaderGraphLibrary.dll
Symbol file LoadedFromMemory is not a mono symbol file
Symbol file data-000002039F8D0B80 doesn't match image C:\Users\rui02\unity_project\IVRC\IVRC\Library\ScriptAssemblies\Unity.EditorCoroutines.Editor.dll
Symbol file LoadedFromMemory is not a mono symbol file
Symbol file data-00000203E5BF0010 doesn't match image C:\Users\rui02\unity_project\IVRC\IVRC\Library\ScriptAssemblies\FastSpringBone.dll
Symbol file LoadedFromMemory is not a mono symbol file
Symbol file data-00000203EDFB1010 doesn't match image C:\Users\rui02\unity_project\IVRC\IVRC\Library\ScriptAssemblies\Unity.TerrainTools.Editor.dll
Symbol file LoadedFromMemory is not a mono symbol file
Symbol file data-00000203E9D05020 doesn't match image C:\Users\rui02\unity_project\IVRC\IVRC\Library\ScriptAssemblies\Unity.RenderPipelines.Universal.Runtime.dll
Symbol file LoadedFromMemory is not a mono symbol file
Symbol file data-000002038CDC6890 doesn't match image C:\Users\rui02\unity_project\IVRC\IVRC\Library\ScriptAssemblies\MToon.dll
Symbol file LoadedFromMemory is not a mono symbol file
Symbol file data-000002036B205840 doesn't match image C:\Users\rui02\unity_project\IVRC\IVRC\Library\ScriptAssemblies\UniHumanoid.dll
Symbol file LoadedFromMemory is not a mono symbol file
Symbol file data-00000203EDFB1010 doesn't match image C:\Users\rui02\unity_project\IVRC\IVRC\Library\ScriptAssemblies\Unity.Burst.dll
Symbol file LoadedFromMemory is not a mono symbol file
Symbol file data-00000203E6390010 doesn't match image C:\Users\rui02\unity_project\IVRC\IVRC\Library\ScriptAssemblies\UnityEngine.XR.LegacyInputHelpers.dll
Symbol file LoadedFromMemory is not a mono symbol file
Symbol file data-000002039A9DD040 doesn't match image C:\Users\rui02\unity_project\IVRC\IVRC\Library\ScriptAssemblies\UniGLTF.Tests.dll
Symbol file LoadedFromMemory is not a mono symbol file
Symbol file data-000002039EA6CFF0 doesn't match image C:\Users\rui02\unity_project\IVRC\IVRC\Library\ScriptAssemblies\VRMShaders.GLTF.IO.Runtime.dll
Symbol file LoadedFromMemory is not a mono symbol file
Symbol file data-00000203A01C0010 doesn't match image C:\Users\rui02\unity_project\IVRC\IVRC\Library\ScriptAssemblies\Unity.Timeline.Editor.dll
Symbol file LoadedFromMemory is not a mono symbol file
Symbol file data-000002038CDC6890 doesn't match image C:\Users\rui02\unity_project\IVRC\IVRC\Library\ScriptAssemblies\Unity.VisualScripting.Shared.Editor.dll
Symbol file LoadedFromMemory is not a mono symbol file
Symbol file data-00000203A18AD210 doesn't match image C:\Users\rui02\unity_project\IVRC\IVRC\Library\ScriptAssemblies\Unity.TerrainTools.dll
Symbol file LoadedFromMemory is not a mono symbol file
Symbol file data-000002038D02A020 doesn't match image C:\Users\rui02\unity_project\IVRC\IVRC\Library\ScriptAssemblies\Unity.PlasticSCM.Editor.dll
Symbol file LoadedFromMemory is not a mono symbol file
Symbol file data-000002039C8AD010 doesn't match image C:\Users\rui02\unity_project\IVRC\IVRC\Library\ScriptAssemblies\Unity.CollabProxy.Editor.dll
Symbol file LoadedFromMemory is not a mono symbol file
Symbol file data-000002039C8AD010 doesn't match image C:\Users\rui02\unity_project\IVRC\IVRC\Library\ScriptAssemblies\UnityEditor.SpatialTracking.dll
Symbol file LoadedFromMemory is not a mono symbol file
Symbol file data-000002039F97AF80 doesn't match image C:\Users\rui02\unity_project\IVRC\IVRC\Library\ScriptAssemblies\UniVRM.Editor.dll
Symbol file LoadedFromMemory is not a mono symbol file
Symbol file data-00000203EA1FB030 doesn't match image C:\Users\rui02\unity_project\IVRC\IVRC\Library\ScriptAssemblies\Unity.ShaderGraph.Editor.dll
Symbol file LoadedFromMemory is not a mono symbol file
Symbol file data-000002039F41D0D0 doesn't match image C:\Users\rui02\unity_project\IVRC\IVRC\Library\ScriptAssemblies\Unity.VisualStudio.Editor.dll
Symbol file LoadedFromMemory is not a mono symbol file
Symbol file data-00000203E7565D70 doesn't match image C:\Users\rui02\unity_project\IVRC\IVRC\Library\ScriptAssemblies\UnityEditor.UI.dll
Symbol file LoadedFromMemory is not a mono symbol file
Symbol file data-000002036AAF0060 doesn't match image C:\Users\rui02\unity_project\IVRC\IVRC\Library\ScriptAssemblies\Unity.VisualScripting.Core.dll
Symbol file LoadedFromMemory is not a mono symbol file
Symbol file data-00000203A20F36E0 doesn't match image C:\Users\rui02\unity_project\IVRC\IVRC\Library\ScriptAssemblies\SteamVR_Input_Editor.dll
Symbol file LoadedFromMemory is not a mono symbol file
Symbol file data-00000203E5027020 doesn't match image C:\Users\rui02\unity_project\IVRC\IVRC\Library\ScriptAssemblies\Unity.VisualScripting.Core.Editor.dll
Symbol file LoadedFromMemory is not a mono symbol file
Symbol file data-00000203A25C2900 doesn't match image C:\Users\rui02\unity_project\IVRC\IVRC\Library\ScriptAssemblies\UnityEngine.SpatialTracking.dll
Symbol file LoadedFromMemory is not a mono symbol file
Symbol file data-00000203EAE75020 doesn't match image C:\Users\rui02\unity_project\IVRC\IVRC\Library\ScriptAssemblies\UnityEngine.UI.dll
Symbol file LoadedFromMemory is not a mono symbol file
Symbol file data-00000203A25C2900 doesn't match image C:\Users\rui02\unity_project\IVRC\IVRC\Library\ScriptAssemblies\VRMShaders.GLTF.IO.Tests.dll
Symbol file LoadedFromMemory is not a mono symbol file
Symbol file data-000002039CFD1270 doesn't match image C:\Users\rui02\unity_project\IVRC\IVRC\Library\ScriptAssemblies\UnityEditor.XR.LegacyInputHelpers.dll
Symbol file LoadedFromMemory is not a mono symbol file
Symbol file data-00000203A0114B80 doesn't match image C:\Users\rui02\unity_project\IVRC\IVRC\Library\ScriptAssemblies\SteamVR_Editor.dll
Symbol file LoadedFromMemory is not a mono symbol file
Symbol file data-00000203EC81B030 doesn't match image C:\Users\rui02\unity_project\IVRC\IVRC\Library\ScriptAssemblies\Unity.VisualScripting.Flow.Editor.dll
Symbol file LoadedFromMemory is not a mono symbol file
Symbol file data-000002039C8AD010 doesn't match image C:\Users\rui02\unity_project\IVRC\IVRC\Library\ScriptAssemblies\Unity.RenderPipeline.Universal.ShaderLibrary.dll
Symbol file LoadedFromMemory is not a mono symbol file
Symbol file data-000002039A4F80F0 doesn't match image C:\Users\rui02\unity_project\IVRC\IVRC\Library\ScriptAssemblies\Unity.Timeline.dll
Symbol file LoadedFromMemory is not a mono symbol file
Symbol file data-0000020399927650 doesn't match image C:\Users\rui02\unity_project\IVRC\IVRC\Library\ScriptAssemblies\Unity.XR.OpenVR.Editor.dll
Symbol file LoadedFromMemory is not a mono symbol file
Symbol file data-00000203EAD24020 doesn't match image C:\Users\rui02\unity_project\IVRC\IVRC\Library\ScriptAssemblies\VRMShaders.VRM10.MToon10.Runtime.dll
Symbol file LoadedFromMemory is not a mono symbol file
Symbol file data-00000203E665BD50 doesn't match image C:\Users\rui02\unity_project\IVRC\IVRC\Library\ScriptAssemblies\Unity.VisualScripting.SettingsProvider.Editor.dll
Symbol file LoadedFromMemory is not a mono symbol file
Symbol file data-00000203A2053D50 doesn't match image C:\Users\rui02\unity_project\IVRC\IVRC\Library\ScriptAssemblies\Unity.TestTools.CodeCoverage.Editor.OpenCover.Model.dll
Symbol file LoadedFromMemory is not a mono symbol file
Symbol file data-00000203EAEB2010 doesn't match image C:\Users\rui02\unity_project\IVRC\IVRC\Library\ScriptAssemblies\VRMShaders.GLTF.IO.Editor.dll
Symbol file LoadedFromMemory is not a mono symbol file
Symbol file data-000002039AEC1010 doesn't match image C:\Users\rui02\unity_project\IVRC\IVRC\Library\ScriptAssemblies\UnityEngine.TestRunner.dll
Symbol file LoadedFromMemory is not a mono symbol file
Symbol file data-00000203A20F36E0 doesn't match image C:\Users\rui02\unity_project\IVRC\IVRC\Library\ScriptAssemblies\Unity.VisualScripting.State.Editor.dll
Symbol file LoadedFromMemory is not a mono symbol file
Symbol file data-00000203A0099A80 doesn't match image C:\Users\rui02\unity_project\IVRC\IVRC\Library\ScriptAssemblies\Unity.Mathematics.dll
Symbol file LoadedFromMemory is not a mono symbol file
Symbol file data-00000203A18AD210 doesn't match image C:\Users\rui02\unity_project\IVRC\IVRC\Library\ScriptAssemblies\Unity.RenderPipelines.Universal.Shaders.dll
Symbol file LoadedFromMemory is not a mono symbol file
Symbol file data-0000020398BEF010 doesn't match image C:\Users\rui02\unity_project\IVRC\IVRC\Library\ScriptAssemblies\Unity.TextMeshPro.Editor.dll
Symbol file LoadedFromMemory is not a mono symbol file
Symbol file data-00000203993E7020 doesn't match image C:\Users\rui02\unity_project\IVRC\IVRC\Library\ScriptAssemblies\Unity.Searcher.Editor.dll
Symbol file LoadedFromMemory is not a mono symbol file
Symbol file data-0000020398E55020 doesn't match image C:\Users\rui02\unity_project\IVRC\IVRC\Library\ScriptAssemblies\Unity.VisualScripting.State.dll
Symbol file LoadedFromMemory is not a mono symbol file
Symbol file data-00000203A15FED00 doesn't match image C:\Users\rui02\unity_project\IVRC\IVRC\Library\ScriptAssemblies\Unity.ShaderGraph.Utilities.dll
Symbol file LoadedFromMemory is not a mono symbol file
Symbol file data-00000203E9FC0020 doesn't match image C:\Users\rui02\unity_project\IVRC\IVRC\Library\ScriptAssemblies\Unity.RenderPipelines.HighDefinition.Runtime.dll
Symbol file LoadedFromMemory is not a mono symbol file
Symbol file data-00000203A0114B80 doesn't match image C:\Users\rui02\unity_project\IVRC\IVRC\Library\ScriptAssemblies\VRM.Tests.dll
Symbol file LoadedFromMemory is not a mono symbol file
- Loaded All Assemblies, in  0.504 seconds
Refreshing native plugins compatible for Editor in 3.96 ms, found 6 plugins.
Native extension for WindowsStandalone target not found
Native extension for WebGL target not found
[Package Manager] Server::EnsureServerProcessIsRunning -- launch failed, reason: Unity was launched with the -noUpm command-line argument
[Package Manager] UpmClient::Send -- Unable to send message (not connected to UPM process).
[Package Manager] Cannot connect to Unity Package Manager local server
[Package Manager] Server::EnsureServerProcessIsRunning -- launch failed, reason: Unity was launched with the -noUpm command-line argument
[Package Manager] UpmClient::Send -- Unable to send message (not connected to UPM process).
[Package Manager] Cannot connect to Unity Package Manager local server
Mono: successfully reloaded assembly
[Package Manager] Server::EnsureServerProcessIsRunning -- launch failed, reason: Unity was launched with the -noUpm command-line argument
[Package Manager] UpmClient::Send -- Unable to send message (not connected to UPM process).
[Package Manager] Cannot connect to Unity Package Manager local server
- Finished resetting the current domain, in  2.366 seconds
Domain Reload Profiling: 2868ms
	BeginReloadAssembly (137ms)
		ExecutionOrderSort (0ms)
		DisableScriptedObjects (3ms)
		BackupInstance (0ms)
		ReleaseScriptingObjects (0ms)
		CreateAndSetChildDomain (37ms)
	RebuildCommonClasses (26ms)
	RebuildNativeTypeToScriptingClass (9ms)
	initialDomainReloadingComplete (24ms)
	LoadAllAssembliesAndSetupDomain (305ms)
		LoadAssemblies (317ms)
		RebuildTransferFunctionScriptingTraits (0ms)
		AnalyzeDomain (58ms)
			TypeCache.Refresh (11ms)
				TypeCache.ScanAssembly (1ms)
			ScanForSourceGeneratedMonoScriptInfo (33ms)
			ResolveRequiredComponents (13ms)
	FinalizeReload (2367ms)
		ReleaseScriptCaches (0ms)
		RebuildScriptCaches (0ms)
		SetupLoadedEditorAssemblies (498ms)
			LogAssemblyErrors (0ms)
			InitializePlatformSupportModulesInManaged (6ms)
			SetLoadedEditorAssemblies (5ms)
			RefreshPlugins (0ms)
			BeforeProcessingInitializeOnLoad (84ms)
			ProcessInitializeOnLoadAttributes (376ms)
			ProcessInitializeOnLoadMethodAttributes (23ms)
			AfterProcessingInitializeOnLoad (4ms)
			EditorAssembliesLoaded (0ms)
		ExecutionOrderSort2 (0ms)
		AwakeInstancesAfterBackupRestoration (5ms)
Refreshing native plugins compatible for Editor in 3.82 ms, found 6 plugins.
Preloading 0 native plugins for Editor in 0.00 ms.
Unloading 7879 Unused Serialized files (Serialized files now loaded: 0)
Unloading 212 unused Assets / (15.5 MB). Loaded Objects now: 8779.
Memory consumption went from 307.4 MB to 291.9 MB.
Total: 5.740000 ms (FindLiveObjects: 0.460700 ms CreateObjectMapping: 0.326600 ms MarkObjects: 2.565100 ms  DeleteObjects: 2.386700 ms)

Prepare: number of updated asset objects reloaded= 0
AssetImportParameters requested are different than current active one (requested -> active):
  custom:container-demuxer-ogg: 62fdf1f143b41e24485cea50d1cbac27 -> 
  custom:framework-win-MediaFoundation: 216162199b28c13a410421893ffa2e32 -> 
  custom:container-muxer-webm: aa71ff27fc2769a1b78a27578f13a17b -> 
  custom:video-decoder-webm-vp8: 9c59270c3fd7afecdb556c50c9e8de78 -> 
  custom:SearchIndexIgnoredProperties: e643bd26f0fe6173181afceb89e7c659 -> 
  custom:AudioImporter_EditorPlatform: d09bf68614088b80899f8185d706f6e7 -> 
  custom:audio-decoder-ogg-vorbis: bf7c407c2cedff20999df2af8eb42d56 -> 
  custom:audio-encoder-webm-vorbis: bf7c407c2cedff20999df2af8eb42d56 -> 
  custom:video-codec-MediaFoundation-h265: 746d11721c4dcdbdad8f713fa42b33f4 -> 
  custom:video-decoder-ogg-theora: a1e56fd34408186e4bbccfd4996cb3dc -> 
  custom:CustomObjectIndexerAttribute: a3ef5dd2817f97addfee359851a9dba5 -> 
  custom:container-demuxer-webm: 4f35f7cbe854078d1ac9338744f61a02 -> 
  custom:video-encoder-webm-vp8: eb34c28f22e8b96e1ab97ce403110664 -> 
========================================================================
Received Prepare
Begin MonoManager ReloadAssembly
Symbol file data-000002039D15B3E0 doesn't match image C:\Users\rui02\unity_project\IVRC\IVRC\Library\ScriptAssemblies\UniHumanoid.Editor.dll
Symbol file LoadedFromMemory is not a mono symbol file
Symbol file data-000002039CFD1270 doesn't match image C:\Users\rui02\unity_project\IVRC\IVRC\Library\ScriptAssemblies\Unity.XR.Management.dll
Symbol file LoadedFromMemory is not a mono symbol file
Symbol file data-000002039BF56210 doesn't match image C:\Users\rui02\unity_project\IVRC\IVRC\Library\ScriptAssemblies\UniHumanoid.Editor.Tests.dll
Symbol file LoadedFromMemory is not a mono symbol file
Symbol file data-00000203EAAC7050 doesn't match image C:\Users\rui02\unity_project\IVRC\IVRC\Library\ScriptAssemblies\Unity.VisualEffectGraph.Runtime.dll
Symbol file LoadedFromMemory is not a mono symbol file
Symbol file data-000002038D946020 doesn't match image C:\Users\rui02\unity_project\IVRC\IVRC\Library\ScriptAssemblies\Unity.RenderPipelines.Core.Runtime.dll
Symbol file LoadedFromMemory is not a mono symbol file
Symbol file data-000002036B25B010 doesn't match image C:\Users\rui02\unity_project\IVRC\IVRC\Library\ScriptAssemblies\Unity.Burst.Editor.dll
Symbol file LoadedFromMemory is not a mono symbol file
Symbol file data-000002039B7FA020 doesn't match image C:\Users\rui02\unity_project\IVRC\IVRC\Library\ScriptAssemblies\SteamVR.dll
Symbol file LoadedFromMemory is not a mono symbol file
Symbol file data-00000203ED6DC040 doesn't match image C:\Users\rui02\unity_project\IVRC\IVRC\Library\ScriptAssemblies\VRMShaders.GLTF.UniUnlit.Runtime.dll
Symbol file LoadedFromMemory is not a mono symbol file
Symbol file data-000002039BF56210 doesn't match image C:\Users\rui02\unity_project\IVRC\IVRC\Library\ScriptAssemblies\SteamVR_Windows_EditorHelper.dll
Symbol file LoadedFromMemory is not a mono symbol file
Symbol file data-000002039D3ED000 doesn't match image C:\Users\rui02\unity_project\IVRC\IVRC\Library\ScriptAssemblies\UniGLTF.dll
Symbol file LoadedFromMemory is not a mono symbol file
Symbol file data-000002039D29F440 doesn't match image C:\Users\rui02\unity_project\IVRC\IVRC\Library\ScriptAssemblies\Unity.Rider.Editor.dll
Symbol file LoadedFromMemory is not a mono symbol file
Symbol file data-00000203A192DC40 doesn't match image C:\Users\rui02\unity_project\IVRC\IVRC\Library\ScriptAssemblies\VRMShaders.VRM10.MToon10.Tests.dll
Symbol file LoadedFromMemory is not a mono symbol file
Symbol file data-00000203C4049010 doesn't match image C:\Users\rui02\unity_project\IVRC\IVRC\Library\ScriptAssemblies\Unity.RenderPipelines.Core.Editor.dll
Symbol file LoadedFromMemory is not a mono symbol file
Symbol file data-000002036B671C50 doesn't match image C:\Users\rui02\unity_project\IVRC\IVRC\Library\ScriptAssemblies\Unity.VisualEffectGraph.Editor.dll
Symbol file LoadedFromMemory is not a mono symbol file
Symbol file data-00000203E8AD6010 doesn't match image C:\Users\rui02\unity_project\IVRC\IVRC\Library\ScriptAssemblies\UnityEditor.TestRunner.dll
Symbol file LoadedFromMemory is not a mono symbol file
Symbol file data-000002039A7343F0 doesn't match image C:\Users\rui02\unity_project\IVRC\IVRC\Library\ScriptAssemblies\Unity.VisualScripting.Flow.dll
Symbol file LoadedFromMemory is not a mono symbol file
Symbol file data-00000203E9883030 doesn't match image C:\Users\rui02\unity_project\IVRC\IVRC\Library\ScriptAssemblies\Unity.Mathematics.Editor.dll
Symbol file LoadedFromMemory is not a mono symbol file
Symbol file data-000002039B498A50 doesn't match image C:\Users\rui02\unity_project\IVRC\IVRC\Library\ScriptAssemblies\Unity.TestTools.CodeCoverage.Editor.OpenCover.Mono.Reflection.dll
Symbol file LoadedFromMemory is not a mono symbol file
Symbol file data-00000203A25C2900 doesn't match image C:\Users\rui02\unity_project\IVRC\IVRC\Library\ScriptAssemblies\VRMShaders.VRM10.MToon10.Editor.dll
Symbol file LoadedFromMemory is not a mono symbol file
Symbol file data-000002039BF56210 doesn't match image C:\Users\rui02\unity_project\IVRC\IVRC\Library\ScriptAssemblies\UniGLTF.Utils.dll
Symbol file LoadedFromMemory is not a mono symbol file
Symbol file data-00000203ED6DC040 doesn't match image C:\Users\rui02\unity_project\IVRC\IVRC\Library\ScriptAssemblies\Unity.RenderPipelines.HighDefinition.Config.Runtime.dll
Symbol file LoadedFromMemory is not a mono symbol file
Symbol file data-000002039D3E3250 doesn't match image C:\Users\rui02\unity_project\IVRC\IVRC\Library\ScriptAssemblies\MToon.Editor.dll
Symbol file LoadedFromMemory is not a mono symbol file
Symbol file data-000002039ECF2300 doesn't match image C:\Users\rui02\unity_project\IVRC\IVRC\Library\ScriptAssemblies\Unity.Performance.Profile-Analyzer.Editor.dll
Symbol file LoadedFromMemory is not a mono symbol file
Symbol file data-00000203A205B330 doesn't match image C:\Users\rui02\unity_project\IVRC\IVRC\Library\ScriptAssemblies\Unity.RenderPipelines.Core.ShaderLibrary.dll
Symbol file LoadedFromMemory is not a mono symbol file
Symbol file data-00000203EB911F80 doesn't match image C:\Users\rui02\unity_project\IVRC\IVRC\Library\ScriptAssemblies\Unity.XR.Management.Editor.dll
Symbol file LoadedFromMemory is not a mono symbol file
Symbol file data-00000203ED6DC040 doesn't match image C:\Users\rui02\unity_project\IVRC\IVRC\Library\ScriptAssemblies\VRMShaders.VRM.IO.Runtime.dll
Symbol file LoadedFromMemory is not a mono symbol file
Symbol file data-00000203A1A83170 doesn't match image C:\Users\rui02\unity_project\IVRC\IVRC\Library\ScriptAssemblies\Unity.TestTools.CodeCoverage.Editor.dll
Symbol file LoadedFromMemory is not a mono symbol file
Symbol file data-000002039B841020 doesn't match image C:\Users\rui02\unity_project\IVRC\IVRC\Library\ScriptAssemblies\VRM.dll
Symbol file LoadedFromMemory is not a mono symbol file
Symbol file data-000002039BF56210 doesn't match image C:\Users\rui02\unity_project\IVRC\IVRC\Library\ScriptAssemblies\VRMShaders.GLTF.UniUnlit.Editor.dll
Symbol file LoadedFromMemory is not a mono symbol file
Symbol file data-000002039BF56210 doesn't match image C:\Users\rui02\unity_project\IVRC\IVRC\Library\ScriptAssemblies\PPv2URPConverters.dll
Symbol file LoadedFromMemory is not a mono symbol file
Symbol file data-000002039B073F70 doesn't match image C:\Users\rui02\unity_project\IVRC\IVRC\Library\ScriptAssemblies\Unity.XR.OpenVR.dll
Symbol file LoadedFromMemory is not a mono symbol file
Symbol file data-000002039F8FDB60 doesn't match image C:\Users\rui02\unity_project\IVRC\IVRC\Library\ScriptAssemblies\Unity.Settings.Editor.dll
Symbol file LoadedFromMemory is not a mono symbol file
Symbol file data-00000203A0210030 doesn't match image C:\Users\rui02\unity_project\IVRC\IVRC\Library\ScriptAssemblies\Unity.TextMeshPro.dll
Symbol file LoadedFromMemory is not a mono symbol file
Symbol file data-00000203A192DC40 doesn't match image C:\Users\rui02\unity_project\IVRC\IVRC\Library\ScriptAssemblies\VRMShaders.VRM10.Format.Runtime.dll
Symbol file LoadedFromMemory is not a mono symbol file
Symbol file data-000002039F0BB010 doesn't match image C:\Users\rui02\unity_project\IVRC\IVRC\Library\ScriptAssemblies\Unity.Burst.CodeGen.dll
Symbol file LoadedFromMemory is not a mono symbol file
Symbol file data-000002038E527080 doesn't match image C:\Users\rui02\unity_project\IVRC\IVRC\Library\ScriptAssemblies\Unity.VSCode.Editor.dll
Symbol file LoadedFromMemory is not a mono symbol file
Symbol file data-000002039AB76040 doesn't match image C:\Users\rui02\unity_project\IVRC\IVRC\Library\ScriptAssemblies\UniGLTF.Editor.dll
Symbol file LoadedFromMemory is not a mono symbol file
Symbol file data-00000203E4E5AED0 doesn't match image C:\Users\rui02\unity_project\IVRC\IVRC\Library\ScriptAssemblies\Unity.RenderPipelines.Universal.Editor.dll
Symbol file LoadedFromMemory is not a mono symbol file
Symbol file data-00000203EC7B9010 doesn't match image C:\Users\rui02\unity_project\IVRC\IVRC\Library\ScriptAssemblies\Unity.RenderPipelines.HighDefinition.Editor.dll
Symbol file LoadedFromMemory is not a mono symbol file
Symbol file data-00000203A25C2900 doesn't match image C:\Users\rui02\unity_project\IVRC\IVRC\Library\ScriptAssemblies\VRM.Samples.Editor.Tests.dll
Symbol file LoadedFromMemory is not a mono symbol file
Symbol file data-00000203A205B330 doesn't match image C:\Users\rui02\unity_project\IVRC\IVRC\Library\ScriptAssemblies\Unity.RenderPipelines.ShaderGraph.ShaderGraphLibrary.dll
Symbol file LoadedFromMemory is not a mono symbol file
Symbol file data-00000203A25C2900 doesn't match image C:\Users\rui02\unity_project\IVRC\IVRC\Library\ScriptAssemblies\Unity.EditorCoroutines.Editor.dll
Symbol file LoadedFromMemory is not a mono symbol file
Symbol file data-000002038E527080 doesn't match image C:\Users\rui02\unity_project\IVRC\IVRC\Library\ScriptAssemblies\FastSpringBone.dll
Symbol file LoadedFromMemory is not a mono symbol file
Symbol file data-00000203A0210030 doesn't match image C:\Users\rui02\unity_project\IVRC\IVRC\Library\ScriptAssemblies\Unity.TerrainTools.Editor.dll
Symbol file LoadedFromMemory is not a mono symbol file
Symbol file data-00000203E9D05020 doesn't match image C:\Users\rui02\unity_project\IVRC\IVRC\Library\ScriptAssemblies\Unity.RenderPipelines.Universal.Runtime.dll
Symbol file LoadedFromMemory is not a mono symbol file
Symbol file data-00000203E444E050 doesn't match image C:\Users\rui02\unity_project\IVRC\IVRC\Library\ScriptAssemblies\MToon.dll
Symbol file LoadedFromMemory is not a mono symbol file
Symbol file data-000002036B205840 doesn't match image C:\Users\rui02\unity_project\IVRC\IVRC\Library\ScriptAssemblies\UniHumanoid.dll
Symbol file LoadedFromMemory is not a mono symbol file
Symbol file data-00000203A0210030 doesn't match image C:\Users\rui02\unity_project\IVRC\IVRC\Library\ScriptAssemblies\Unity.Burst.dll
Symbol file LoadedFromMemory is not a mono symbol file
Symbol file data-000002039FDDBC50 doesn't match image C:\Users\rui02\unity_project\IVRC\IVRC\Library\ScriptAssemblies\UnityEngine.XR.LegacyInputHelpers.dll
Symbol file LoadedFromMemory is not a mono symbol file
Symbol file data-000002039F8A8460 doesn't match image C:\Users\rui02\unity_project\IVRC\IVRC\Library\ScriptAssemblies\UniGLTF.Tests.dll
Symbol file LoadedFromMemory is not a mono symbol file
Symbol file data-000002039EA6CFF0 doesn't match image C:\Users\rui02\unity_project\IVRC\IVRC\Library\ScriptAssemblies\VRMShaders.GLTF.IO.Runtime.dll
Symbol file LoadedFromMemory is not a mono symbol file
Symbol file data-000002040E813010 doesn't match image C:\Users\rui02\unity_project\IVRC\IVRC\Library\ScriptAssemblies\Unity.Timeline.Editor.dll
Symbol file LoadedFromMemory is not a mono symbol file
Symbol file data-00000203E444E050 doesn't match image C:\Users\rui02\unity_project\IVRC\IVRC\Library\ScriptAssemblies\Unity.VisualScripting.Shared.Editor.dll
Symbol file LoadedFromMemory is not a mono symbol file
Symbol file data-00000203A192DC40 doesn't match image C:\Users\rui02\unity_project\IVRC\IVRC\Library\ScriptAssemblies\Unity.TerrainTools.dll
Symbol file LoadedFromMemory is not a mono symbol file
Symbol file data-000002038D02A020 doesn't match image C:\Users\rui02\unity_project\IVRC\IVRC\Library\ScriptAssemblies\Unity.PlasticSCM.Editor.dll
Symbol file LoadedFromMemory is not a mono symbol file
Symbol file data-000002039BF56210 doesn't match image C:\Users\rui02\unity_project\IVRC\IVRC\Library\ScriptAssemblies\Unity.CollabProxy.Editor.dll
Symbol file LoadedFromMemory is not a mono symbol file
Symbol file data-000002039BF56210 doesn't match image C:\Users\rui02\unity_project\IVRC\IVRC\Library\ScriptAssemblies\UnityEditor.SpatialTracking.dll
Symbol file LoadedFromMemory is not a mono symbol file
Symbol file data-00000203EAAC7050 doesn't match image C:\Users\rui02\unity_project\IVRC\IVRC\Library\ScriptAssemblies\UniVRM.Editor.dll
Symbol file LoadedFromMemory is not a mono symbol file
Symbol file data-00000203A13F9590 doesn't match image C:\Users\rui02\unity_project\IVRC\IVRC\Library\ScriptAssemblies\Unity.ShaderGraph.Editor.dll
Symbol file LoadedFromMemory is not a mono symbol file
Symbol file data-00000203A04061A0 doesn't match image C:\Users\rui02\unity_project\IVRC\IVRC\Library\ScriptAssemblies\Unity.VisualStudio.Editor.dll
Symbol file LoadedFromMemory is not a mono symbol file
Symbol file data-00000203A04061A0 doesn't match image C:\Users\rui02\unity_project\IVRC\IVRC\Library\ScriptAssemblies\UnityEditor.UI.dll
Symbol file LoadedFromMemory is not a mono symbol file
Symbol file data-000002036AAF0060 doesn't match image C:\Users\rui02\unity_project\IVRC\IVRC\Library\ScriptAssemblies\Unity.VisualScripting.Core.dll
Symbol file LoadedFromMemory is not a mono symbol file
Symbol file data-00000203A04061A0 doesn't match image C:\Users\rui02\unity_project\IVRC\IVRC\Library\ScriptAssemblies\SteamVR_Input_Editor.dll
Symbol file LoadedFromMemory is not a mono symbol file
Symbol file data-00000203EC7B9010 doesn't match image C:\Users\rui02\unity_project\IVRC\IVRC\Library\ScriptAssemblies\Unity.VisualScripting.Core.Editor.dll
Symbol file LoadedFromMemory is not a mono symbol file
Symbol file data-000002039D3E3250 doesn't match image C:\Users\rui02\unity_project\IVRC\IVRC\Library\ScriptAssemblies\UnityEngine.SpatialTracking.dll
Symbol file LoadedFromMemory is not a mono symbol file
Symbol file data-00000203E4583D00 doesn't match image C:\Users\rui02\unity_project\IVRC\IVRC\Library\ScriptAssemblies\UnityEngine.UI.dll
Symbol file LoadedFromMemory is not a mono symbol file
Symbol file data-000002039D3E3250 doesn't match image C:\Users\rui02\unity_project\IVRC\IVRC\Library\ScriptAssemblies\VRMShaders.GLTF.IO.Tests.dll
Symbol file LoadedFromMemory is not a mono symbol file
Symbol file data-000002039CFD1270 doesn't match image C:\Users\rui02\unity_project\IVRC\IVRC\Library\ScriptAssemblies\UnityEditor.XR.LegacyInputHelpers.dll
Symbol file LoadedFromMemory is not a mono symbol file
Symbol file data-00000203A15FED00 doesn't match image C:\Users\rui02\unity_project\IVRC\IVRC\Library\ScriptAssemblies\SteamVR_Editor.dll
Symbol file LoadedFromMemory is not a mono symbol file
Symbol file data-000002039BA61030 doesn't match image C:\Users\rui02\unity_project\IVRC\IVRC\Library\ScriptAssemblies\Unity.VisualScripting.Flow.Editor.dll
Symbol file LoadedFromMemory is not a mono symbol file
Symbol file data-00000203ED6DC040 doesn't match image C:\Users\rui02\unity_project\IVRC\IVRC\Library\ScriptAssemblies\Unity.RenderPipeline.Universal.ShaderLibrary.dll
Symbol file LoadedFromMemory is not a mono symbol file
Symbol file data-00000203E44A7AE0 doesn't match image C:\Users\rui02\unity_project\IVRC\IVRC\Library\ScriptAssemblies\Unity.Timeline.dll
Symbol file LoadedFromMemory is not a mono symbol file
Symbol file data-000002039B498A50 doesn't match image C:\Users\rui02\unity_project\IVRC\IVRC\Library\ScriptAssemblies\Unity.XR.OpenVR.Editor.dll
Symbol file LoadedFromMemory is not a mono symbol file
Symbol file data-00000203ECD13290 doesn't match image C:\Users\rui02\unity_project\IVRC\IVRC\Library\ScriptAssemblies\VRMShaders.VRM10.MToon10.Runtime.dll
Symbol file LoadedFromMemory is not a mono symbol file
Symbol file data-00000203E9883030 doesn't match image C:\Users\rui02\unity_project\IVRC\IVRC\Library\ScriptAssemblies\Unity.VisualScripting.SettingsProvider.Editor.dll
Symbol file LoadedFromMemory is not a mono symbol file
Symbol file data-00000203A15FED00 doesn't match image C:\Users\rui02\unity_project\IVRC\IVRC\Library\ScriptAssemblies\Unity.TestTools.CodeCoverage.Editor.OpenCover.Model.dll
Symbol file LoadedFromMemory is not a mono symbol file
Symbol file data-0000020399882E40 doesn't match image C:\Users\rui02\unity_project\IVRC\IVRC\Library\ScriptAssemblies\VRMShaders.GLTF.IO.Editor.dll
Symbol file LoadedFromMemory is not a mono symbol file
Symbol file data-00000203A1A54030 doesn't match image C:\Users\rui02\unity_project\IVRC\IVRC\Library\ScriptAssemblies\UnityEngine.TestRunner.dll
Symbol file LoadedFromMemory is not a mono symbol file
Symbol file data-00000203A04061A0 doesn't match image C:\Users\rui02\unity_project\IVRC\IVRC\Library\ScriptAssemblies\Unity.VisualScripting.State.Editor.dll
Symbol file LoadedFromMemory is not a mono symbol file
Symbol file data-00000203ED8EEC70 doesn't match image C:\Users\rui02\unity_project\IVRC\IVRC\Library\ScriptAssemblies\Unity.Mathematics.dll
Symbol file LoadedFromMemory is not a mono symbol file
Symbol file data-00000203A205B330 doesn't match image C:\Users\rui02\unity_project\IVRC\IVRC\Library\ScriptAssemblies\Unity.RenderPipelines.Universal.Shaders.dll
Symbol file LoadedFromMemory is not a mono symbol file
Symbol file data-00000203A08B7EA0 doesn't match image C:\Users\rui02\unity_project\IVRC\IVRC\Library\ScriptAssemblies\Unity.TextMeshPro.Editor.dll
Symbol file LoadedFromMemory is not a mono symbol file
Symbol file data-00000203A1A7B010 doesn't match image C:\Users\rui02\unity_project\IVRC\IVRC\Library\ScriptAssemblies\Unity.Searcher.Editor.dll
Symbol file LoadedFromMemory is not a mono symbol file
Symbol file data-00000203E8BDC040 doesn't match image C:\Users\rui02\unity_project\IVRC\IVRC\Library\ScriptAssemblies\Unity.VisualScripting.State.dll
Symbol file LoadedFromMemory is not a mono symbol file
Symbol file data-0000020399882E40 doesn't match image C:\Users\rui02\unity_project\IVRC\IVRC\Library\ScriptAssemblies\Unity.ShaderGraph.Utilities.dll
Symbol file LoadedFromMemory is not a mono symbol file
Symbol file data-00000203EDAB56C0 doesn't match image C:\Users\rui02\unity_project\IVRC\IVRC\Library\ScriptAssemblies\Unity.RenderPipelines.HighDefinition.Runtime.dll
Symbol file LoadedFromMemory is not a mono symbol file
Symbol file data-00000203A15FED00 doesn't match image C:\Users\rui02\unity_project\IVRC\IVRC\Library\ScriptAssemblies\VRM.Tests.dll
Symbol file LoadedFromMemory is not a mono symbol file
- Loaded All Assemblies, in  0.544 seconds
Refreshing native plugins compatible for Editor in 6.93 ms, found 6 plugins.
Native extension for WindowsStandalone target not found
Native extension for WebGL target not found
[Package Manager] Server::EnsureServerProcessIsRunning -- launch failed, reason: Unity was launched with the -noUpm command-line argument
[Package Manager] UpmClient::Send -- Unable to send message (not connected to UPM process).
[Package Manager] Cannot connect to Unity Package Manager local server
[Package Manager] Server::EnsureServerProcessIsRunning -- launch failed, reason: Unity was launched with the -noUpm command-line argument
[Package Manager] UpmClient::Send -- Unable to send message (not connected to UPM process).
[Package Manager] Cannot connect to Unity Package Manager local server
Mono: successfully reloaded assembly
[Package Manager] Server::EnsureServerProcessIsRunning -- launch failed, reason: Unity was launched with the -noUpm command-line argument
[Package Manager] UpmClient::Send -- Unable to send message (not connected to UPM process).
[Package Manager] Cannot connect to Unity Package Manager local server
- Finished resetting the current domain, in  2.297 seconds
Domain Reload Profiling: 2838ms
	BeginReloadAssembly (148ms)
		ExecutionOrderSort (0ms)
		DisableScriptedObjects (3ms)
		BackupInstance (0ms)
		ReleaseScriptingObjects (0ms)
		CreateAndSetChildDomain (44ms)
	RebuildCommonClasses (29ms)
	RebuildNativeTypeToScriptingClass (11ms)
	initialDomainReloadingComplete (26ms)
	LoadAllAssembliesAndSetupDomain (327ms)
		LoadAssemblies (368ms)
		RebuildTransferFunctionScriptingTraits (0ms)
		AnalyzeDomain (29ms)
			TypeCache.Refresh (9ms)
				TypeCache.ScanAssembly (0ms)
			ScanForSourceGeneratedMonoScriptInfo (0ms)
			ResolveRequiredComponents (19ms)
	FinalizeReload (2298ms)
		ReleaseScriptCaches (0ms)
		RebuildScriptCaches (0ms)
		SetupLoadedEditorAssemblies (562ms)
			LogAssemblyErrors (0ms)
			InitializePlatformSupportModulesInManaged (6ms)
			SetLoadedEditorAssemblies (5ms)
			RefreshPlugins (0ms)
			BeforeProcessingInitializeOnLoad (93ms)
			ProcessInitializeOnLoadAttributes (426ms)
			ProcessInitializeOnLoadMethodAttributes (26ms)
			AfterProcessingInitializeOnLoad (4ms)
			EditorAssembliesLoaded (0ms)
		ExecutionOrderSort2 (0ms)
		AwakeInstancesAfterBackupRestoration (5ms)
Refreshing native plugins compatible for Editor in 4.74 ms, found 6 plugins.
Preloading 0 native plugins for Editor in 0.00 ms.
Unloading 7879 Unused Serialized files (Serialized files now loaded: 0)
Unloading 212 unused Assets / (15.5 MB). Loaded Objects now: 8795.
Memory consumption went from 307.6 MB to 292.1 MB.
Total: 6.464700 ms (FindLiveObjects: 0.499800 ms CreateObjectMapping: 0.336300 ms MarkObjects: 2.778700 ms  DeleteObjects: 2.848900 ms)

Prepare: number of updated asset objects reloaded= 0
AssetImportParameters requested are different than current active one (requested -> active):
  custom:container-demuxer-ogg: 62fdf1f143b41e24485cea50d1cbac27 -> 
  custom:framework-win-MediaFoundation: 216162199b28c13a410421893ffa2e32 -> 
  custom:container-muxer-webm: aa71ff27fc2769a1b78a27578f13a17b -> 
  custom:video-decoder-webm-vp8: 9c59270c3fd7afecdb556c50c9e8de78 -> 
  custom:SearchIndexIgnoredProperties: e643bd26f0fe6173181afceb89e7c659 -> 
  custom:AudioImporter_EditorPlatform: d09bf68614088b80899f8185d706f6e7 -> 
  custom:audio-decoder-ogg-vorbis: bf7c407c2cedff20999df2af8eb42d56 -> 
  custom:audio-encoder-webm-vorbis: bf7c407c2cedff20999df2af8eb42d56 -> 
  custom:video-codec-MediaFoundation-h265: 746d11721c4dcdbdad8f713fa42b33f4 -> 
  custom:video-decoder-ogg-theora: a1e56fd34408186e4bbccfd4996cb3dc -> 
  custom:CustomObjectIndexerAttribute: a3ef5dd2817f97addfee359851a9dba5 -> 
  custom:container-demuxer-webm: 4f35f7cbe854078d1ac9338744f61a02 -> 
  custom:video-encoder-webm-vp8: eb34c28f22e8b96e1ab97ce403110664 -> 
========================================================================
Received Prepare
Begin MonoManager ReloadAssembly
Symbol file data-000002039D15B3E0 doesn't match image C:\Users\rui02\unity_project\IVRC\IVRC\Library\ScriptAssemblies\UniHumanoid.Editor.dll
Symbol file LoadedFromMemory is not a mono symbol file
Symbol file data-00000203A2477010 doesn't match image C:\Users\rui02\unity_project\IVRC\IVRC\Library\ScriptAssemblies\Unity.XR.Management.dll
Symbol file LoadedFromMemory is not a mono symbol file
Symbol file data-000002039BF56210 doesn't match image C:\Users\rui02\unity_project\IVRC\IVRC\Library\ScriptAssemblies\UniHumanoid.Editor.Tests.dll
Symbol file LoadedFromMemory is not a mono symbol file
Symbol file data-00000203EAAC7050 doesn't match image C:\Users\rui02\unity_project\IVRC\IVRC\Library\ScriptAssemblies\Unity.VisualEffectGraph.Runtime.dll
Symbol file LoadedFromMemory is not a mono symbol file
Symbol file data-000002038D946020 doesn't match image C:\Users\rui02\unity_project\IVRC\IVRC\Library\ScriptAssemblies\Unity.RenderPipelines.Core.Runtime.dll
Symbol file LoadedFromMemory is not a mono symbol file
Symbol file data-000002036B25B010 doesn't match image C:\Users\rui02\unity_project\IVRC\IVRC\Library\ScriptAssemblies\Unity.Burst.Editor.dll
Symbol file LoadedFromMemory is not a mono symbol file
Symbol file data-000002039B7FA020 doesn't match image C:\Users\rui02\unity_project\IVRC\IVRC\Library\ScriptAssemblies\SteamVR.dll
Symbol file LoadedFromMemory is not a mono symbol file
Symbol file data-00000203ED6DC040 doesn't match image C:\Users\rui02\unity_project\IVRC\IVRC\Library\ScriptAssemblies\VRMShaders.GLTF.UniUnlit.Runtime.dll
Symbol file LoadedFromMemory is not a mono symbol file
Symbol file data-000002039BF56210 doesn't match image C:\Users\rui02\unity_project\IVRC\IVRC\Library\ScriptAssemblies\SteamVR_Windows_EditorHelper.dll
Symbol file LoadedFromMemory is not a mono symbol file
Symbol file data-000002039D3ED000 doesn't match image C:\Users\rui02\unity_project\IVRC\IVRC\Library\ScriptAssemblies\UniGLTF.dll
Symbol file LoadedFromMemory is not a mono symbol file
Symbol file data-00000203E4633020 doesn't match image C:\Users\rui02\unity_project\IVRC\IVRC\Library\ScriptAssemblies\Unity.Rider.Editor.dll
Symbol file LoadedFromMemory is not a mono symbol file
Symbol file data-00000203A192DC40 doesn't match image C:\Users\rui02\unity_project\IVRC\IVRC\Library\ScriptAssemblies\VRMShaders.VRM10.MToon10.Tests.dll
Symbol file LoadedFromMemory is not a mono symbol file
Symbol file data-00000203C4049010 doesn't match image C:\Users\rui02\unity_project\IVRC\IVRC\Library\ScriptAssemblies\Unity.RenderPipelines.Core.Editor.dll
Symbol file LoadedFromMemory is not a mono symbol file
Symbol file data-000002036B671C50 doesn't match image C:\Users\rui02\unity_project\IVRC\IVRC\Library\ScriptAssemblies\Unity.VisualEffectGraph.Editor.dll
Symbol file LoadedFromMemory is not a mono symbol file
Symbol file data-00000203EB5EE830 doesn't match image C:\Users\rui02\unity_project\IVRC\IVRC\Library\ScriptAssemblies\UnityEditor.TestRunner.dll
Symbol file LoadedFromMemory is not a mono symbol file
Symbol file data-000002039A7343F0 doesn't match image C:\Users\rui02\unity_project\IVRC\IVRC\Library\ScriptAssemblies\Unity.VisualScripting.Flow.dll
Symbol file LoadedFromMemory is not a mono symbol file
Symbol file data-00000203A2477010 doesn't match image C:\Users\rui02\unity_project\IVRC\IVRC\Library\ScriptAssemblies\Unity.Mathematics.Editor.dll
Symbol file LoadedFromMemory is not a mono symbol file
Symbol file data-000002039B498A50 doesn't match image C:\Users\rui02\unity_project\IVRC\IVRC\Library\ScriptAssemblies\Unity.TestTools.CodeCoverage.Editor.OpenCover.Mono.Reflection.dll
Symbol file LoadedFromMemory is not a mono symbol file
Symbol file data-000002039F8D0B80 doesn't match image C:\Users\rui02\unity_project\IVRC\IVRC\Library\ScriptAssemblies\VRMShaders.VRM10.MToon10.Editor.dll
Symbol file LoadedFromMemory is not a mono symbol file
Symbol file data-000002039BF56210 doesn't match image C:\Users\rui02\unity_project\IVRC\IVRC\Library\ScriptAssemblies\UniGLTF.Utils.dll
Symbol file LoadedFromMemory is not a mono symbol file
Symbol file data-00000203ED6DC040 doesn't match image C:\Users\rui02\unity_project\IVRC\IVRC\Library\ScriptAssemblies\Unity.RenderPipelines.HighDefinition.Config.Runtime.dll
Symbol file LoadedFromMemory is not a mono symbol file
Symbol file data-000002039D3E3250 doesn't match image C:\Users\rui02\unity_project\IVRC\IVRC\Library\ScriptAssemblies\MToon.Editor.dll
Symbol file LoadedFromMemory is not a mono symbol file
Symbol file data-000002039AC34090 doesn't match image C:\Users\rui02\unity_project\IVRC\IVRC\Library\ScriptAssemblies\Unity.Performance.Profile-Analyzer.Editor.dll
Symbol file LoadedFromMemory is not a mono symbol file
Symbol file data-00000203A205B330 doesn't match image C:\Users\rui02\unity_project\IVRC\IVRC\Library\ScriptAssemblies\Unity.RenderPipelines.Core.ShaderLibrary.dll
Symbol file LoadedFromMemory is not a mono symbol file
Symbol file data-00000203EB911F80 doesn't match image C:\Users\rui02\unity_project\IVRC\IVRC\Library\ScriptAssemblies\Unity.XR.Management.Editor.dll
Symbol file LoadedFromMemory is not a mono symbol file
Symbol file data-00000203ED6DC040 doesn't match image C:\Users\rui02\unity_project\IVRC\IVRC\Library\ScriptAssemblies\VRMShaders.VRM.IO.Runtime.dll
Symbol file LoadedFromMemory is not a mono symbol file
Symbol file data-00000203A1A83170 doesn't match image C:\Users\rui02\unity_project\IVRC\IVRC\Library\ScriptAssemblies\Unity.TestTools.CodeCoverage.Editor.dll
Symbol file LoadedFromMemory is not a mono symbol file
Symbol file data-000002039B841020 doesn't match image C:\Users\rui02\unity_project\IVRC\IVRC\Library\ScriptAssemblies\VRM.dll
Symbol file LoadedFromMemory is not a mono symbol file
Symbol file data-000002039BF56210 doesn't match image C:\Users\rui02\unity_project\IVRC\IVRC\Library\ScriptAssemblies\VRMShaders.GLTF.UniUnlit.Editor.dll
Symbol file LoadedFromMemory is not a mono symbol file
Symbol file data-000002039BF56210 doesn't match image C:\Users\rui02\unity_project\IVRC\IVRC\Library\ScriptAssemblies\PPv2URPConverters.dll
Symbol file LoadedFromMemory is not a mono symbol file
Symbol file data-000002039B073F70 doesn't match image C:\Users\rui02\unity_project\IVRC\IVRC\Library\ScriptAssemblies\Unity.XR.OpenVR.dll
Symbol file LoadedFromMemory is not a mono symbol file
Symbol file data-000002039F8FDB60 doesn't match image C:\Users\rui02\unity_project\IVRC\IVRC\Library\ScriptAssemblies\Unity.Settings.Editor.dll
Symbol file LoadedFromMemory is not a mono symbol file
Symbol file data-00000203A0210030 doesn't match image C:\Users\rui02\unity_project\IVRC\IVRC\Library\ScriptAssemblies\Unity.TextMeshPro.dll
Symbol file LoadedFromMemory is not a mono symbol file
Symbol file data-00000203A192DC40 doesn't match image C:\Users\rui02\unity_project\IVRC\IVRC\Library\ScriptAssemblies\VRMShaders.VRM10.Format.Runtime.dll
Symbol file LoadedFromMemory is not a mono symbol file
Symbol file data-00000203A197DA40 doesn't match image C:\Users\rui02\unity_project\IVRC\IVRC\Library\ScriptAssemblies\Unity.Burst.CodeGen.dll
Symbol file LoadedFromMemory is not a mono symbol file
Symbol file data-000002038E527080 doesn't match image C:\Users\rui02\unity_project\IVRC\IVRC\Library\ScriptAssemblies\Unity.VSCode.Editor.dll
Symbol file LoadedFromMemory is not a mono symbol file
Symbol file data-000002039AB76040 doesn't match image C:\Users\rui02\unity_project\IVRC\IVRC\Library\ScriptAssemblies\UniGLTF.Editor.dll
Symbol file LoadedFromMemory is not a mono symbol file
Symbol file data-00000203A24EB350 doesn't match image C:\Users\rui02\unity_project\IVRC\IVRC\Library\ScriptAssemblies\Unity.RenderPipelines.Universal.Editor.dll
Symbol file LoadedFromMemory is not a mono symbol file
Symbol file data-000002038EE54050 doesn't match image C:\Users\rui02\unity_project\IVRC\IVRC\Library\ScriptAssemblies\Unity.RenderPipelines.HighDefinition.Editor.dll
Symbol file LoadedFromMemory is not a mono symbol file
Symbol file data-000002039F8D0B80 doesn't match image C:\Users\rui02\unity_project\IVRC\IVRC\Library\ScriptAssemblies\VRM.Samples.Editor.Tests.dll
Symbol file LoadedFromMemory is not a mono symbol file
Symbol file data-00000203A205B330 doesn't match image C:\Users\rui02\unity_project\IVRC\IVRC\Library\ScriptAssemblies\Unity.RenderPipelines.ShaderGraph.ShaderGraphLibrary.dll
Symbol file LoadedFromMemory is not a mono symbol file
Symbol file data-000002039F8D0B80 doesn't match image C:\Users\rui02\unity_project\IVRC\IVRC\Library\ScriptAssemblies\Unity.EditorCoroutines.Editor.dll
Symbol file LoadedFromMemory is not a mono symbol file
Symbol file data-000002038E527080 doesn't match image C:\Users\rui02\unity_project\IVRC\IVRC\Library\ScriptAssemblies\FastSpringBone.dll
Symbol file LoadedFromMemory is not a mono symbol file
Symbol file data-00000203A0210030 doesn't match image C:\Users\rui02\unity_project\IVRC\IVRC\Library\ScriptAssemblies\Unity.TerrainTools.Editor.dll
Symbol file LoadedFromMemory is not a mono symbol file
Symbol file data-00000203E9D05020 doesn't match image C:\Users\rui02\unity_project\IVRC\IVRC\Library\ScriptAssemblies\Unity.RenderPipelines.Universal.Runtime.dll
Symbol file LoadedFromMemory is not a mono symbol file
Symbol file data-00000203A2182020 doesn't match image C:\Users\rui02\unity_project\IVRC\IVRC\Library\ScriptAssemblies\MToon.dll
Symbol file LoadedFromMemory is not a mono symbol file
Symbol file data-000002036B205840 doesn't match image C:\Users\rui02\unity_project\IVRC\IVRC\Library\ScriptAssemblies\UniHumanoid.dll
Symbol file LoadedFromMemory is not a mono symbol file
Symbol file data-00000203A0210030 doesn't match image C:\Users\rui02\unity_project\IVRC\IVRC\Library\ScriptAssemblies\Unity.Burst.dll
Symbol file LoadedFromMemory is not a mono symbol file
Symbol file data-000002039FDDBC50 doesn't match image C:\Users\rui02\unity_project\IVRC\IVRC\Library\ScriptAssemblies\UnityEngine.XR.LegacyInputHelpers.dll
Symbol file LoadedFromMemory is not a mono symbol file
Symbol file data-000002039F8A8460 doesn't match image C:\Users\rui02\unity_project\IVRC\IVRC\Library\ScriptAssemblies\UniGLTF.Tests.dll
Symbol file LoadedFromMemory is not a mono symbol file
Symbol file data-000002039EA6CFF0 doesn't match image C:\Users\rui02\unity_project\IVRC\IVRC\Library\ScriptAssemblies\VRMShaders.GLTF.IO.Runtime.dll
Symbol file LoadedFromMemory is not a mono symbol file
Symbol file data-00000203A01C0010 doesn't match image C:\Users\rui02\unity_project\IVRC\IVRC\Library\ScriptAssemblies\Unity.Timeline.Editor.dll
Symbol file LoadedFromMemory is not a mono symbol file
Symbol file data-00000203A2182020 doesn't match image C:\Users\rui02\unity_project\IVRC\IVRC\Library\ScriptAssemblies\Unity.VisualScripting.Shared.Editor.dll
Symbol file LoadedFromMemory is not a mono symbol file
Symbol file data-00000203A192DC40 doesn't match image C:\Users\rui02\unity_project\IVRC\IVRC\Library\ScriptAssemblies\Unity.TerrainTools.dll
Symbol file LoadedFromMemory is not a mono symbol file
Symbol file data-000002038D02A020 doesn't match image C:\Users\rui02\unity_project\IVRC\IVRC\Library\ScriptAssemblies\Unity.PlasticSCM.Editor.dll
Symbol file LoadedFromMemory is not a mono symbol file
Symbol file data-000002039BF56210 doesn't match image C:\Users\rui02\unity_project\IVRC\IVRC\Library\ScriptAssemblies\Unity.CollabProxy.Editor.dll
Symbol file LoadedFromMemory is not a mono symbol file
Symbol file data-000002039BF56210 doesn't match image C:\Users\rui02\unity_project\IVRC\IVRC\Library\ScriptAssemblies\UnityEditor.SpatialTracking.dll
Symbol file LoadedFromMemory is not a mono symbol file
Symbol file data-00000203EAAC7050 doesn't match image C:\Users\rui02\unity_project\IVRC\IVRC\Library\ScriptAssemblies\UniVRM.Editor.dll
Symbol file LoadedFromMemory is not a mono symbol file
Symbol file data-00000203A13F9590 doesn't match image C:\Users\rui02\unity_project\IVRC\IVRC\Library\ScriptAssemblies\Unity.ShaderGraph.Editor.dll
Symbol file LoadedFromMemory is not a mono symbol file
Symbol file data-00000203A04061A0 doesn't match image C:\Users\rui02\unity_project\IVRC\IVRC\Library\ScriptAssemblies\Unity.VisualStudio.Editor.dll
Symbol file LoadedFromMemory is not a mono symbol file
Symbol file data-00000203A04061A0 doesn't match image C:\Users\rui02\unity_project\IVRC\IVRC\Library\ScriptAssemblies\UnityEditor.UI.dll
Symbol file LoadedFromMemory is not a mono symbol file
Symbol file data-000002036AAF0060 doesn't match image C:\Users\rui02\unity_project\IVRC\IVRC\Library\ScriptAssemblies\Unity.VisualScripting.Core.dll
Symbol file LoadedFromMemory is not a mono symbol file
Symbol file data-00000203A04061A0 doesn't match image C:\Users\rui02\unity_project\IVRC\IVRC\Library\ScriptAssemblies\SteamVR_Input_Editor.dll
Symbol file LoadedFromMemory is not a mono symbol file
Symbol file data-000002038EE54050 doesn't match image C:\Users\rui02\unity_project\IVRC\IVRC\Library\ScriptAssemblies\Unity.VisualScripting.Core.Editor.dll
Symbol file LoadedFromMemory is not a mono symbol file
Symbol file data-00000203A25C2900 doesn't match image C:\Users\rui02\unity_project\IVRC\IVRC\Library\ScriptAssemblies\UnityEngine.SpatialTracking.dll
Symbol file LoadedFromMemory is not a mono symbol file
Symbol file data-00000203E4583D00 doesn't match image C:\Users\rui02\unity_project\IVRC\IVRC\Library\ScriptAssemblies\UnityEngine.UI.dll
Symbol file LoadedFromMemory is not a mono symbol file
Symbol file data-00000203A25C2900 doesn't match image C:\Users\rui02\unity_project\IVRC\IVRC\Library\ScriptAssemblies\VRMShaders.GLTF.IO.Tests.dll
Symbol file LoadedFromMemory is not a mono symbol file
Symbol file data-000002039CFD1270 doesn't match image C:\Users\rui02\unity_project\IVRC\IVRC\Library\ScriptAssemblies\UnityEditor.XR.LegacyInputHelpers.dll
Symbol file LoadedFromMemory is not a mono symbol file
Symbol file data-00000203C39FB430 doesn't match image C:\Users\rui02\unity_project\IVRC\IVRC\Library\ScriptAssemblies\SteamVR_Editor.dll
Symbol file LoadedFromMemory is not a mono symbol file
Symbol file data-000002039AC34090 doesn't match image C:\Users\rui02\unity_project\IVRC\IVRC\Library\ScriptAssemblies\Unity.VisualScripting.Flow.Editor.dll
Symbol file LoadedFromMemory is not a mono symbol file
Symbol file data-00000203ED6DC040 doesn't match image C:\Users\rui02\unity_project\IVRC\IVRC\Library\ScriptAssemblies\Unity.RenderPipeline.Universal.ShaderLibrary.dll
Symbol file LoadedFromMemory is not a mono symbol file
Symbol file data-00000203E44A7AE0 doesn't match image C:\Users\rui02\unity_project\IVRC\IVRC\Library\ScriptAssemblies\Unity.Timeline.dll
Symbol file LoadedFromMemory is not a mono symbol file
Symbol file data-000002039B498A50 doesn't match image C:\Users\rui02\unity_project\IVRC\IVRC\Library\ScriptAssemblies\Unity.XR.OpenVR.Editor.dll
Symbol file LoadedFromMemory is not a mono symbol file
Symbol file data-00000203ECD13290 doesn't match image C:\Users\rui02\unity_project\IVRC\IVRC\Library\ScriptAssemblies\VRMShaders.VRM10.MToon10.Runtime.dll
Symbol file LoadedFromMemory is not a mono symbol file
Symbol file data-00000203A2477010 doesn't match image C:\Users\rui02\unity_project\IVRC\IVRC\Library\ScriptAssemblies\Unity.VisualScripting.SettingsProvider.Editor.dll
Symbol file LoadedFromMemory is not a mono symbol file
Symbol file data-00000203C39FB430 doesn't match image C:\Users\rui02\unity_project\IVRC\IVRC\Library\ScriptAssemblies\Unity.TestTools.CodeCoverage.Editor.OpenCover.Model.dll
Symbol file LoadedFromMemory is not a mono symbol file
Symbol file data-000002039D3E3250 doesn't match image C:\Users\rui02\unity_project\IVRC\IVRC\Library\ScriptAssemblies\VRMShaders.GLTF.IO.Editor.dll
Symbol file LoadedFromMemory is not a mono symbol file
Symbol file data-00000203EC2BB7E0 doesn't match image C:\Users\rui02\unity_project\IVRC\IVRC\Library\ScriptAssemblies\UnityEngine.TestRunner.dll
Symbol file LoadedFromMemory is not a mono symbol file
Symbol file data-00000203A04061A0 doesn't match image C:\Users\rui02\unity_project\IVRC\IVRC\Library\ScriptAssemblies\Unity.VisualScripting.State.Editor.dll
Symbol file LoadedFromMemory is not a mono symbol file
Symbol file data-00000203A0099A80 doesn't match image C:\Users\rui02\unity_project\IVRC\IVRC\Library\ScriptAssemblies\Unity.Mathematics.dll
Symbol file LoadedFromMemory is not a mono symbol file
Symbol file data-00000203A205B330 doesn't match image C:\Users\rui02\unity_project\IVRC\IVRC\Library\ScriptAssemblies\Unity.RenderPipelines.Universal.Shaders.dll
Symbol file LoadedFromMemory is not a mono symbol file
Symbol file data-0000020398BEF010 doesn't match image C:\Users\rui02\unity_project\IVRC\IVRC\Library\ScriptAssemblies\Unity.TextMeshPro.Editor.dll
Symbol file LoadedFromMemory is not a mono symbol file
Symbol file data-00000203A1A7B010 doesn't match image C:\Users\rui02\unity_project\IVRC\IVRC\Library\ScriptAssemblies\Unity.Searcher.Editor.dll
Symbol file LoadedFromMemory is not a mono symbol file
Symbol file data-00000203A2761020 doesn't match image C:\Users\rui02\unity_project\IVRC\IVRC\Library\ScriptAssemblies\Unity.VisualScripting.State.dll
Symbol file LoadedFromMemory is not a mono symbol file
Symbol file data-000002039D3E3250 doesn't match image C:\Users\rui02\unity_project\IVRC\IVRC\Library\ScriptAssemblies\Unity.ShaderGraph.Utilities.dll
Symbol file LoadedFromMemory is not a mono symbol file
Symbol file data-00000203EDE69050 doesn't match image C:\Users\rui02\unity_project\IVRC\IVRC\Library\ScriptAssemblies\Unity.RenderPipelines.HighDefinition.Runtime.dll
Symbol file LoadedFromMemory is not a mono symbol file
Symbol file data-00000203C39FB430 doesn't match image C:\Users\rui02\unity_project\IVRC\IVRC\Library\ScriptAssemblies\VRM.Tests.dll
Symbol file LoadedFromMemory is not a mono symbol file
- Loaded All Assemblies, in  0.587 seconds
Refreshing native plugins compatible for Editor in 5.47 ms, found 6 plugins.
Native extension for WindowsStandalone target not found
Native extension for WebGL target not found
[Package Manager] Server::EnsureServerProcessIsRunning -- launch failed, reason: Unity was launched with the -noUpm command-line argument
[Package Manager] UpmClient::Send -- Unable to send message (not connected to UPM process).
[Package Manager] Cannot connect to Unity Package Manager local server
[Package Manager] Server::EnsureServerProcessIsRunning -- launch failed, reason: Unity was launched with the -noUpm command-line argument
[Package Manager] UpmClient::Send -- Unable to send message (not connected to UPM process).
[Package Manager] Cannot connect to Unity Package Manager local server
Mono: successfully reloaded assembly
[Package Manager] Server::EnsureServerProcessIsRunning -- launch failed, reason: Unity was launched with the -noUpm command-line argument
[Package Manager] UpmClient::Send -- Unable to send message (not connected to UPM process).
[Package Manager] Cannot connect to Unity Package Manager local server
- Finished resetting the current domain, in  2.394 seconds
Domain Reload Profiling: 2977ms
	BeginReloadAssembly (170ms)
		ExecutionOrderSort (0ms)
		DisableScriptedObjects (4ms)
		BackupInstance (0ms)
		ReleaseScriptingObjects (0ms)
		CreateAndSetChildDomain (42ms)
	RebuildCommonClasses (33ms)
	RebuildNativeTypeToScriptingClass (13ms)
	initialDomainReloadingComplete (34ms)
	LoadAllAssembliesAndSetupDomain (334ms)
		LoadAssemblies (354ms)
		RebuildTransferFunctionScriptingTraits (0ms)
		AnalyzeDomain (67ms)
			TypeCache.Refresh (13ms)
				TypeCache.ScanAssembly (1ms)
			ScanForSourceGeneratedMonoScriptInfo (38ms)
			ResolveRequiredComponents (14ms)
	FinalizeReload (2394ms)
		ReleaseScriptCaches (0ms)
		RebuildScriptCaches (0ms)
		SetupLoadedEditorAssemblies (522ms)
			LogAssemblyErrors (0ms)
			InitializePlatformSupportModulesInManaged (6ms)
			SetLoadedEditorAssemblies (5ms)
			RefreshPlugins (0ms)
			BeforeProcessingInitializeOnLoad (86ms)
			ProcessInitializeOnLoadAttributes (396ms)
			ProcessInitializeOnLoadMethodAttributes (23ms)
			AfterProcessingInitializeOnLoad (4ms)
			EditorAssembliesLoaded (0ms)
		ExecutionOrderSort2 (0ms)
		AwakeInstancesAfterBackupRestoration (5ms)
Refreshing native plugins compatible for Editor in 4.39 ms, found 6 plugins.
Preloading 0 native plugins for Editor in 0.00 ms.
Unloading 7879 Unused Serialized files (Serialized files now loaded: 0)
Unloading 212 unused Assets / (15.5 MB). Loaded Objects now: 8811.
Memory consumption went from 307.6 MB to 292.1 MB.
Total: 6.151700 ms (FindLiveObjects: 0.453300 ms CreateObjectMapping: 0.298000 ms MarkObjects: 2.745200 ms  DeleteObjects: 2.654400 ms)

Prepare: number of updated asset objects reloaded= 0
AssetImportParameters requested are different than current active one (requested -> active):
  custom:container-demuxer-ogg: 62fdf1f143b41e24485cea50d1cbac27 -> 
  custom:framework-win-MediaFoundation: 216162199b28c13a410421893ffa2e32 -> 
  custom:container-muxer-webm: aa71ff27fc2769a1b78a27578f13a17b -> 
  custom:video-decoder-webm-vp8: 9c59270c3fd7afecdb556c50c9e8de78 -> 
  custom:SearchIndexIgnoredProperties: e643bd26f0fe6173181afceb89e7c659 -> 
  custom:AudioImporter_EditorPlatform: d09bf68614088b80899f8185d706f6e7 -> 
  custom:audio-decoder-ogg-vorbis: bf7c407c2cedff20999df2af8eb42d56 -> 
  custom:audio-encoder-webm-vorbis: bf7c407c2cedff20999df2af8eb42d56 -> 
  custom:video-codec-MediaFoundation-h265: 746d11721c4dcdbdad8f713fa42b33f4 -> 
  custom:video-decoder-ogg-theora: a1e56fd34408186e4bbccfd4996cb3dc -> 
  custom:CustomObjectIndexerAttribute: a3ef5dd2817f97addfee359851a9dba5 -> 
  custom:container-demuxer-webm: 4f35f7cbe854078d1ac9338744f61a02 -> 
  custom:video-encoder-webm-vp8: eb34c28f22e8b96e1ab97ce403110664 -> 
========================================================================
Received Prepare
Begin MonoManager ReloadAssembly
Symbol file data-00000203A00FEC50 doesn't match image C:\Users\rui02\unity_project\IVRC\IVRC\Library\ScriptAssemblies\UniHumanoid.Editor.dll
Symbol file LoadedFromMemory is not a mono symbol file
Symbol file data-000002039CFD1270 doesn't match image C:\Users\rui02\unity_project\IVRC\IVRC\Library\ScriptAssemblies\Unity.XR.Management.dll
Symbol file LoadedFromMemory is not a mono symbol file
Symbol file data-000002039BF56210 doesn't match image C:\Users\rui02\unity_project\IVRC\IVRC\Library\ScriptAssemblies\UniHumanoid.Editor.Tests.dll
Symbol file LoadedFromMemory is not a mono symbol file
Symbol file data-00000203A25579E0 doesn't match image C:\Users\rui02\unity_project\IVRC\IVRC\Library\ScriptAssemblies\Unity.VisualEffectGraph.Runtime.dll
Symbol file LoadedFromMemory is not a mono symbol file
Symbol file data-000002038D946020 doesn't match image C:\Users\rui02\unity_project\IVRC\IVRC\Library\ScriptAssemblies\Unity.RenderPipelines.Core.Runtime.dll
Symbol file LoadedFromMemory is not a mono symbol file
Symbol file data-000002036B25B010 doesn't match image C:\Users\rui02\unity_project\IVRC\IVRC\Library\ScriptAssemblies\Unity.Burst.Editor.dll
Symbol file LoadedFromMemory is not a mono symbol file
Symbol file data-00000203EE1A9020 doesn't match image C:\Users\rui02\unity_project\IVRC\IVRC\Library\ScriptAssemblies\SteamVR.dll
Symbol file LoadedFromMemory is not a mono symbol file
Symbol file data-000002039BF56210 doesn't match image C:\Users\rui02\unity_project\IVRC\IVRC\Library\ScriptAssemblies\VRMShaders.GLTF.UniUnlit.Runtime.dll
Symbol file LoadedFromMemory is not a mono symbol file
Symbol file data-000002039BF56210 doesn't match image C:\Users\rui02\unity_project\IVRC\IVRC\Library\ScriptAssemblies\SteamVR_Windows_EditorHelper.dll
Symbol file LoadedFromMemory is not a mono symbol file
Symbol file data-000002038D1F4630 doesn't match image C:\Users\rui02\unity_project\IVRC\IVRC\Library\ScriptAssemblies\UniGLTF.dll
Symbol file LoadedFromMemory is not a mono symbol file
Symbol file data-000002039D29F440 doesn't match image C:\Users\rui02\unity_project\IVRC\IVRC\Library\ScriptAssemblies\Unity.Rider.Editor.dll
Symbol file LoadedFromMemory is not a mono symbol file
Symbol file data-00000203A2775C60 doesn't match image C:\Users\rui02\unity_project\IVRC\IVRC\Library\ScriptAssemblies\VRMShaders.VRM10.MToon10.Tests.dll
Symbol file LoadedFromMemory is not a mono symbol file
Symbol file data-00000203C4049010 doesn't match image C:\Users\rui02\unity_project\IVRC\IVRC\Library\ScriptAssemblies\Unity.RenderPipelines.Core.Editor.dll
Symbol file LoadedFromMemory is not a mono symbol file
Symbol file data-00000203EBA3BC00 doesn't match image C:\Users\rui02\unity_project\IVRC\IVRC\Library\ScriptAssemblies\Unity.VisualEffectGraph.Editor.dll
Symbol file LoadedFromMemory is not a mono symbol file
Symbol file data-00000203E8AD6010 doesn't match image C:\Users\rui02\unity_project\IVRC\IVRC\Library\ScriptAssemblies\UnityEditor.TestRunner.dll
Symbol file LoadedFromMemory is not a mono symbol file
Symbol file data-000002039BA51020 doesn't match image C:\Users\rui02\unity_project\IVRC\IVRC\Library\ScriptAssemblies\Unity.VisualScripting.Flow.dll
Symbol file LoadedFromMemory is not a mono symbol file
Symbol file data-00000203A1A951F0 doesn't match image C:\Users\rui02\unity_project\IVRC\IVRC\Library\ScriptAssemblies\Unity.Mathematics.Editor.dll
Symbol file LoadedFromMemory is not a mono symbol file
Symbol file data-00000203A1A951F0 doesn't match image C:\Users\rui02\unity_project\IVRC\IVRC\Library\ScriptAssemblies\Unity.TestTools.CodeCoverage.Editor.OpenCover.Mono.Reflection.dll
Symbol file LoadedFromMemory is not a mono symbol file
Symbol file data-000002039D3E3250 doesn't match image C:\Users\rui02\unity_project\IVRC\IVRC\Library\ScriptAssemblies\VRMShaders.VRM10.MToon10.Editor.dll
Symbol file LoadedFromMemory is not a mono symbol file
Symbol file data-000002039BF56210 doesn't match image C:\Users\rui02\unity_project\IVRC\IVRC\Library\ScriptAssemblies\UniGLTF.Utils.dll
Symbol file LoadedFromMemory is not a mono symbol file
Symbol file data-000002039BF56210 doesn't match image C:\Users\rui02\unity_project\IVRC\IVRC\Library\ScriptAssemblies\Unity.RenderPipelines.HighDefinition.Config.Runtime.dll
Symbol file LoadedFromMemory is not a mono symbol file
Symbol file data-000002039D3E3250 doesn't match image C:\Users\rui02\unity_project\IVRC\IVRC\Library\ScriptAssemblies\MToon.Editor.dll
Symbol file LoadedFromMemory is not a mono symbol file
Symbol file data-000002039ECF2300 doesn't match image C:\Users\rui02\unity_project\IVRC\IVRC\Library\ScriptAssemblies\Unity.Performance.Profile-Analyzer.Editor.dll
Symbol file LoadedFromMemory is not a mono symbol file
Symbol file data-0000020398BB6040 doesn't match image C:\Users\rui02\unity_project\IVRC\IVRC\Library\ScriptAssemblies\Unity.RenderPipelines.Core.ShaderLibrary.dll
Symbol file LoadedFromMemory is not a mono symbol file
Symbol file data-00000203A0558040 doesn't match image C:\Users\rui02\unity_project\IVRC\IVRC\Library\ScriptAssemblies\Unity.XR.Management.Editor.dll
Symbol file LoadedFromMemory is not a mono symbol file
Symbol file data-000002039BF56210 doesn't match image C:\Users\rui02\unity_project\IVRC\IVRC\Library\ScriptAssemblies\VRMShaders.VRM.IO.Runtime.dll
Symbol file LoadedFromMemory is not a mono symbol file
Symbol file data-00000203A279A030 doesn't match image C:\Users\rui02\unity_project\IVRC\IVRC\Library\ScriptAssemblies\Unity.TestTools.CodeCoverage.Editor.dll
Symbol file LoadedFromMemory is not a mono symbol file
Symbol file data-000002039B841020 doesn't match image C:\Users\rui02\unity_project\IVRC\IVRC\Library\ScriptAssemblies\VRM.dll
Symbol file LoadedFromMemory is not a mono symbol file
Symbol file data-000002039BF56210 doesn't match image C:\Users\rui02\unity_project\IVRC\IVRC\Library\ScriptAssemblies\VRMShaders.GLTF.UniUnlit.Editor.dll
Symbol file LoadedFromMemory is not a mono symbol file
Symbol file data-000002039BF56210 doesn't match image C:\Users\rui02\unity_project\IVRC\IVRC\Library\ScriptAssemblies\PPv2URPConverters.dll
Symbol file LoadedFromMemory is not a mono symbol file
Symbol file data-000002039AE09010 doesn't match image C:\Users\rui02\unity_project\IVRC\IVRC\Library\ScriptAssemblies\Unity.XR.OpenVR.dll
Symbol file LoadedFromMemory is not a mono symbol file
Symbol file data-00000203A1926290 doesn't match image C:\Users\rui02\unity_project\IVRC\IVRC\Library\ScriptAssemblies\Unity.Settings.Editor.dll
Symbol file LoadedFromMemory is not a mono symbol file
Symbol file data-00000203A0210030 doesn't match image C:\Users\rui02\unity_project\IVRC\IVRC\Library\ScriptAssemblies\Unity.TextMeshPro.dll
Symbol file LoadedFromMemory is not a mono symbol file
Symbol file data-00000203A2775C60 doesn't match image C:\Users\rui02\unity_project\IVRC\IVRC\Library\ScriptAssemblies\VRMShaders.VRM10.Format.Runtime.dll
Symbol file LoadedFromMemory is not a mono symbol file
Symbol file data-00000203A197DA40 doesn't match image C:\Users\rui02\unity_project\IVRC\IVRC\Library\ScriptAssemblies\Unity.Burst.CodeGen.dll
Symbol file LoadedFromMemory is not a mono symbol file
Symbol file data-000002038E527080 doesn't match image C:\Users\rui02\unity_project\IVRC\IVRC\Library\ScriptAssemblies\Unity.VSCode.Editor.dll
Symbol file LoadedFromMemory is not a mono symbol file
Symbol file data-00000203E4E47930 doesn't match image C:\Users\rui02\unity_project\IVRC\IVRC\Library\ScriptAssemblies\UniGLTF.Editor.dll
Symbol file LoadedFromMemory is not a mono symbol file
Symbol file data-00000203E56DFEE0 doesn't match image C:\Users\rui02\unity_project\IVRC\IVRC\Library\ScriptAssemblies\Unity.RenderPipelines.Universal.Editor.dll
Symbol file LoadedFromMemory is not a mono symbol file
Symbol file data-00000203EC14B020 doesn't match image C:\Users\rui02\unity_project\IVRC\IVRC\Library\ScriptAssemblies\Unity.RenderPipelines.HighDefinition.Editor.dll
Symbol file LoadedFromMemory is not a mono symbol file
Symbol file data-000002039D3E3250 doesn't match image C:\Users\rui02\unity_project\IVRC\IVRC\Library\ScriptAssemblies\VRM.Samples.Editor.Tests.dll
Symbol file LoadedFromMemory is not a mono symbol file
Symbol file data-0000020398BB6040 doesn't match image C:\Users\rui02\unity_project\IVRC\IVRC\Library\ScriptAssemblies\Unity.RenderPipelines.ShaderGraph.ShaderGraphLibrary.dll
Symbol file LoadedFromMemory is not a mono symbol file
Symbol file data-000002039D3E3250 doesn't match image C:\Users\rui02\unity_project\IVRC\IVRC\Library\ScriptAssemblies\Unity.EditorCoroutines.Editor.dll
Symbol file LoadedFromMemory is not a mono symbol file
Symbol file data-000002038E527080 doesn't match image C:\Users\rui02\unity_project\IVRC\IVRC\Library\ScriptAssemblies\FastSpringBone.dll
Symbol file LoadedFromMemory is not a mono symbol file
Symbol file data-00000203A0210030 doesn't match image C:\Users\rui02\unity_project\IVRC\IVRC\Library\ScriptAssemblies\Unity.TerrainTools.Editor.dll
Symbol file LoadedFromMemory is not a mono symbol file
Symbol file data-00000203E7842060 doesn't match image C:\Users\rui02\unity_project\IVRC\IVRC\Library\ScriptAssemblies\Unity.RenderPipelines.Universal.Runtime.dll
Symbol file LoadedFromMemory is not a mono symbol file
Symbol file data-00000203E444E050 doesn't match image C:\Users\rui02\unity_project\IVRC\IVRC\Library\ScriptAssemblies\MToon.dll
Symbol file LoadedFromMemory is not a mono symbol file
Symbol file data-000002036B205840 doesn't match image C:\Users\rui02\unity_project\IVRC\IVRC\Library\ScriptAssemblies\UniHumanoid.dll
Symbol file LoadedFromMemory is not a mono symbol file
Symbol file data-00000203A0210030 doesn't match image C:\Users\rui02\unity_project\IVRC\IVRC\Library\ScriptAssemblies\Unity.Burst.dll
Symbol file LoadedFromMemory is not a mono symbol file
Symbol file data-00000203A00FEC50 doesn't match image C:\Users\rui02\unity_project\IVRC\IVRC\Library\ScriptAssemblies\UnityEngine.XR.LegacyInputHelpers.dll
Symbol file LoadedFromMemory is not a mono symbol file
Symbol file data-00000203E549FDB0 doesn't match image C:\Users\rui02\unity_project\IVRC\IVRC\Library\ScriptAssemblies\UniGLTF.Tests.dll
Symbol file LoadedFromMemory is not a mono symbol file
Symbol file data-000002039EA6CFF0 doesn't match image C:\Users\rui02\unity_project\IVRC\IVRC\Library\ScriptAssemblies\VRMShaders.GLTF.IO.Runtime.dll
Symbol file LoadedFromMemory is not a mono symbol file
Symbol file data-00000203A01C0010 doesn't match image C:\Users\rui02\unity_project\IVRC\IVRC\Library\ScriptAssemblies\Unity.Timeline.Editor.dll
Symbol file LoadedFromMemory is not a mono symbol file
Symbol file data-00000203E444E050 doesn't match image C:\Users\rui02\unity_project\IVRC\IVRC\Library\ScriptAssemblies\Unity.VisualScripting.Shared.Editor.dll
Symbol file LoadedFromMemory is not a mono symbol file
Symbol file data-00000203A2775C60 doesn't match image C:\Users\rui02\unity_project\IVRC\IVRC\Library\ScriptAssemblies\Unity.TerrainTools.dll
Symbol file LoadedFromMemory is not a mono symbol file
Symbol file data-000002038D02A020 doesn't match image C:\Users\rui02\unity_project\IVRC\IVRC\Library\ScriptAssemblies\Unity.PlasticSCM.Editor.dll
Symbol file LoadedFromMemory is not a mono symbol file
Symbol file data-000002039BF56210 doesn't match image C:\Users\rui02\unity_project\IVRC\IVRC\Library\ScriptAssemblies\Unity.CollabProxy.Editor.dll
Symbol file LoadedFromMemory is not a mono symbol file
Symbol file data-000002039BF56210 doesn't match image C:\Users\rui02\unity_project\IVRC\IVRC\Library\ScriptAssemblies\UnityEditor.SpatialTracking.dll
Symbol file LoadedFromMemory is not a mono symbol file
Symbol file data-00000203A25579E0 doesn't match image C:\Users\rui02\unity_project\IVRC\IVRC\Library\ScriptAssemblies\UniVRM.Editor.dll
Symbol file LoadedFromMemory is not a mono symbol file
Symbol file data-00000203A1B427B0 doesn't match image C:\Users\rui02\unity_project\IVRC\IVRC\Library\ScriptAssemblies\Unity.ShaderGraph.Editor.dll
Symbol file LoadedFromMemory is not a mono symbol file
Symbol file data-00000203A0558040 doesn't match image C:\Users\rui02\unity_project\IVRC\IVRC\Library\ScriptAssemblies\Unity.VisualStudio.Editor.dll
Symbol file LoadedFromMemory is not a mono symbol file
Symbol file data-00000203A189E030 doesn't match image C:\Users\rui02\unity_project\IVRC\IVRC\Library\ScriptAssemblies\UnityEditor.UI.dll
Symbol file LoadedFromMemory is not a mono symbol file
Symbol file data-000002036AAF0060 doesn't match image C:\Users\rui02\unity_project\IVRC\IVRC\Library\ScriptAssemblies\Unity.VisualScripting.Core.dll
Symbol file LoadedFromMemory is not a mono symbol file
Symbol file data-00000203A0558040 doesn't match image C:\Users\rui02\unity_project\IVRC\IVRC\Library\ScriptAssemblies\SteamVR_Input_Editor.dll
Symbol file LoadedFromMemory is not a mono symbol file
Symbol file data-00000203A0098220 doesn't match image C:\Users\rui02\unity_project\IVRC\IVRC\Library\ScriptAssemblies\Unity.VisualScripting.Core.Editor.dll
Symbol file LoadedFromMemory is not a mono symbol file
Symbol file data-000002039925BA90 doesn't match image C:\Users\rui02\unity_project\IVRC\IVRC\Library\ScriptAssemblies\UnityEngine.SpatialTracking.dll
Symbol file LoadedFromMemory is not a mono symbol file
Symbol file data-000002036AEB9030 doesn't match image C:\Users\rui02\unity_project\IVRC\IVRC\Library\ScriptAssemblies\UnityEngine.UI.dll
Symbol file LoadedFromMemory is not a mono symbol file
Symbol file data-000002039925BA90 doesn't match image C:\Users\rui02\unity_project\IVRC\IVRC\Library\ScriptAssemblies\VRMShaders.GLTF.IO.Tests.dll
Symbol file LoadedFromMemory is not a mono symbol file
Symbol file data-000002039CFD1270 doesn't match image C:\Users\rui02\unity_project\IVRC\IVRC\Library\ScriptAssemblies\UnityEditor.XR.LegacyInputHelpers.dll
Symbol file LoadedFromMemory is not a mono symbol file
Symbol file data-000002039FD8C1C0 doesn't match image C:\Users\rui02\unity_project\IVRC\IVRC\Library\ScriptAssemblies\SteamVR_Editor.dll
Symbol file LoadedFromMemory is not a mono symbol file
Symbol file data-000002039ABAA010 doesn't match image C:\Users\rui02\unity_project\IVRC\IVRC\Library\ScriptAssemblies\Unity.VisualScripting.Flow.Editor.dll
Symbol file LoadedFromMemory is not a mono symbol file
Symbol file data-000002039BF56210 doesn't match image C:\Users\rui02\unity_project\IVRC\IVRC\Library\ScriptAssemblies\Unity.RenderPipeline.Universal.ShaderLibrary.dll
Symbol file LoadedFromMemory is not a mono symbol file
Symbol file data-000002039A4F80F0 doesn't match image C:\Users\rui02\unity_project\IVRC\IVRC\Library\ScriptAssemblies\Unity.Timeline.dll
Symbol file LoadedFromMemory is not a mono symbol file
Symbol file data-00000203EC5A8E50 doesn't match image C:\Users\rui02\unity_project\IVRC\IVRC\Library\ScriptAssemblies\Unity.XR.OpenVR.Editor.dll
Symbol file LoadedFromMemory is not a mono symbol file
Symbol file data-000002039ECE0030 doesn't match image C:\Users\rui02\unity_project\IVRC\IVRC\Library\ScriptAssemblies\VRMShaders.VRM10.MToon10.Runtime.dll
Symbol file LoadedFromMemory is not a mono symbol file
Symbol file data-00000203A1A951F0 doesn't match image C:\Users\rui02\unity_project\IVRC\IVRC\Library\ScriptAssemblies\Unity.VisualScripting.SettingsProvider.Editor.dll
Symbol file LoadedFromMemory is not a mono symbol file
Symbol file data-000002039FD8C1C0 doesn't match image C:\Users\rui02\unity_project\IVRC\IVRC\Library\ScriptAssemblies\Unity.TestTools.CodeCoverage.Editor.OpenCover.Model.dll
Symbol file LoadedFromMemory is not a mono symbol file
Symbol file data-000002038E9EB020 doesn't match image C:\Users\rui02\unity_project\IVRC\IVRC\Library\ScriptAssemblies\VRMShaders.GLTF.IO.Editor.dll
Symbol file LoadedFromMemory is not a mono symbol file
Symbol file data-00000203C34A8E90 doesn't match image C:\Users\rui02\unity_project\IVRC\IVRC\Library\ScriptAssemblies\UnityEngine.TestRunner.dll
Symbol file LoadedFromMemory is not a mono symbol file
Symbol file data-00000203A0558040 doesn't match image C:\Users\rui02\unity_project\IVRC\IVRC\Library\ScriptAssemblies\Unity.VisualScripting.State.Editor.dll
Symbol file LoadedFromMemory is not a mono symbol file
Symbol file data-0000020399457050 doesn't match image C:\Users\rui02\unity_project\IVRC\IVRC\Library\ScriptAssemblies\Unity.Mathematics.dll
Symbol file LoadedFromMemory is not a mono symbol file
Symbol file data-0000020398BB6040 doesn't match image C:\Users\rui02\unity_project\IVRC\IVRC\Library\ScriptAssemblies\Unity.RenderPipelines.Universal.Shaders.dll
Symbol file LoadedFromMemory is not a mono symbol file
Symbol file data-00000203A08B7EA0 doesn't match image C:\Users\rui02\unity_project\IVRC\IVRC\Library\ScriptAssemblies\Unity.TextMeshPro.Editor.dll
Symbol file LoadedFromMemory is not a mono symbol file
Symbol file data-000002039EA6CFF0 doesn't match image C:\Users\rui02\unity_project\IVRC\IVRC\Library\ScriptAssemblies\Unity.Searcher.Editor.dll
Symbol file LoadedFromMemory is not a mono symbol file
Symbol file data-00000203E8BDC040 doesn't match image C:\Users\rui02\unity_project\IVRC\IVRC\Library\ScriptAssemblies\Unity.VisualScripting.State.dll
Symbol file LoadedFromMemory is not a mono symbol file
Symbol file data-000002038E9EB020 doesn't match image C:\Users\rui02\unity_project\IVRC\IVRC\Library\ScriptAssemblies\Unity.ShaderGraph.Utilities.dll
Symbol file LoadedFromMemory is not a mono symbol file
Symbol file data-00000203EDAB56C0 doesn't match image C:\Users\rui02\unity_project\IVRC\IVRC\Library\ScriptAssemblies\Unity.RenderPipelines.HighDefinition.Runtime.dll
Symbol file LoadedFromMemory is not a mono symbol file
Symbol file data-000002039FD8C1C0 doesn't match image C:\Users\rui02\unity_project\IVRC\IVRC\Library\ScriptAssemblies\VRM.Tests.dll
Symbol file LoadedFromMemory is not a mono symbol file
- Loaded All Assemblies, in  0.485 seconds
Refreshing native plugins compatible for Editor in 5.55 ms, found 6 plugins.
Native extension for WindowsStandalone target not found
Native extension for WebGL target not found
[Package Manager] Server::EnsureServerProcessIsRunning -- launch failed, reason: Unity was launched with the -noUpm command-line argument
[Package Manager] UpmClient::Send -- Unable to send message (not connected to UPM process).
[Package Manager] Cannot connect to Unity Package Manager local server
[Package Manager] Server::EnsureServerProcessIsRunning -- launch failed, reason: Unity was launched with the -noUpm command-line argument
[Package Manager] UpmClient::Send -- Unable to send message (not connected to UPM process).
[Package Manager] Cannot connect to Unity Package Manager local server
Mono: successfully reloaded assembly
[Package Manager] Server::EnsureServerProcessIsRunning -- launch failed, reason: Unity was launched with the -noUpm command-line argument
[Package Manager] UpmClient::Send -- Unable to send message (not connected to UPM process).
[Package Manager] Cannot connect to Unity Package Manager local server
- Finished resetting the current domain, in  1.209 seconds
Domain Reload Profiling: 1691ms
	BeginReloadAssembly (152ms)
		ExecutionOrderSort (0ms)
		DisableScriptedObjects (3ms)
		BackupInstance (0ms)
		ReleaseScriptingObjects (0ms)
		CreateAndSetChildDomain (47ms)
	RebuildCommonClasses (33ms)
	RebuildNativeTypeToScriptingClass (11ms)
	initialDomainReloadingComplete (27ms)
	LoadAllAssembliesAndSetupDomain (259ms)
		LoadAssemblies (304ms)
		RebuildTransferFunctionScriptingTraits (0ms)
		AnalyzeDomain (28ms)
			TypeCache.Refresh (9ms)
				TypeCache.ScanAssembly (0ms)
			ScanForSourceGeneratedMonoScriptInfo (0ms)
			ResolveRequiredComponents (17ms)
	FinalizeReload (1209ms)
		ReleaseScriptCaches (0ms)
		RebuildScriptCaches (0ms)
		SetupLoadedEditorAssemblies (508ms)
			LogAssemblyErrors (0ms)
			InitializePlatformSupportModulesInManaged (5ms)
			SetLoadedEditorAssemblies (5ms)
			RefreshPlugins (0ms)
			BeforeProcessingInitializeOnLoad (84ms)
			ProcessInitializeOnLoadAttributes (387ms)
			ProcessInitializeOnLoadMethodAttributes (23ms)
			AfterProcessingInitializeOnLoad (4ms)
			EditorAssembliesLoaded (0ms)
		ExecutionOrderSort2 (0ms)
		AwakeInstancesAfterBackupRestoration (5ms)
Refreshing native plugins compatible for Editor in 6.06 ms, found 6 plugins.
Preloading 0 native plugins for Editor in 0.00 ms.
Unloading 7879 Unused Serialized files (Serialized files now loaded: 0)
Unloading 212 unused Assets / (15.5 MB). Loaded Objects now: 8827.
Memory consumption went from 307.6 MB to 292.1 MB.
Total: 5.715700 ms (FindLiveObjects: 0.477400 ms CreateObjectMapping: 0.315300 ms MarkObjects: 2.518200 ms  DeleteObjects: 2.404000 ms)

Prepare: number of updated asset objects reloaded= 0
AssetImportParameters requested are different than current active one (requested -> active):
  custom:container-demuxer-ogg: 62fdf1f143b41e24485cea50d1cbac27 -> 
  custom:framework-win-MediaFoundation: 216162199b28c13a410421893ffa2e32 -> 
  custom:container-muxer-webm: aa71ff27fc2769a1b78a27578f13a17b -> 
  custom:video-decoder-webm-vp8: 9c59270c3fd7afecdb556c50c9e8de78 -> 
  custom:SearchIndexIgnoredProperties: e643bd26f0fe6173181afceb89e7c659 -> 
  custom:AudioImporter_EditorPlatform: d09bf68614088b80899f8185d706f6e7 -> 
  custom:audio-decoder-ogg-vorbis: bf7c407c2cedff20999df2af8eb42d56 -> 
  custom:audio-encoder-webm-vorbis: bf7c407c2cedff20999df2af8eb42d56 -> 
  custom:video-codec-MediaFoundation-h265: 746d11721c4dcdbdad8f713fa42b33f4 -> 
  custom:video-decoder-ogg-theora: a1e56fd34408186e4bbccfd4996cb3dc -> 
  custom:CustomObjectIndexerAttribute: a3ef5dd2817f97addfee359851a9dba5 -> 
  custom:container-demuxer-webm: 4f35f7cbe854078d1ac9338744f61a02 -> 
  custom:video-encoder-webm-vp8: eb34c28f22e8b96e1ab97ce403110664 -> 
========================================================================
Received Prepare
Begin MonoManager ReloadAssembly
Symbol file data-00000203A00FEC50 doesn't match image C:\Users\rui02\unity_project\IVRC\IVRC\Library\ScriptAssemblies\UniHumanoid.Editor.dll
Symbol file LoadedFromMemory is not a mono symbol file
Symbol file data-000002039CFD1270 doesn't match image C:\Users\rui02\unity_project\IVRC\IVRC\Library\ScriptAssemblies\Unity.XR.Management.dll
Symbol file LoadedFromMemory is not a mono symbol file
Symbol file data-000002039BF56210 doesn't match image C:\Users\rui02\unity_project\IVRC\IVRC\Library\ScriptAssemblies\UniHumanoid.Editor.Tests.dll
Symbol file LoadedFromMemory is not a mono symbol file
Symbol file data-00000203A25579E0 doesn't match image C:\Users\rui02\unity_project\IVRC\IVRC\Library\ScriptAssemblies\Unity.VisualEffectGraph.Runtime.dll
Symbol file LoadedFromMemory is not a mono symbol file
Symbol file data-00000203A24E9340 doesn't match image C:\Users\rui02\unity_project\IVRC\IVRC\Library\ScriptAssemblies\Unity.RenderPipelines.Core.Runtime.dll
Symbol file LoadedFromMemory is not a mono symbol file
Symbol file data-000002036B25B010 doesn't match image C:\Users\rui02\unity_project\IVRC\IVRC\Library\ScriptAssemblies\Unity.Burst.Editor.dll
Symbol file LoadedFromMemory is not a mono symbol file
Symbol file data-00000203EE1A9020 doesn't match image C:\Users\rui02\unity_project\IVRC\IVRC\Library\ScriptAssemblies\SteamVR.dll
Symbol file LoadedFromMemory is not a mono symbol file
Symbol file data-000002039BF56210 doesn't match image C:\Users\rui02\unity_project\IVRC\IVRC\Library\ScriptAssemblies\VRMShaders.GLTF.UniUnlit.Runtime.dll
Symbol file LoadedFromMemory is not a mono symbol file
Symbol file data-000002039BF56210 doesn't match image C:\Users\rui02\unity_project\IVRC\IVRC\Library\ScriptAssemblies\SteamVR_Windows_EditorHelper.dll
Symbol file LoadedFromMemory is not a mono symbol file
Symbol file data-000002039D3ED000 doesn't match image C:\Users\rui02\unity_project\IVRC\IVRC\Library\ScriptAssemblies\UniGLTF.dll
Symbol file LoadedFromMemory is not a mono symbol file
Symbol file data-00000203C3B88040 doesn't match image C:\Users\rui02\unity_project\IVRC\IVRC\Library\ScriptAssemblies\Unity.Rider.Editor.dll
Symbol file LoadedFromMemory is not a mono symbol file
Symbol file data-00000203A18AD210 doesn't match image C:\Users\rui02\unity_project\IVRC\IVRC\Library\ScriptAssemblies\VRMShaders.VRM10.MToon10.Tests.dll
Symbol file LoadedFromMemory is not a mono symbol file
Symbol file data-00000203C4049010 doesn't match image C:\Users\rui02\unity_project\IVRC\IVRC\Library\ScriptAssemblies\Unity.RenderPipelines.Core.Editor.dll
Symbol file LoadedFromMemory is not a mono symbol file
Symbol file data-00000203EBA3BC00 doesn't match image C:\Users\rui02\unity_project\IVRC\IVRC\Library\ScriptAssemblies\Unity.VisualEffectGraph.Editor.dll
Symbol file LoadedFromMemory is not a mono symbol file
Symbol file data-00000203E8AD6010 doesn't match image C:\Users\rui02\unity_project\IVRC\IVRC\Library\ScriptAssemblies\UnityEditor.TestRunner.dll
Symbol file LoadedFromMemory is not a mono symbol file
Symbol file data-000002039BA51020 doesn't match image C:\Users\rui02\unity_project\IVRC\IVRC\Library\ScriptAssemblies\Unity.VisualScripting.Flow.dll
Symbol file LoadedFromMemory is not a mono symbol file
Symbol file data-00000203A1A951F0 doesn't match image C:\Users\rui02\unity_project\IVRC\IVRC\Library\ScriptAssemblies\Unity.Mathematics.Editor.dll
Symbol file LoadedFromMemory is not a mono symbol file
Symbol file data-00000203A1A951F0 doesn't match image C:\Users\rui02\unity_project\IVRC\IVRC\Library\ScriptAssemblies\Unity.TestTools.CodeCoverage.Editor.OpenCover.Mono.Reflection.dll
Symbol file LoadedFromMemory is not a mono symbol file
Symbol file data-000002039F8D0B80 doesn't match image C:\Users\rui02\unity_project\IVRC\IVRC\Library\ScriptAssemblies\VRMShaders.VRM10.MToon10.Editor.dll
Symbol file LoadedFromMemory is not a mono symbol file
Symbol file data-000002039BF56210 doesn't match image C:\Users\rui02\unity_project\IVRC\IVRC\Library\ScriptAssemblies\UniGLTF.Utils.dll
Symbol file LoadedFromMemory is not a mono symbol file
Symbol file data-000002039BF56210 doesn't match image C:\Users\rui02\unity_project\IVRC\IVRC\Library\ScriptAssemblies\Unity.RenderPipelines.HighDefinition.Config.Runtime.dll
Symbol file LoadedFromMemory is not a mono symbol file
Symbol file data-000002039925BA90 doesn't match image C:\Users\rui02\unity_project\IVRC\IVRC\Library\ScriptAssemblies\MToon.Editor.dll
Symbol file LoadedFromMemory is not a mono symbol file
Symbol file data-000002039B1418A0 doesn't match image C:\Users\rui02\unity_project\IVRC\IVRC\Library\ScriptAssemblies\Unity.Performance.Profile-Analyzer.Editor.dll
Symbol file LoadedFromMemory is not a mono symbol file
Symbol file data-0000020398BB6040 doesn't match image C:\Users\rui02\unity_project\IVRC\IVRC\Library\ScriptAssemblies\Unity.RenderPipelines.Core.ShaderLibrary.dll
Symbol file LoadedFromMemory is not a mono symbol file
Symbol file data-00000203A0558040 doesn't match image C:\Users\rui02\unity_project\IVRC\IVRC\Library\ScriptAssemblies\Unity.XR.Management.Editor.dll
Symbol file LoadedFromMemory is not a mono symbol file
Symbol file data-000002039BF56210 doesn't match image C:\Users\rui02\unity_project\IVRC\IVRC\Library\ScriptAssemblies\VRMShaders.VRM.IO.Runtime.dll
Symbol file LoadedFromMemory is not a mono symbol file
Symbol file data-00000203A279A030 doesn't match image C:\Users\rui02\unity_project\IVRC\IVRC\Library\ScriptAssemblies\Unity.TestTools.CodeCoverage.Editor.dll
Symbol file LoadedFromMemory is not a mono symbol file
Symbol file data-000002039B841020 doesn't match image C:\Users\rui02\unity_project\IVRC\IVRC\Library\ScriptAssemblies\VRM.dll
Symbol file LoadedFromMemory is not a mono symbol file
Symbol file data-000002039BF56210 doesn't match image C:\Users\rui02\unity_project\IVRC\IVRC\Library\ScriptAssemblies\VRMShaders.GLTF.UniUnlit.Editor.dll
Symbol file LoadedFromMemory is not a mono symbol file
Symbol file data-000002039BF56210 doesn't match image C:\Users\rui02\unity_project\IVRC\IVRC\Library\ScriptAssemblies\PPv2URPConverters.dll
Symbol file LoadedFromMemory is not a mono symbol file
Symbol file data-00000203E46E7F40 doesn't match image C:\Users\rui02\unity_project\IVRC\IVRC\Library\ScriptAssemblies\Unity.XR.OpenVR.dll
Symbol file LoadedFromMemory is not a mono symbol file
Symbol file data-00000203A1926290 doesn't match image C:\Users\rui02\unity_project\IVRC\IVRC\Library\ScriptAssemblies\Unity.Settings.Editor.dll
Symbol file LoadedFromMemory is not a mono symbol file
Symbol file data-00000203A0210030 doesn't match image C:\Users\rui02\unity_project\IVRC\IVRC\Library\ScriptAssemblies\Unity.TextMeshPro.dll
Symbol file LoadedFromMemory is not a mono symbol file
Symbol file data-00000203A18AD210 doesn't match image C:\Users\rui02\unity_project\IVRC\IVRC\Library\ScriptAssemblies\VRMShaders.VRM10.Format.Runtime.dll
Symbol file LoadedFromMemory is not a mono symbol file
Symbol file data-000002039F0BB010 doesn't match image C:\Users\rui02\unity_project\IVRC\IVRC\Library\ScriptAssemblies\Unity.Burst.CodeGen.dll
Symbol file LoadedFromMemory is not a mono symbol file
Symbol file data-000002038E527080 doesn't match image C:\Users\rui02\unity_project\IVRC\IVRC\Library\ScriptAssemblies\Unity.VSCode.Editor.dll
Symbol file LoadedFromMemory is not a mono symbol file
Symbol file data-00000203E4E47930 doesn't match image C:\Users\rui02\unity_project\IVRC\IVRC\Library\ScriptAssemblies\UniGLTF.Editor.dll
Symbol file LoadedFromMemory is not a mono symbol file
Symbol file data-00000203C3A9A020 doesn't match image C:\Users\rui02\unity_project\IVRC\IVRC\Library\ScriptAssemblies\Unity.RenderPipelines.Universal.Editor.dll
Symbol file LoadedFromMemory is not a mono symbol file
Symbol file data-000002038EE54050 doesn't match image C:\Users\rui02\unity_project\IVRC\IVRC\Library\ScriptAssemblies\Unity.RenderPipelines.HighDefinition.Editor.dll
Symbol file LoadedFromMemory is not a mono symbol file
Symbol file data-000002039F8D0B80 doesn't match image C:\Users\rui02\unity_project\IVRC\IVRC\Library\ScriptAssemblies\VRM.Samples.Editor.Tests.dll
Symbol file LoadedFromMemory is not a mono symbol file
Symbol file data-0000020398BB6040 doesn't match image C:\Users\rui02\unity_project\IVRC\IVRC\Library\ScriptAssemblies\Unity.RenderPipelines.ShaderGraph.ShaderGraphLibrary.dll
Symbol file LoadedFromMemory is not a mono symbol file
Symbol file data-000002039F8D0B80 doesn't match image C:\Users\rui02\unity_project\IVRC\IVRC\Library\ScriptAssemblies\Unity.EditorCoroutines.Editor.dll
Symbol file LoadedFromMemory is not a mono symbol file
Symbol file data-000002038E527080 doesn't match image C:\Users\rui02\unity_project\IVRC\IVRC\Library\ScriptAssemblies\FastSpringBone.dll
Symbol file LoadedFromMemory is not a mono symbol file
Symbol file data-00000203A0210030 doesn't match image C:\Users\rui02\unity_project\IVRC\IVRC\Library\ScriptAssemblies\Unity.TerrainTools.Editor.dll
Symbol file LoadedFromMemory is not a mono symbol file
Symbol file data-00000203E9D05020 doesn't match image C:\Users\rui02\unity_project\IVRC\IVRC\Library\ScriptAssemblies\Unity.RenderPipelines.Universal.Runtime.dll
Symbol file LoadedFromMemory is not a mono symbol file
Symbol file data-000002039EFEB020 doesn't match image C:\Users\rui02\unity_project\IVRC\IVRC\Library\ScriptAssemblies\MToon.dll
Symbol file LoadedFromMemory is not a mono symbol file
Symbol file data-000002036B205840 doesn't match image C:\Users\rui02\unity_project\IVRC\IVRC\Library\ScriptAssemblies\UniHumanoid.dll
Symbol file LoadedFromMemory is not a mono symbol file
Symbol file data-00000203A0210030 doesn't match image C:\Users\rui02\unity_project\IVRC\IVRC\Library\ScriptAssemblies\Unity.Burst.dll
Symbol file LoadedFromMemory is not a mono symbol file
Symbol file data-00000203A00FEC50 doesn't match image C:\Users\rui02\unity_project\IVRC\IVRC\Library\ScriptAssemblies\UnityEngine.XR.LegacyInputHelpers.dll
Symbol file LoadedFromMemory is not a mono symbol file
Symbol file data-00000203E549FDB0 doesn't match image C:\Users\rui02\unity_project\IVRC\IVRC\Library\ScriptAssemblies\UniGLTF.Tests.dll
Symbol file LoadedFromMemory is not a mono symbol file
Symbol file data-000002039EA6CFF0 doesn't match image C:\Users\rui02\unity_project\IVRC\IVRC\Library\ScriptAssemblies\VRMShaders.GLTF.IO.Runtime.dll
Symbol file LoadedFromMemory is not a mono symbol file
Symbol file data-00000203A01C0010 doesn't match image C:\Users\rui02\unity_project\IVRC\IVRC\Library\ScriptAssemblies\Unity.Timeline.Editor.dll
Symbol file LoadedFromMemory is not a mono symbol file
Symbol file data-000002039EFEB020 doesn't match image C:\Users\rui02\unity_project\IVRC\IVRC\Library\ScriptAssemblies\Unity.VisualScripting.Shared.Editor.dll
Symbol file LoadedFromMemory is not a mono symbol file
Symbol file data-00000203A18AD210 doesn't match image C:\Users\rui02\unity_project\IVRC\IVRC\Library\ScriptAssemblies\Unity.TerrainTools.dll
Symbol file LoadedFromMemory is not a mono symbol file
Symbol file data-000002038D02A020 doesn't match image C:\Users\rui02\unity_project\IVRC\IVRC\Library\ScriptAssemblies\Unity.PlasticSCM.Editor.dll
Symbol file LoadedFromMemory is not a mono symbol file
Symbol file data-000002039BF56210 doesn't match image C:\Users\rui02\unity_project\IVRC\IVRC\Library\ScriptAssemblies\Unity.CollabProxy.Editor.dll
Symbol file LoadedFromMemory is not a mono symbol file
Symbol file data-000002039BF56210 doesn't match image C:\Users\rui02\unity_project\IVRC\IVRC\Library\ScriptAssemblies\UnityEditor.SpatialTracking.dll
Symbol file LoadedFromMemory is not a mono symbol file
Symbol file data-00000203A25579E0 doesn't match image C:\Users\rui02\unity_project\IVRC\IVRC\Library\ScriptAssemblies\UniVRM.Editor.dll
Symbol file LoadedFromMemory is not a mono symbol file
Symbol file data-00000203A1B427B0 doesn't match image C:\Users\rui02\unity_project\IVRC\IVRC\Library\ScriptAssemblies\Unity.ShaderGraph.Editor.dll
Symbol file LoadedFromMemory is not a mono symbol file
Symbol file data-00000203A0558040 doesn't match image C:\Users\rui02\unity_project\IVRC\IVRC\Library\ScriptAssemblies\Unity.VisualStudio.Editor.dll
Symbol file LoadedFromMemory is not a mono symbol file
Symbol file data-00000203A189E030 doesn't match image C:\Users\rui02\unity_project\IVRC\IVRC\Library\ScriptAssemblies\UnityEditor.UI.dll
Symbol file LoadedFromMemory is not a mono symbol file
Symbol file data-000002036AAF0060 doesn't match image C:\Users\rui02\unity_project\IVRC\IVRC\Library\ScriptAssemblies\Unity.VisualScripting.Core.dll
Symbol file LoadedFromMemory is not a mono symbol file
Symbol file data-00000203A0558040 doesn't match image C:\Users\rui02\unity_project\IVRC\IVRC\Library\ScriptAssemblies\SteamVR_Input_Editor.dll
Symbol file LoadedFromMemory is not a mono symbol file
Symbol file data-00000203A0098220 doesn't match image C:\Users\rui02\unity_project\IVRC\IVRC\Library\ScriptAssemblies\Unity.VisualScripting.Core.Editor.dll
Symbol file LoadedFromMemory is not a mono symbol file
Symbol file data-000002039925BA90 doesn't match image C:\Users\rui02\unity_project\IVRC\IVRC\Library\ScriptAssemblies\UnityEngine.SpatialTracking.dll
Symbol file LoadedFromMemory is not a mono symbol file
Symbol file data-000002036AEB9030 doesn't match image C:\Users\rui02\unity_project\IVRC\IVRC\Library\ScriptAssemblies\UnityEngine.UI.dll
Symbol file LoadedFromMemory is not a mono symbol file
Symbol file data-000002039925BA90 doesn't match image C:\Users\rui02\unity_project\IVRC\IVRC\Library\ScriptAssemblies\VRMShaders.GLTF.IO.Tests.dll
Symbol file LoadedFromMemory is not a mono symbol file
Symbol file data-000002039CFD1270 doesn't match image C:\Users\rui02\unity_project\IVRC\IVRC\Library\ScriptAssemblies\UnityEditor.XR.LegacyInputHelpers.dll
Symbol file LoadedFromMemory is not a mono symbol file
Symbol file data-000002038E527080 doesn't match image C:\Users\rui02\unity_project\IVRC\IVRC\Library\ScriptAssemblies\SteamVR_Editor.dll
Symbol file LoadedFromMemory is not a mono symbol file
Symbol file data-000002039B1418A0 doesn't match image C:\Users\rui02\unity_project\IVRC\IVRC\Library\ScriptAssemblies\Unity.VisualScripting.Flow.Editor.dll
Symbol file LoadedFromMemory is not a mono symbol file
Symbol file data-000002039BF56210 doesn't match image C:\Users\rui02\unity_project\IVRC\IVRC\Library\ScriptAssemblies\Unity.RenderPipeline.Universal.ShaderLibrary.dll
Symbol file LoadedFromMemory is not a mono symbol file
Symbol file data-000002039A4F80F0 doesn't match image C:\Users\rui02\unity_project\IVRC\IVRC\Library\ScriptAssemblies\Unity.Timeline.dll
Symbol file LoadedFromMemory is not a mono symbol file
Symbol file data-00000203EC5A8E50 doesn't match image C:\Users\rui02\unity_project\IVRC\IVRC\Library\ScriptAssemblies\Unity.XR.OpenVR.Editor.dll
Symbol file LoadedFromMemory is not a mono symbol file
Symbol file data-000002039ECE0030 doesn't match image C:\Users\rui02\unity_project\IVRC\IVRC\Library\ScriptAssemblies\VRMShaders.VRM10.MToon10.Runtime.dll
Symbol file LoadedFromMemory is not a mono symbol file
Symbol file data-00000203A1A951F0 doesn't match image C:\Users\rui02\unity_project\IVRC\IVRC\Library\ScriptAssemblies\Unity.VisualScripting.SettingsProvider.Editor.dll
Symbol file LoadedFromMemory is not a mono symbol file
Symbol file data-00000203E8BDC040 doesn't match image C:\Users\rui02\unity_project\IVRC\IVRC\Library\ScriptAssemblies\Unity.TestTools.CodeCoverage.Editor.OpenCover.Model.dll
Symbol file LoadedFromMemory is not a mono symbol file
Symbol file data-000002039D3E3250 doesn't match image C:\Users\rui02\unity_project\IVRC\IVRC\Library\ScriptAssemblies\VRMShaders.GLTF.IO.Editor.dll
Symbol file LoadedFromMemory is not a mono symbol file
Symbol file data-00000203C39CC010 doesn't match image C:\Users\rui02\unity_project\IVRC\IVRC\Library\ScriptAssemblies\UnityEngine.TestRunner.dll
Symbol file LoadedFromMemory is not a mono symbol file
Symbol file data-00000203A0558040 doesn't match image C:\Users\rui02\unity_project\IVRC\IVRC\Library\ScriptAssemblies\Unity.VisualScripting.State.Editor.dll
Symbol file LoadedFromMemory is not a mono symbol file
Symbol file data-00000203A0098220 doesn't match image C:\Users\rui02\unity_project\IVRC\IVRC\Library\ScriptAssemblies\Unity.Mathematics.dll
Symbol file LoadedFromMemory is not a mono symbol file
Symbol file data-0000020398BB6040 doesn't match image C:\Users\rui02\unity_project\IVRC\IVRC\Library\ScriptAssemblies\Unity.RenderPipelines.Universal.Shaders.dll
Symbol file LoadedFromMemory is not a mono symbol file
Symbol file data-0000020398BEF010 doesn't match image C:\Users\rui02\unity_project\IVRC\IVRC\Library\ScriptAssemblies\Unity.TextMeshPro.Editor.dll
Symbol file LoadedFromMemory is not a mono symbol file
Symbol file data-000002039EA6CFF0 doesn't match image C:\Users\rui02\unity_project\IVRC\IVRC\Library\ScriptAssemblies\Unity.Searcher.Editor.dll
Symbol file LoadedFromMemory is not a mono symbol file
Symbol file data-00000203E8BDC040 doesn't match image C:\Users\rui02\unity_project\IVRC\IVRC\Library\ScriptAssemblies\Unity.VisualScripting.State.dll
Symbol file LoadedFromMemory is not a mono symbol file
Symbol file data-000002039D3E3250 doesn't match image C:\Users\rui02\unity_project\IVRC\IVRC\Library\ScriptAssemblies\Unity.ShaderGraph.Utilities.dll
Symbol file LoadedFromMemory is not a mono symbol file
Symbol file data-00000203A07E0E10 doesn't match image C:\Users\rui02\unity_project\IVRC\IVRC\Library\ScriptAssemblies\Unity.RenderPipelines.HighDefinition.Runtime.dll
Symbol file LoadedFromMemory is not a mono symbol file
Symbol file data-00000203E8BDC040 doesn't match image C:\Users\rui02\unity_project\IVRC\IVRC\Library\ScriptAssemblies\VRM.Tests.dll
Symbol file LoadedFromMemory is not a mono symbol file
- Loaded All Assemblies, in  0.537 seconds
Refreshing native plugins compatible for Editor in 5.43 ms, found 6 plugins.
Native extension for WindowsStandalone target not found
Native extension for WebGL target not found
[Package Manager] Server::EnsureServerProcessIsRunning -- launch failed, reason: Unity was launched with the -noUpm command-line argument
[Package Manager] UpmClient::Send -- Unable to send message (not connected to UPM process).
[Package Manager] Cannot connect to Unity Package Manager local server
[Package Manager] Server::EnsureServerProcessIsRunning -- launch failed, reason: Unity was launched with the -noUpm command-line argument
[Package Manager] UpmClient::Send -- Unable to send message (not connected to UPM process).
[Package Manager] Cannot connect to Unity Package Manager local server
Mono: successfully reloaded assembly
[Package Manager] Server::EnsureServerProcessIsRunning -- launch failed, reason: Unity was launched with the -noUpm command-line argument
[Package Manager] UpmClient::Send -- Unable to send message (not connected to UPM process).
[Package Manager] Cannot connect to Unity Package Manager local server
- Finished resetting the current domain, in  1.227 seconds
Domain Reload Profiling: 1760ms
	BeginReloadAssembly (150ms)
		ExecutionOrderSort (0ms)
		DisableScriptedObjects (4ms)
		BackupInstance (0ms)
		ReleaseScriptingObjects (0ms)
		CreateAndSetChildDomain (37ms)
	RebuildCommonClasses (30ms)
	RebuildNativeTypeToScriptingClass (12ms)
	initialDomainReloadingComplete (27ms)
	LoadAllAssembliesAndSetupDomain (314ms)
		LoadAssemblies (314ms)
		RebuildTransferFunctionScriptingTraits (0ms)
		AnalyzeDomain (76ms)
			TypeCache.Refresh (13ms)
				TypeCache.ScanAssembly (1ms)
			ScanForSourceGeneratedMonoScriptInfo (45ms)
			ResolveRequiredComponents (17ms)
	FinalizeReload (1228ms)
		ReleaseScriptCaches (0ms)
		RebuildScriptCaches (0ms)
		SetupLoadedEditorAssemblies (534ms)
			LogAssemblyErrors (0ms)
			InitializePlatformSupportModulesInManaged (6ms)
			SetLoadedEditorAssemblies (5ms)
			RefreshPlugins (0ms)
			BeforeProcessingInitializeOnLoad (91ms)
			ProcessInitializeOnLoadAttributes (404ms)
			ProcessInitializeOnLoadMethodAttributes (23ms)
			AfterProcessingInitializeOnLoad (4ms)
			EditorAssembliesLoaded (0ms)
		ExecutionOrderSort2 (0ms)
		AwakeInstancesAfterBackupRestoration (5ms)
Refreshing native plugins compatible for Editor in 4.46 ms, found 6 plugins.
Preloading 0 native plugins for Editor in 0.00 ms.
Unloading 7879 Unused Serialized files (Serialized files now loaded: 0)
Unloading 212 unused Assets / (15.5 MB). Loaded Objects now: 8843.
Memory consumption went from 307.6 MB to 292.1 MB.
Total: 6.303700 ms (FindLiveObjects: 0.462100 ms CreateObjectMapping: 0.311600 ms MarkObjects: 2.490500 ms  DeleteObjects: 3.038800 ms)

Prepare: number of updated asset objects reloaded= 0
AssetImportParameters requested are different than current active one (requested -> active):
  custom:container-demuxer-ogg: 62fdf1f143b41e24485cea50d1cbac27 -> 
  custom:framework-win-MediaFoundation: 216162199b28c13a410421893ffa2e32 -> 
  custom:container-muxer-webm: aa71ff27fc2769a1b78a27578f13a17b -> 
  custom:video-decoder-webm-vp8: 9c59270c3fd7afecdb556c50c9e8de78 -> 
  custom:SearchIndexIgnoredProperties: e643bd26f0fe6173181afceb89e7c659 -> 
  custom:AudioImporter_EditorPlatform: d09bf68614088b80899f8185d706f6e7 -> 
  custom:audio-decoder-ogg-vorbis: bf7c407c2cedff20999df2af8eb42d56 -> 
  custom:audio-encoder-webm-vorbis: bf7c407c2cedff20999df2af8eb42d56 -> 
  custom:video-codec-MediaFoundation-h265: 746d11721c4dcdbdad8f713fa42b33f4 -> 
  custom:video-decoder-ogg-theora: a1e56fd34408186e4bbccfd4996cb3dc -> 
  custom:CustomObjectIndexerAttribute: a3ef5dd2817f97addfee359851a9dba5 -> 
  custom:container-demuxer-webm: 4f35f7cbe854078d1ac9338744f61a02 -> 
  custom:video-encoder-webm-vp8: eb34c28f22e8b96e1ab97ce403110664 -> 
========================================================================
Received Prepare
Begin MonoManager ReloadAssembly
Symbol file data-000002038E675E00 doesn't match image C:\Users\rui02\unity_project\IVRC\IVRC\Library\ScriptAssemblies\UniHumanoid.Editor.dll
Symbol file LoadedFromMemory is not a mono symbol file
Symbol file data-00000203A1FB8010 doesn't match image C:\Users\rui02\unity_project\IVRC\IVRC\Library\ScriptAssemblies\Unity.XR.Management.dll
Symbol file LoadedFromMemory is not a mono symbol file
Symbol file data-00000203C39DC860 doesn't match image C:\Users\rui02\unity_project\IVRC\IVRC\Library\ScriptAssemblies\UniHumanoid.Editor.Tests.dll
Symbol file LoadedFromMemory is not a mono symbol file
Symbol file data-00000203A21BB340 doesn't match image C:\Users\rui02\unity_project\IVRC\IVRC\Library\ScriptAssemblies\Unity.VisualEffectGraph.Runtime.dll
Symbol file LoadedFromMemory is not a mono symbol file
Symbol file data-00000203E4E07910 doesn't match image C:\Users\rui02\unity_project\IVRC\IVRC\Library\ScriptAssemblies\Unity.RenderPipelines.Core.Runtime.dll
Symbol file LoadedFromMemory is not a mono symbol file
Symbol file data-000002036B25B010 doesn't match image C:\Users\rui02\unity_project\IVRC\IVRC\Library\ScriptAssemblies\Unity.Burst.Editor.dll
Symbol file LoadedFromMemory is not a mono symbol file
Symbol file data-00000203C3C59010 doesn't match image C:\Users\rui02\unity_project\IVRC\IVRC\Library\ScriptAssemblies\SteamVR.dll
Symbol file LoadedFromMemory is not a mono symbol file
Symbol file data-00000203C3CA5EF0 doesn't match image C:\Users\rui02\unity_project\IVRC\IVRC\Library\ScriptAssemblies\VRMShaders.GLTF.UniUnlit.Runtime.dll
Symbol file LoadedFromMemory is not a mono symbol file
Symbol file data-00000203C39DC860 doesn't match image C:\Users\rui02\unity_project\IVRC\IVRC\Library\ScriptAssemblies\SteamVR_Windows_EditorHelper.dll
Symbol file LoadedFromMemory is not a mono symbol file
Symbol file data-000002038D1F4630 doesn't match image C:\Users\rui02\unity_project\IVRC\IVRC\Library\ScriptAssemblies\UniGLTF.dll
Symbol file LoadedFromMemory is not a mono symbol file
Symbol file data-000002039D29F440 doesn't match image C:\Users\rui02\unity_project\IVRC\IVRC\Library\ScriptAssemblies\Unity.Rider.Editor.dll
Symbol file LoadedFromMemory is not a mono symbol file
Symbol file data-00000203A2775C60 doesn't match image C:\Users\rui02\unity_project\IVRC\IVRC\Library\ScriptAssemblies\VRMShaders.VRM10.MToon10.Tests.dll
Symbol file LoadedFromMemory is not a mono symbol file
Symbol file data-00000203C4049010 doesn't match image C:\Users\rui02\unity_project\IVRC\IVRC\Library\ScriptAssemblies\Unity.RenderPipelines.Core.Editor.dll
Symbol file LoadedFromMemory is not a mono symbol file
Symbol file data-000002038D62F020 doesn't match image C:\Users\rui02\unity_project\IVRC\IVRC\Library\ScriptAssemblies\Unity.VisualEffectGraph.Editor.dll
Symbol file LoadedFromMemory is not a mono symbol file
Symbol file data-00000203A08D7730 doesn't match image C:\Users\rui02\unity_project\IVRC\IVRC\Library\ScriptAssemblies\UnityEditor.TestRunner.dll
Symbol file LoadedFromMemory is not a mono symbol file
Symbol file data-00000203E476B020 doesn't match image C:\Users\rui02\unity_project\IVRC\IVRC\Library\ScriptAssemblies\Unity.VisualScripting.Flow.dll
Symbol file LoadedFromMemory is not a mono symbol file
Symbol file data-00000203E9883030 doesn't match image C:\Users\rui02\unity_project\IVRC\IVRC\Library\ScriptAssemblies\Unity.Mathematics.Editor.dll
Symbol file LoadedFromMemory is not a mono symbol file
Symbol file data-00000203A09EA030 doesn't match image C:\Users\rui02\unity_project\IVRC\IVRC\Library\ScriptAssemblies\Unity.TestTools.CodeCoverage.Editor.OpenCover.Mono.Reflection.dll
Symbol file LoadedFromMemory is not a mono symbol file
Symbol file data-000002039D3E3250 doesn't match image C:\Users\rui02\unity_project\IVRC\IVRC\Library\ScriptAssemblies\VRMShaders.VRM10.MToon10.Editor.dll
Symbol file LoadedFromMemory is not a mono symbol file
Symbol file data-00000203C39DC860 doesn't match image C:\Users\rui02\unity_project\IVRC\IVRC\Library\ScriptAssemblies\UniGLTF.Utils.dll
Symbol file LoadedFromMemory is not a mono symbol file
Symbol file data-00000203C3CA5EF0 doesn't match image C:\Users\rui02\unity_project\IVRC\IVRC\Library\ScriptAssemblies\Unity.RenderPipelines.HighDefinition.Config.Runtime.dll
Symbol file LoadedFromMemory is not a mono symbol file
Symbol file data-000002039D3E3250 doesn't match image C:\Users\rui02\unity_project\IVRC\IVRC\Library\ScriptAssemblies\MToon.Editor.dll
Symbol file LoadedFromMemory is not a mono symbol file
Symbol file data-000002039ECF2300 doesn't match image C:\Users\rui02\unity_project\IVRC\IVRC\Library\ScriptAssemblies\Unity.Performance.Profile-Analyzer.Editor.dll
Symbol file LoadedFromMemory is not a mono symbol file
Symbol file data-00000203A205B330 doesn't match image C:\Users\rui02\unity_project\IVRC\IVRC\Library\ScriptAssemblies\Unity.RenderPipelines.Core.ShaderLibrary.dll
Symbol file LoadedFromMemory is not a mono symbol file
Symbol file data-00000203A0558040 doesn't match image C:\Users\rui02\unity_project\IVRC\IVRC\Library\ScriptAssemblies\Unity.XR.Management.Editor.dll
Symbol file LoadedFromMemory is not a mono symbol file
Symbol file data-00000203C3CA5EF0 doesn't match image C:\Users\rui02\unity_project\IVRC\IVRC\Library\ScriptAssemblies\VRMShaders.VRM.IO.Runtime.dll
Symbol file LoadedFromMemory is not a mono symbol file
Symbol file data-00000203E57920F0 doesn't match image C:\Users\rui02\unity_project\IVRC\IVRC\Library\ScriptAssemblies\Unity.TestTools.CodeCoverage.Editor.dll
Symbol file LoadedFromMemory is not a mono symbol file
Symbol file data-000002039B841020 doesn't match image C:\Users\rui02\unity_project\IVRC\IVRC\Library\ScriptAssemblies\VRM.dll
Symbol file LoadedFromMemory is not a mono symbol file
Symbol file data-000002039C8AD010 doesn't match image C:\Users\rui02\unity_project\IVRC\IVRC\Library\ScriptAssemblies\VRMShaders.GLTF.UniUnlit.Editor.dll
Symbol file LoadedFromMemory is not a mono symbol file
Symbol file data-000002039C8AD010 doesn't match image C:\Users\rui02\unity_project\IVRC\IVRC\Library\ScriptAssemblies\PPv2URPConverters.dll
Symbol file LoadedFromMemory is not a mono symbol file
Symbol file data-00000203A21BB340 doesn't match image C:\Users\rui02\unity_project\IVRC\IVRC\Library\ScriptAssemblies\Unity.XR.OpenVR.dll
Symbol file LoadedFromMemory is not a mono symbol file
Symbol file data-00000203E50DE2F0 doesn't match image C:\Users\rui02\unity_project\IVRC\IVRC\Library\ScriptAssemblies\Unity.Settings.Editor.dll
Symbol file LoadedFromMemory is not a mono symbol file
Symbol file data-00000203A0210030 doesn't match image C:\Users\rui02\unity_project\IVRC\IVRC\Library\ScriptAssemblies\Unity.TextMeshPro.dll
Symbol file LoadedFromMemory is not a mono symbol file
Symbol file data-00000203A2775C60 doesn't match image C:\Users\rui02\unity_project\IVRC\IVRC\Library\ScriptAssemblies\VRMShaders.VRM10.Format.Runtime.dll
Symbol file LoadedFromMemory is not a mono symbol file
Symbol file data-000002039F0BB010 doesn't match image C:\Users\rui02\unity_project\IVRC\IVRC\Library\ScriptAssemblies\Unity.Burst.CodeGen.dll
Symbol file LoadedFromMemory is not a mono symbol file
Symbol file data-00000203E5B93E30 doesn't match image C:\Users\rui02\unity_project\IVRC\IVRC\Library\ScriptAssemblies\Unity.VSCode.Editor.dll
Symbol file LoadedFromMemory is not a mono symbol file
Symbol file data-000002039AB76040 doesn't match image C:\Users\rui02\unity_project\IVRC\IVRC\Library\ScriptAssemblies\UniGLTF.Editor.dll
Symbol file LoadedFromMemory is not a mono symbol file
Symbol file data-000002039EA20090 doesn't match image C:\Users\rui02\unity_project\IVRC\IVRC\Library\ScriptAssemblies\Unity.RenderPipelines.Universal.Editor.dll
Symbol file LoadedFromMemory is not a mono symbol file
Symbol file data-0000020398F93010 doesn't match image C:\Users\rui02\unity_project\IVRC\IVRC\Library\ScriptAssemblies\Unity.RenderPipelines.HighDefinition.Editor.dll
Symbol file LoadedFromMemory is not a mono symbol file
Symbol file data-000002039D3E3250 doesn't match image C:\Users\rui02\unity_project\IVRC\IVRC\Library\ScriptAssemblies\VRM.Samples.Editor.Tests.dll
Symbol file LoadedFromMemory is not a mono symbol file
Symbol file data-00000203A205B330 doesn't match image C:\Users\rui02\unity_project\IVRC\IVRC\Library\ScriptAssemblies\Unity.RenderPipelines.ShaderGraph.ShaderGraphLibrary.dll
Symbol file LoadedFromMemory is not a mono symbol file
Symbol file data-000002039D3E3250 doesn't match image C:\Users\rui02\unity_project\IVRC\IVRC\Library\ScriptAssemblies\Unity.EditorCoroutines.Editor.dll
Symbol file LoadedFromMemory is not a mono symbol file
Symbol file data-00000203E5B93E30 doesn't match image C:\Users\rui02\unity_project\IVRC\IVRC\Library\ScriptAssemblies\FastSpringBone.dll
Symbol file LoadedFromMemory is not a mono symbol file
Symbol file data-00000203A0210030 doesn't match image C:\Users\rui02\unity_project\IVRC\IVRC\Library\ScriptAssemblies\Unity.TerrainTools.Editor.dll
Symbol file LoadedFromMemory is not a mono symbol file
Symbol file data-000002038ED65010 doesn't match image C:\Users\rui02\unity_project\IVRC\IVRC\Library\ScriptAssemblies\Unity.RenderPipelines.Universal.Runtime.dll
Symbol file LoadedFromMemory is not a mono symbol file
Symbol file data-00000203E444E050 doesn't match image C:\Users\rui02\unity_project\IVRC\IVRC\Library\ScriptAssemblies\MToon.dll
Symbol file LoadedFromMemory is not a mono symbol file
Symbol file data-000002036B205840 doesn't match image C:\Users\rui02\unity_project\IVRC\IVRC\Library\ScriptAssemblies\UniHumanoid.dll
Symbol file LoadedFromMemory is not a mono symbol file
Symbol file data-00000203A0210030 doesn't match image C:\Users\rui02\unity_project\IVRC\IVRC\Library\ScriptAssemblies\Unity.Burst.dll
Symbol file LoadedFromMemory is not a mono symbol file
Symbol file data-00000203E5C10F30 doesn't match image C:\Users\rui02\unity_project\IVRC\IVRC\Library\ScriptAssemblies\UnityEngine.XR.LegacyInputHelpers.dll
Symbol file LoadedFromMemory is not a mono symbol file
Symbol file data-000002036B205840 doesn't match image C:\Users\rui02\unity_project\IVRC\IVRC\Library\ScriptAssemblies\UniGLTF.Tests.dll
Symbol file LoadedFromMemory is not a mono symbol file
Symbol file data-00000203E50DE2F0 doesn't match image C:\Users\rui02\unity_project\IVRC\IVRC\Library\ScriptAssemblies\VRMShaders.GLTF.IO.Runtime.dll
Symbol file LoadedFromMemory is not a mono symbol file
Symbol file data-00000203E45F1010 doesn't match image C:\Users\rui02\unity_project\IVRC\IVRC\Library\ScriptAssemblies\Unity.Timeline.Editor.dll
Symbol file LoadedFromMemory is not a mono symbol file
Symbol file data-00000203E444E050 doesn't match image C:\Users\rui02\unity_project\IVRC\IVRC\Library\ScriptAssemblies\Unity.VisualScripting.Shared.Editor.dll
Symbol file LoadedFromMemory is not a mono symbol file
Symbol file data-00000203A2775C60 doesn't match image C:\Users\rui02\unity_project\IVRC\IVRC\Library\ScriptAssemblies\Unity.TerrainTools.dll
Symbol file LoadedFromMemory is not a mono symbol file
Symbol file data-00000203EC9CD240 doesn't match image C:\Users\rui02\unity_project\IVRC\IVRC\Library\ScriptAssemblies\Unity.PlasticSCM.Editor.dll
Symbol file LoadedFromMemory is not a mono symbol file
Symbol file data-00000203C39DC860 doesn't match image C:\Users\rui02\unity_project\IVRC\IVRC\Library\ScriptAssemblies\Unity.CollabProxy.Editor.dll
Symbol file LoadedFromMemory is not a mono symbol file
Symbol file data-00000203C39DC860 doesn't match image C:\Users\rui02\unity_project\IVRC\IVRC\Library\ScriptAssemblies\UnityEditor.SpatialTracking.dll
Symbol file LoadedFromMemory is not a mono symbol file
Symbol file data-00000203A21BB340 doesn't match image C:\Users\rui02\unity_project\IVRC\IVRC\Library\ScriptAssemblies\UniVRM.Editor.dll
Symbol file LoadedFromMemory is not a mono symbol file
Symbol file data-00000203EAFF9030 doesn't match image C:\Users\rui02\unity_project\IVRC\IVRC\Library\ScriptAssemblies\Unity.ShaderGraph.Editor.dll
Symbol file LoadedFromMemory is not a mono symbol file
Symbol file data-00000203A0558040 doesn't match image C:\Users\rui02\unity_project\IVRC\IVRC\Library\ScriptAssemblies\Unity.VisualStudio.Editor.dll
Symbol file LoadedFromMemory is not a mono symbol file
Symbol file data-00000203A189E030 doesn't match image C:\Users\rui02\unity_project\IVRC\IVRC\Library\ScriptAssemblies\UnityEditor.UI.dll
Symbol file LoadedFromMemory is not a mono symbol file
Symbol file data-00000203E71D1050 doesn't match image C:\Users\rui02\unity_project\IVRC\IVRC\Library\ScriptAssemblies\Unity.VisualScripting.Core.dll
Symbol file LoadedFromMemory is not a mono symbol file
Symbol file data-00000203A0EFF050 doesn't match image C:\Users\rui02\unity_project\IVRC\IVRC\Library\ScriptAssemblies\SteamVR_Input_Editor.dll
Symbol file LoadedFromMemory is not a mono symbol file
Symbol file data-00000203A0098220 doesn't match image C:\Users\rui02\unity_project\IVRC\IVRC\Library\ScriptAssemblies\Unity.VisualScripting.Core.Editor.dll
Symbol file LoadedFromMemory is not a mono symbol file
Symbol file data-000002038D48F030 doesn't match image C:\Users\rui02\unity_project\IVRC\IVRC\Library\ScriptAssemblies\UnityEngine.SpatialTracking.dll
Symbol file LoadedFromMemory is not a mono symbol file
Symbol file data-00000203C41AAF50 doesn't match image C:\Users\rui02\unity_project\IVRC\IVRC\Library\ScriptAssemblies\UnityEngine.UI.dll
Symbol file LoadedFromMemory is not a mono symbol file
Symbol file data-000002038D48F030 doesn't match image C:\Users\rui02\unity_project\IVRC\IVRC\Library\ScriptAssemblies\VRMShaders.GLTF.IO.Tests.dll
Symbol file LoadedFromMemory is not a mono symbol file
Symbol file data-00000203A1FB8010 doesn't match image C:\Users\rui02\unity_project\IVRC\IVRC\Library\ScriptAssemblies\UnityEditor.XR.LegacyInputHelpers.dll
Symbol file LoadedFromMemory is not a mono symbol file
Symbol file data-00000203EA7C7120 doesn't match image C:\Users\rui02\unity_project\IVRC\IVRC\Library\ScriptAssemblies\SteamVR_Editor.dll
Symbol file LoadedFromMemory is not a mono symbol file
Symbol file data-000002039ABAA010 doesn't match image C:\Users\rui02\unity_project\IVRC\IVRC\Library\ScriptAssemblies\Unity.VisualScripting.Flow.Editor.dll
Symbol file LoadedFromMemory is not a mono symbol file
Symbol file data-00000203C3CA5EF0 doesn't match image C:\Users\rui02\unity_project\IVRC\IVRC\Library\ScriptAssemblies\Unity.RenderPipeline.Universal.ShaderLibrary.dll
Symbol file LoadedFromMemory is not a mono symbol file
Symbol file data-00000203A08B7EA0 doesn't match image C:\Users\rui02\unity_project\IVRC\IVRC\Library\ScriptAssemblies\Unity.Timeline.dll
Symbol file LoadedFromMemory is not a mono symbol file
Symbol file data-00000203A09EA030 doesn't match image C:\Users\rui02\unity_project\IVRC\IVRC\Library\ScriptAssemblies\Unity.XR.OpenVR.Editor.dll
Symbol file LoadedFromMemory is not a mono symbol file
Symbol file data-00000203ED719E40 doesn't match image C:\Users\rui02\unity_project\IVRC\IVRC\Library\ScriptAssemblies\VRMShaders.VRM10.MToon10.Runtime.dll
Symbol file LoadedFromMemory is not a mono symbol file
Symbol file data-00000203E9883030 doesn't match image C:\Users\rui02\unity_project\IVRC\IVRC\Library\ScriptAssemblies\Unity.VisualScripting.SettingsProvider.Editor.dll
Symbol file LoadedFromMemory is not a mono symbol file
Symbol file data-000002038CDBC060 doesn't match image C:\Users\rui02\unity_project\IVRC\IVRC\Library\ScriptAssemblies\Unity.TestTools.CodeCoverage.Editor.OpenCover.Model.dll
Symbol file LoadedFromMemory is not a mono symbol file
Symbol file data-00000203EC452040 doesn't match image C:\Users\rui02\unity_project\IVRC\IVRC\Library\ScriptAssemblies\VRMShaders.GLTF.IO.Editor.dll
Symbol file LoadedFromMemory is not a mono symbol file
Symbol file data-00000203E44A7AE0 doesn't match image C:\Users\rui02\unity_project\IVRC\IVRC\Library\ScriptAssemblies\UnityEngine.TestRunner.dll
Symbol file LoadedFromMemory is not a mono symbol file
Symbol file data-00000203A0EFF050 doesn't match image C:\Users\rui02\unity_project\IVRC\IVRC\Library\ScriptAssemblies\Unity.VisualScripting.State.Editor.dll
Symbol file LoadedFromMemory is not a mono symbol file
Symbol file data-00000203ECE7B010 doesn't match image C:\Users\rui02\unity_project\IVRC\IVRC\Library\ScriptAssemblies\Unity.Mathematics.dll
Symbol file LoadedFromMemory is not a mono symbol file
Symbol file data-00000203A205B330 doesn't match image C:\Users\rui02\unity_project\IVRC\IVRC\Library\ScriptAssemblies\Unity.RenderPipelines.Universal.Shaders.dll
Symbol file LoadedFromMemory is not a mono symbol file
Symbol file data-00000203A08B7EA0 doesn't match image C:\Users\rui02\unity_project\IVRC\IVRC\Library\ScriptAssemblies\Unity.TextMeshPro.Editor.dll
Symbol file LoadedFromMemory is not a mono symbol file
Symbol file data-00000203A1A7B010 doesn't match image C:\Users\rui02\unity_project\IVRC\IVRC\Library\ScriptAssemblies\Unity.Searcher.Editor.dll
Symbol file LoadedFromMemory is not a mono symbol file
Symbol file data-00000203E8BDC040 doesn't match image C:\Users\rui02\unity_project\IVRC\IVRC\Library\ScriptAssemblies\Unity.VisualScripting.State.dll
Symbol file LoadedFromMemory is not a mono symbol file
Symbol file data-00000203C39DC860 doesn't match image C:\Users\rui02\unity_project\IVRC\IVRC\Library\ScriptAssemblies\Unity.ShaderGraph.Utilities.dll
Symbol file LoadedFromMemory is not a mono symbol file
Symbol file data-00000203EDAB56C0 doesn't match image C:\Users\rui02\unity_project\IVRC\IVRC\Library\ScriptAssemblies\Unity.RenderPipelines.HighDefinition.Runtime.dll
Symbol file LoadedFromMemory is not a mono symbol file
Symbol file data-00000203EA7C7120 doesn't match image C:\Users\rui02\unity_project\IVRC\IVRC\Library\ScriptAssemblies\VRM.Tests.dll
Symbol file LoadedFromMemory is not a mono symbol file
- Loaded All Assemblies, in  0.434 seconds
Refreshing native plugins compatible for Editor in 6.07 ms, found 6 plugins.
Native extension for WindowsStandalone target not found
Native extension for WebGL target not found
[Package Manager] Server::EnsureServerProcessIsRunning -- launch failed, reason: Unity was launched with the -noUpm command-line argument
[Package Manager] UpmClient::Send -- Unable to send message (not connected to UPM process).
[Package Manager] Cannot connect to Unity Package Manager local server
[Package Manager] Server::EnsureServerProcessIsRunning -- launch failed, reason: Unity was launched with the -noUpm command-line argument
[Package Manager] UpmClient::Send -- Unable to send message (not connected to UPM process).
[Package Manager] Cannot connect to Unity Package Manager local server
Mono: successfully reloaded assembly
[Package Manager] Server::EnsureServerProcessIsRunning -- launch failed, reason: Unity was launched with the -noUpm command-line argument
[Package Manager] UpmClient::Send -- Unable to send message (not connected to UPM process).
[Package Manager] Cannot connect to Unity Package Manager local server
- Finished resetting the current domain, in  1.130 seconds
Domain Reload Profiling: 1562ms
	BeginReloadAssembly (130ms)
		ExecutionOrderSort (0ms)
		DisableScriptedObjects (3ms)
		BackupInstance (0ms)
		ReleaseScriptingObjects (0ms)
		CreateAndSetChildDomain (35ms)
	RebuildCommonClasses (26ms)
	RebuildNativeTypeToScriptingClass (10ms)
	initialDomainReloadingComplete (25ms)
	LoadAllAssembliesAndSetupDomain (240ms)
		LoadAssemblies (277ms)
		RebuildTransferFunctionScriptingTraits (0ms)
		AnalyzeDomain (26ms)
			TypeCache.Refresh (8ms)
				TypeCache.ScanAssembly (0ms)
			ScanForSourceGeneratedMonoScriptInfo (0ms)
			ResolveRequiredComponents (16ms)
	FinalizeReload (1131ms)
		ReleaseScriptCaches (0ms)
		RebuildScriptCaches (0ms)
		SetupLoadedEditorAssemblies (465ms)
			LogAssemblyErrors (0ms)
			InitializePlatformSupportModulesInManaged (5ms)
			SetLoadedEditorAssemblies (5ms)
			RefreshPlugins (0ms)
			BeforeProcessingInitializeOnLoad (78ms)
			ProcessInitializeOnLoadAttributes (353ms)
			ProcessInitializeOnLoadMethodAttributes (21ms)
			AfterProcessingInitializeOnLoad (4ms)
			EditorAssembliesLoaded (0ms)
		ExecutionOrderSort2 (0ms)
		AwakeInstancesAfterBackupRestoration (4ms)
Refreshing native plugins compatible for Editor in 5.43 ms, found 6 plugins.
Preloading 0 native plugins for Editor in 0.00 ms.
Unloading 7879 Unused Serialized files (Serialized files now loaded: 0)
Unloading 212 unused Assets / (15.5 MB). Loaded Objects now: 8859.
Memory consumption went from 307.5 MB to 292.0 MB.
Total: 6.121800 ms (FindLiveObjects: 0.506400 ms CreateObjectMapping: 0.329000 ms MarkObjects: 2.653900 ms  DeleteObjects: 2.631800 ms)

Prepare: number of updated asset objects reloaded= 0
AssetImportParameters requested are different than current active one (requested -> active):
  custom:container-demuxer-ogg: 62fdf1f143b41e24485cea50d1cbac27 -> 
  custom:framework-win-MediaFoundation: 216162199b28c13a410421893ffa2e32 -> 
  custom:container-muxer-webm: aa71ff27fc2769a1b78a27578f13a17b -> 
  custom:video-decoder-webm-vp8: 9c59270c3fd7afecdb556c50c9e8de78 -> 
  custom:SearchIndexIgnoredProperties: e643bd26f0fe6173181afceb89e7c659 -> 
  custom:AudioImporter_EditorPlatform: d09bf68614088b80899f8185d706f6e7 -> 
  custom:audio-decoder-ogg-vorbis: bf7c407c2cedff20999df2af8eb42d56 -> 
  custom:audio-encoder-webm-vorbis: bf7c407c2cedff20999df2af8eb42d56 -> 
  custom:video-codec-MediaFoundation-h265: 746d11721c4dcdbdad8f713fa42b33f4 -> 
  custom:video-decoder-ogg-theora: a1e56fd34408186e4bbccfd4996cb3dc -> 
  custom:CustomObjectIndexerAttribute: a3ef5dd2817f97addfee359851a9dba5 -> 
  custom:container-demuxer-webm: 4f35f7cbe854078d1ac9338744f61a02 -> 
  custom:video-encoder-webm-vp8: eb34c28f22e8b96e1ab97ce403110664 -> 
========================================================================
Received Prepare
Begin MonoManager ReloadAssembly
Symbol file data-000002038E675E00 doesn't match image C:\Users\rui02\unity_project\IVRC\IVRC\Library\ScriptAssemblies\UniHumanoid.Editor.dll
Symbol file LoadedFromMemory is not a mono symbol file
Symbol file data-00000203E6EE0010 doesn't match image C:\Users\rui02\unity_project\IVRC\IVRC\Library\ScriptAssemblies\Unity.XR.Management.dll
Symbol file LoadedFromMemory is not a mono symbol file
Symbol file data-00000203C39DC860 doesn't match image C:\Users\rui02\unity_project\IVRC\IVRC\Library\ScriptAssemblies\UniHumanoid.Editor.Tests.dll
Symbol file LoadedFromMemory is not a mono symbol file
Symbol file data-00000203A21BB340 doesn't match image C:\Users\rui02\unity_project\IVRC\IVRC\Library\ScriptAssemblies\Unity.VisualEffectGraph.Runtime.dll
Symbol file LoadedFromMemory is not a mono symbol file
Symbol file data-00000203E4E07910 doesn't match image C:\Users\rui02\unity_project\IVRC\IVRC\Library\ScriptAssemblies\Unity.RenderPipelines.Core.Runtime.dll
Symbol file LoadedFromMemory is not a mono symbol file
Symbol file data-000002036B25B010 doesn't match image C:\Users\rui02\unity_project\IVRC\IVRC\Library\ScriptAssemblies\Unity.Burst.Editor.dll
Symbol file LoadedFromMemory is not a mono symbol file
Symbol file data-00000203C3C59010 doesn't match image C:\Users\rui02\unity_project\IVRC\IVRC\Library\ScriptAssemblies\SteamVR.dll
Symbol file LoadedFromMemory is not a mono symbol file
Symbol file data-00000203C3CA5EF0 doesn't match image C:\Users\rui02\unity_project\IVRC\IVRC\Library\ScriptAssemblies\VRMShaders.GLTF.UniUnlit.Runtime.dll
Symbol file LoadedFromMemory is not a mono symbol file
Symbol file data-00000203C39DC860 doesn't match image C:\Users\rui02\unity_project\IVRC\IVRC\Library\ScriptAssemblies\SteamVR_Windows_EditorHelper.dll
Symbol file LoadedFromMemory is not a mono symbol file
Symbol file data-000002039D3ED000 doesn't match image C:\Users\rui02\unity_project\IVRC\IVRC\Library\ScriptAssemblies\UniGLTF.dll
Symbol file LoadedFromMemory is not a mono symbol file
Symbol file data-00000203E4633020 doesn't match image C:\Users\rui02\unity_project\IVRC\IVRC\Library\ScriptAssemblies\Unity.Rider.Editor.dll
Symbol file LoadedFromMemory is not a mono symbol file
Symbol file data-00000203A2775C60 doesn't match image C:\Users\rui02\unity_project\IVRC\IVRC\Library\ScriptAssemblies\VRMShaders.VRM10.MToon10.Tests.dll
Symbol file LoadedFromMemory is not a mono symbol file
Symbol file data-00000203C4049010 doesn't match image C:\Users\rui02\unity_project\IVRC\IVRC\Library\ScriptAssemblies\Unity.RenderPipelines.Core.Editor.dll
Symbol file LoadedFromMemory is not a mono symbol file
Symbol file data-000002038D62F020 doesn't match image C:\Users\rui02\unity_project\IVRC\IVRC\Library\ScriptAssemblies\Unity.VisualEffectGraph.Editor.dll
Symbol file LoadedFromMemory is not a mono symbol file
Symbol file data-00000203EA141120 doesn't match image C:\Users\rui02\unity_project\IVRC\IVRC\Library\ScriptAssemblies\UnityEditor.TestRunner.dll
Symbol file LoadedFromMemory is not a mono symbol file
Symbol file data-00000203E476B020 doesn't match image C:\Users\rui02\unity_project\IVRC\IVRC\Library\ScriptAssemblies\Unity.VisualScripting.Flow.dll
Symbol file LoadedFromMemory is not a mono symbol file
Symbol file data-00000203E6EE0010 doesn't match image C:\Users\rui02\unity_project\IVRC\IVRC\Library\ScriptAssemblies\Unity.Mathematics.Editor.dll
Symbol file LoadedFromMemory is not a mono symbol file
Symbol file data-00000203A09EA030 doesn't match image C:\Users\rui02\unity_project\IVRC\IVRC\Library\ScriptAssemblies\Unity.TestTools.CodeCoverage.Editor.OpenCover.Mono.Reflection.dll
Symbol file LoadedFromMemory is not a mono symbol file
Symbol file data-000002039F8D0B80 doesn't match image C:\Users\rui02\unity_project\IVRC\IVRC\Library\ScriptAssemblies\VRMShaders.VRM10.MToon10.Editor.dll
Symbol file LoadedFromMemory is not a mono symbol file
Symbol file data-00000203C39DC860 doesn't match image C:\Users\rui02\unity_project\IVRC\IVRC\Library\ScriptAssemblies\UniGLTF.Utils.dll
Symbol file LoadedFromMemory is not a mono symbol file
Symbol file data-00000203C3CA5EF0 doesn't match image C:\Users\rui02\unity_project\IVRC\IVRC\Library\ScriptAssemblies\Unity.RenderPipelines.HighDefinition.Config.Runtime.dll
Symbol file LoadedFromMemory is not a mono symbol file
Symbol file data-000002039D3E3250 doesn't match image C:\Users\rui02\unity_project\IVRC\IVRC\Library\ScriptAssemblies\MToon.Editor.dll
Symbol file LoadedFromMemory is not a mono symbol file
Symbol file data-000002039ECF2300 doesn't match image C:\Users\rui02\unity_project\IVRC\IVRC\Library\ScriptAssemblies\Unity.Performance.Profile-Analyzer.Editor.dll
Symbol file LoadedFromMemory is not a mono symbol file
Symbol file data-00000203A205B330 doesn't match image C:\Users\rui02\unity_project\IVRC\IVRC\Library\ScriptAssemblies\Unity.RenderPipelines.Core.ShaderLibrary.dll
Symbol file LoadedFromMemory is not a mono symbol file
Symbol file data-00000203A0558040 doesn't match image C:\Users\rui02\unity_project\IVRC\IVRC\Library\ScriptAssemblies\Unity.XR.Management.Editor.dll
Symbol file LoadedFromMemory is not a mono symbol file
Symbol file data-00000203C3CA5EF0 doesn't match image C:\Users\rui02\unity_project\IVRC\IVRC\Library\ScriptAssemblies\VRMShaders.VRM.IO.Runtime.dll
Symbol file LoadedFromMemory is not a mono symbol file
Symbol file data-00000203E57920F0 doesn't match image C:\Users\rui02\unity_project\IVRC\IVRC\Library\ScriptAssemblies\Unity.TestTools.CodeCoverage.Editor.dll
Symbol file LoadedFromMemory is not a mono symbol file
Symbol file data-000002039B841020 doesn't match image C:\Users\rui02\unity_project\IVRC\IVRC\Library\ScriptAssemblies\VRM.dll
Symbol file LoadedFromMemory is not a mono symbol file
Symbol file data-000002039C8AD010 doesn't match image C:\Users\rui02\unity_project\IVRC\IVRC\Library\ScriptAssemblies\VRMShaders.GLTF.UniUnlit.Editor.dll
Symbol file LoadedFromMemory is not a mono symbol file
Symbol file data-000002039C8AD010 doesn't match image C:\Users\rui02\unity_project\IVRC\IVRC\Library\ScriptAssemblies\PPv2URPConverters.dll
Symbol file LoadedFromMemory is not a mono symbol file
Symbol file data-00000203A21BB340 doesn't match image C:\Users\rui02\unity_project\IVRC\IVRC\Library\ScriptAssemblies\Unity.XR.OpenVR.dll
Symbol file LoadedFromMemory is not a mono symbol file
Symbol file data-00000203C4217010 doesn't match image C:\Users\rui02\unity_project\IVRC\IVRC\Library\ScriptAssemblies\Unity.Settings.Editor.dll
Symbol file LoadedFromMemory is not a mono symbol file
Symbol file data-00000203A0210030 doesn't match image C:\Users\rui02\unity_project\IVRC\IVRC\Library\ScriptAssemblies\Unity.TextMeshPro.dll
Symbol file LoadedFromMemory is not a mono symbol file
Symbol file data-00000203A2775C60 doesn't match image C:\Users\rui02\unity_project\IVRC\IVRC\Library\ScriptAssemblies\VRMShaders.VRM10.Format.Runtime.dll
Symbol file LoadedFromMemory is not a mono symbol file
Symbol file data-00000203A197DA40 doesn't match image C:\Users\rui02\unity_project\IVRC\IVRC\Library\ScriptAssemblies\Unity.Burst.CodeGen.dll
Symbol file LoadedFromMemory is not a mono symbol file
Symbol file data-000002039ADF0040 doesn't match image C:\Users\rui02\unity_project\IVRC\IVRC\Library\ScriptAssemblies\Unity.VSCode.Editor.dll
Symbol file LoadedFromMemory is not a mono symbol file
Symbol file data-000002039FF79010 doesn't match image C:\Users\rui02\unity_project\IVRC\IVRC\Library\ScriptAssemblies\UniGLTF.Editor.dll
Symbol file LoadedFromMemory is not a mono symbol file
Symbol file data-000002039EA20090 doesn't match image C:\Users\rui02\unity_project\IVRC\IVRC\Library\ScriptAssemblies\Unity.RenderPipelines.Universal.Editor.dll
Symbol file LoadedFromMemory is not a mono symbol file
Symbol file data-00000203A1A02010 doesn't match image C:\Users\rui02\unity_project\IVRC\IVRC\Library\ScriptAssemblies\Unity.RenderPipelines.HighDefinition.Editor.dll
Symbol file LoadedFromMemory is not a mono symbol file
Symbol file data-000002039F8D0B80 doesn't match image C:\Users\rui02\unity_project\IVRC\IVRC\Library\ScriptAssemblies\VRM.Samples.Editor.Tests.dll
Symbol file LoadedFromMemory is not a mono symbol file
Symbol file data-00000203A205B330 doesn't match image C:\Users\rui02\unity_project\IVRC\IVRC\Library\ScriptAssemblies\Unity.RenderPipelines.ShaderGraph.ShaderGraphLibrary.dll
Symbol file LoadedFromMemory is not a mono symbol file
Symbol file data-000002039F8D0B80 doesn't match image C:\Users\rui02\unity_project\IVRC\IVRC\Library\ScriptAssemblies\Unity.EditorCoroutines.Editor.dll
Symbol file LoadedFromMemory is not a mono symbol file
Symbol file data-000002039ADF0040 doesn't match image C:\Users\rui02\unity_project\IVRC\IVRC\Library\ScriptAssemblies\FastSpringBone.dll
Symbol file LoadedFromMemory is not a mono symbol file
Symbol file data-00000203A0210030 doesn't match image C:\Users\rui02\unity_project\IVRC\IVRC\Library\ScriptAssemblies\Unity.TerrainTools.Editor.dll
Symbol file LoadedFromMemory is not a mono symbol file
Symbol file data-00000203E9D05020 doesn't match image C:\Users\rui02\unity_project\IVRC\IVRC\Library\ScriptAssemblies\Unity.RenderPipelines.Universal.Runtime.dll
Symbol file LoadedFromMemory is not a mono symbol file
Symbol file data-00000203E444E050 doesn't match image C:\Users\rui02\unity_project\IVRC\IVRC\Library\ScriptAssemblies\MToon.dll
Symbol file LoadedFromMemory is not a mono symbol file
Symbol file data-000002036B205840 doesn't match image C:\Users\rui02\unity_project\IVRC\IVRC\Library\ScriptAssemblies\UniHumanoid.dll
Symbol file LoadedFromMemory is not a mono symbol file
Symbol file data-00000203A0210030 doesn't match image C:\Users\rui02\unity_project\IVRC\IVRC\Library\ScriptAssemblies\Unity.Burst.dll
Symbol file LoadedFromMemory is not a mono symbol file
Symbol file data-00000203E5C10F30 doesn't match image C:\Users\rui02\unity_project\IVRC\IVRC\Library\ScriptAssemblies\UnityEngine.XR.LegacyInputHelpers.dll
Symbol file LoadedFromMemory is not a mono symbol file
Symbol file data-000002036B205840 doesn't match image C:\Users\rui02\unity_project\IVRC\IVRC\Library\ScriptAssemblies\UniGLTF.Tests.dll
Symbol file LoadedFromMemory is not a mono symbol file
Symbol file data-00000203E50DE2F0 doesn't match image C:\Users\rui02\unity_project\IVRC\IVRC\Library\ScriptAssemblies\VRMShaders.GLTF.IO.Runtime.dll
Symbol file LoadedFromMemory is not a mono symbol file
Symbol file data-00000203A01C0010 doesn't match image C:\Users\rui02\unity_project\IVRC\IVRC\Library\ScriptAssemblies\Unity.Timeline.Editor.dll
Symbol file LoadedFromMemory is not a mono symbol file
Symbol file data-00000203E444E050 doesn't match image C:\Users\rui02\unity_project\IVRC\IVRC\Library\ScriptAssemblies\Unity.VisualScripting.Shared.Editor.dll
Symbol file LoadedFromMemory is not a mono symbol file
Symbol file data-00000203A2775C60 doesn't match image C:\Users\rui02\unity_project\IVRC\IVRC\Library\ScriptAssemblies\Unity.TerrainTools.dll
Symbol file LoadedFromMemory is not a mono symbol file
Symbol file data-00000203EC9CD240 doesn't match image C:\Users\rui02\unity_project\IVRC\IVRC\Library\ScriptAssemblies\Unity.PlasticSCM.Editor.dll
Symbol file LoadedFromMemory is not a mono symbol file
Symbol file data-00000203C39DC860 doesn't match image C:\Users\rui02\unity_project\IVRC\IVRC\Library\ScriptAssemblies\Unity.CollabProxy.Editor.dll
Symbol file LoadedFromMemory is not a mono symbol file
Symbol file data-00000203C39DC860 doesn't match image C:\Users\rui02\unity_project\IVRC\IVRC\Library\ScriptAssemblies\UnityEditor.SpatialTracking.dll
Symbol file LoadedFromMemory is not a mono symbol file
Symbol file data-00000203A21BB340 doesn't match image C:\Users\rui02\unity_project\IVRC\IVRC\Library\ScriptAssemblies\UniVRM.Editor.dll
Symbol file LoadedFromMemory is not a mono symbol file
Symbol file data-00000203EAFF9030 doesn't match image C:\Users\rui02\unity_project\IVRC\IVRC\Library\ScriptAssemblies\Unity.ShaderGraph.Editor.dll
Symbol file LoadedFromMemory is not a mono symbol file
Symbol file data-00000203A0558040 doesn't match image C:\Users\rui02\unity_project\IVRC\IVRC\Library\ScriptAssemblies\Unity.VisualStudio.Editor.dll
Symbol file LoadedFromMemory is not a mono symbol file
Symbol file data-00000203A189E030 doesn't match image C:\Users\rui02\unity_project\IVRC\IVRC\Library\ScriptAssemblies\UnityEditor.UI.dll
Symbol file LoadedFromMemory is not a mono symbol file
Symbol file data-00000203E71D1050 doesn't match image C:\Users\rui02\unity_project\IVRC\IVRC\Library\ScriptAssemblies\Unity.VisualScripting.Core.dll
Symbol file LoadedFromMemory is not a mono symbol file
Symbol file data-00000203A0EFF050 doesn't match image C:\Users\rui02\unity_project\IVRC\IVRC\Library\ScriptAssemblies\SteamVR_Input_Editor.dll
Symbol file LoadedFromMemory is not a mono symbol file
Symbol file data-00000203A1A02010 doesn't match image C:\Users\rui02\unity_project\IVRC\IVRC\Library\ScriptAssemblies\Unity.VisualScripting.Core.Editor.dll
Symbol file LoadedFromMemory is not a mono symbol file
Symbol file data-000002039D3E3250 doesn't match image C:\Users\rui02\unity_project\IVRC\IVRC\Library\ScriptAssemblies\UnityEngine.SpatialTracking.dll
Symbol file LoadedFromMemory is not a mono symbol file
Symbol file data-00000203C41AAF50 doesn't match image C:\Users\rui02\unity_project\IVRC\IVRC\Library\ScriptAssemblies\UnityEngine.UI.dll
Symbol file LoadedFromMemory is not a mono symbol file
Symbol file data-000002039D3E3250 doesn't match image C:\Users\rui02\unity_project\IVRC\IVRC\Library\ScriptAssemblies\VRMShaders.GLTF.IO.Tests.dll
Symbol file LoadedFromMemory is not a mono symbol file
Symbol file data-00000203A1FB8010 doesn't match image C:\Users\rui02\unity_project\IVRC\IVRC\Library\ScriptAssemblies\UnityEditor.XR.LegacyInputHelpers.dll
Symbol file LoadedFromMemory is not a mono symbol file
Symbol file data-00000203EA7C7120 doesn't match image C:\Users\rui02\unity_project\IVRC\IVRC\Library\ScriptAssemblies\SteamVR_Editor.dll
Symbol file LoadedFromMemory is not a mono symbol file
Symbol file data-00000203EA6FD4A0 doesn't match image C:\Users\rui02\unity_project\IVRC\IVRC\Library\ScriptAssemblies\Unity.VisualScripting.Flow.Editor.dll
Symbol file LoadedFromMemory is not a mono symbol file
Symbol file data-00000203C3CA5EF0 doesn't match image C:\Users\rui02\unity_project\IVRC\IVRC\Library\ScriptAssemblies\Unity.RenderPipeline.Universal.ShaderLibrary.dll
Symbol file LoadedFromMemory is not a mono symbol file
Symbol file data-0000020398BEF010 doesn't match image C:\Users\rui02\unity_project\IVRC\IVRC\Library\ScriptAssemblies\Unity.Timeline.dll
Symbol file LoadedFromMemory is not a mono symbol file
Symbol file data-00000203A09EA030 doesn't match image C:\Users\rui02\unity_project\IVRC\IVRC\Library\ScriptAssemblies\Unity.XR.OpenVR.Editor.dll
Symbol file LoadedFromMemory is not a mono symbol file
Symbol file data-00000203ED719E40 doesn't match image C:\Users\rui02\unity_project\IVRC\IVRC\Library\ScriptAssemblies\VRMShaders.VRM10.MToon10.Runtime.dll
Symbol file LoadedFromMemory is not a mono symbol file
Symbol file data-00000203E6EE0010 doesn't match image C:\Users\rui02\unity_project\IVRC\IVRC\Library\ScriptAssemblies\Unity.VisualScripting.SettingsProvider.Editor.dll
Symbol file LoadedFromMemory is not a mono symbol file
Symbol file data-000002039D2EE5F0 doesn't match image C:\Users\rui02\unity_project\IVRC\IVRC\Library\ScriptAssemblies\Unity.TestTools.CodeCoverage.Editor.OpenCover.Model.dll
Symbol file LoadedFromMemory is not a mono symbol file
Symbol file data-000002038D48F030 doesn't match image C:\Users\rui02\unity_project\IVRC\IVRC\Library\ScriptAssemblies\VRMShaders.GLTF.IO.Editor.dll
Symbol file LoadedFromMemory is not a mono symbol file
Symbol file data-00000203E44A7AE0 doesn't match image C:\Users\rui02\unity_project\IVRC\IVRC\Library\ScriptAssemblies\UnityEngine.TestRunner.dll
Symbol file LoadedFromMemory is not a mono symbol file
Symbol file data-00000203A0EFF050 doesn't match image C:\Users\rui02\unity_project\IVRC\IVRC\Library\ScriptAssemblies\Unity.VisualScripting.State.Editor.dll
Symbol file LoadedFromMemory is not a mono symbol file
Symbol file data-00000203EA2DA010 doesn't match image C:\Users\rui02\unity_project\IVRC\IVRC\Library\ScriptAssemblies\Unity.Mathematics.dll
Symbol file LoadedFromMemory is not a mono symbol file
Symbol file data-00000203A205B330 doesn't match image C:\Users\rui02\unity_project\IVRC\IVRC\Library\ScriptAssemblies\Unity.RenderPipelines.Universal.Shaders.dll
Symbol file LoadedFromMemory is not a mono symbol file
Symbol file data-0000020398BEF010 doesn't match image C:\Users\rui02\unity_project\IVRC\IVRC\Library\ScriptAssemblies\Unity.TextMeshPro.Editor.dll
Symbol file LoadedFromMemory is not a mono symbol file
Symbol file data-00000203C4217010 doesn't match image C:\Users\rui02\unity_project\IVRC\IVRC\Library\ScriptAssemblies\Unity.Searcher.Editor.dll
Symbol file LoadedFromMemory is not a mono symbol file
Symbol file data-000002040F39B020 doesn't match image C:\Users\rui02\unity_project\IVRC\IVRC\Library\ScriptAssemblies\Unity.VisualScripting.State.dll
Symbol file LoadedFromMemory is not a mono symbol file
Symbol file data-00000203C39DC860 doesn't match image C:\Users\rui02\unity_project\IVRC\IVRC\Library\ScriptAssemblies\Unity.ShaderGraph.Utilities.dll
Symbol file LoadedFromMemory is not a mono symbol file
Symbol file data-00000203EDAB56C0 doesn't match image C:\Users\rui02\unity_project\IVRC\IVRC\Library\ScriptAssemblies\Unity.RenderPipelines.HighDefinition.Runtime.dll
Symbol file LoadedFromMemory is not a mono symbol file
Symbol file data-00000203EA7C7120 doesn't match image C:\Users\rui02\unity_project\IVRC\IVRC\Library\ScriptAssemblies\VRM.Tests.dll
Symbol file LoadedFromMemory is not a mono symbol file
- Loaded All Assemblies, in  0.497 seconds
Refreshing native plugins compatible for Editor in 5.10 ms, found 6 plugins.
Native extension for WindowsStandalone target not found
Native extension for WebGL target not found
[Package Manager] Server::EnsureServerProcessIsRunning -- launch failed, reason: Unity was launched with the -noUpm command-line argument
[Package Manager] UpmClient::Send -- Unable to send message (not connected to UPM process).
[Package Manager] Cannot connect to Unity Package Manager local server
[Package Manager] Server::EnsureServerProcessIsRunning -- launch failed, reason: Unity was launched with the -noUpm command-line argument
[Package Manager] UpmClient::Send -- Unable to send message (not connected to UPM process).
[Package Manager] Cannot connect to Unity Package Manager local server
Mono: successfully reloaded assembly
[Package Manager] Server::EnsureServerProcessIsRunning -- launch failed, reason: Unity was launched with the -noUpm command-line argument
[Package Manager] UpmClient::Send -- Unable to send message (not connected to UPM process).
[Package Manager] Cannot connect to Unity Package Manager local server
- Finished resetting the current domain, in  1.294 seconds
Domain Reload Profiling: 1789ms
	BeginReloadAssembly (146ms)
		ExecutionOrderSort (0ms)
		DisableScriptedObjects (4ms)
		BackupInstance (0ms)
		ReleaseScriptingObjects (0ms)
		CreateAndSetChildDomain (38ms)
	RebuildCommonClasses (31ms)
	RebuildNativeTypeToScriptingClass (11ms)
	initialDomainReloadingComplete (25ms)
	LoadAllAssembliesAndSetupDomain (281ms)
		LoadAssemblies (326ms)
		RebuildTransferFunctionScriptingTraits (0ms)
		AnalyzeDomain (30ms)
			TypeCache.Refresh (8ms)
				TypeCache.ScanAssembly (0ms)
			ScanForSourceGeneratedMonoScriptInfo (0ms)
			ResolveRequiredComponents (20ms)
	FinalizeReload (1295ms)
		ReleaseScriptCaches (0ms)
		RebuildScriptCaches (0ms)
		SetupLoadedEditorAssemblies (525ms)
			LogAssemblyErrors (0ms)
			InitializePlatformSupportModulesInManaged (6ms)
			SetLoadedEditorAssemblies (5ms)
			RefreshPlugins (0ms)
			BeforeProcessingInitializeOnLoad (90ms)
			ProcessInitializeOnLoadAttributes (395ms)
			ProcessInitializeOnLoadMethodAttributes (24ms)
			AfterProcessingInitializeOnLoad (4ms)
			EditorAssembliesLoaded (0ms)
		ExecutionOrderSort2 (0ms)
		AwakeInstancesAfterBackupRestoration (5ms)
Refreshing native plugins compatible for Editor in 4.94 ms, found 6 plugins.
Preloading 0 native plugins for Editor in 0.00 ms.
Unloading 7879 Unused Serialized files (Serialized files now loaded: 0)
Unloading 212 unused Assets / (15.5 MB). Loaded Objects now: 8875.
Memory consumption went from 307.6 MB to 292.1 MB.
Total: 6.719300 ms (FindLiveObjects: 0.569700 ms CreateObjectMapping: 0.721500 ms MarkObjects: 2.698000 ms  DeleteObjects: 2.728900 ms)

Prepare: number of updated asset objects reloaded= 0
AssetImportParameters requested are different than current active one (requested -> active):
  custom:container-demuxer-ogg: 62fdf1f143b41e24485cea50d1cbac27 -> 
  custom:framework-win-MediaFoundation: 216162199b28c13a410421893ffa2e32 -> 
  custom:container-muxer-webm: aa71ff27fc2769a1b78a27578f13a17b -> 
  custom:video-decoder-webm-vp8: 9c59270c3fd7afecdb556c50c9e8de78 -> 
  custom:SearchIndexIgnoredProperties: e643bd26f0fe6173181afceb89e7c659 -> 
  custom:AudioImporter_EditorPlatform: d09bf68614088b80899f8185d706f6e7 -> 
  custom:audio-decoder-ogg-vorbis: bf7c407c2cedff20999df2af8eb42d56 -> 
  custom:audio-encoder-webm-vorbis: bf7c407c2cedff20999df2af8eb42d56 -> 
  custom:video-codec-MediaFoundation-h265: 746d11721c4dcdbdad8f713fa42b33f4 -> 
  custom:video-decoder-ogg-theora: a1e56fd34408186e4bbccfd4996cb3dc -> 
  custom:CustomObjectIndexerAttribute: a3ef5dd2817f97addfee359851a9dba5 -> 
  custom:container-demuxer-webm: 4f35f7cbe854078d1ac9338744f61a02 -> 
  custom:video-encoder-webm-vp8: eb34c28f22e8b96e1ab97ce403110664 -> 
