{"cameraMode":{"drawMode":0,"name":"Shaded","section":"Shading Mode"},"sceneLighting":false,"audioPlay":false,"sceneViewState":{"m_AlwaysRefresh":false,"showFog":true,"showSkybox":false,"showFlares":true,"showImageEffects":true,"showParticleSystems":true,"showVisualEffectGraphs":true,"m_FxEnabled":true},"in2DMode":false,"pivot":{"x":-1.771984577178955,"y":6.457896709442139,"z":12.684782981872559},"rotation":{"x":0.13527341187000276,"y":-0.12745729088783265,"z":0.017509909346699716,"w":0.9825624823570252},"size":9.573230743408204,"orthographic":false}